bt_label	bt_object_id	n_patterns	sources	human	gut	reason
EAWAG_RULE_BT0001	bt:EAWAG_RULE_BT0001	1	envmicro	0	0	opaque EnviPath rule id without chemist common_name; deferred (out of BT↔XMET curation scope for now)
EAWAG_RULE_BT0002	bt:EAWAG_RULE_BT0002	1	envmicro	0	0	opaque EnviPath rule id without chemist common_name; deferred (out of BT↔XMET curation scope for now)
EAWAG_RULE_BT0003	bt:EAWAG_RULE_BT0003	1	envmicro	0	0	opaque EnviPath rule id without chemist common_name; deferred (out of BT↔XMET curation scope for now)
EAWAG_RULE_BT0005_PATTERN1	bt:EAWAG_RULE_BT0005	1	envmicro	0	0	opaque EnviPath rule id without chemist common_name; deferred (out of BT↔XMET curation scope for now)
EAWAG_RULE_BT0005_PATTERN2	bt:EAWAG_RULE_BT0005	1	envmicro	0	0	opaque EnviPath rule id without chemist common_name; deferred (out of BT↔XMET curation scope for now)
EAWAG_RULE_BT0005_PATTERN3	bt:EAWAG_RULE_BT0005	1	envmicro	0	0	opaque EnviPath rule id without chemist common_name; deferred (out of BT↔XMET curation scope for now)
EAWAG_RULE_BT0008	bt:EAWAG_RULE_BT0008	1	envmicro	0	0	opaque EnviPath rule id without chemist common_name; deferred (out of BT↔XMET curation scope for now)
EAWAG_RULE_BT0011	bt:EAWAG_RULE_BT0011	1	envmicro	0	0	opaque EnviPath rule id without chemist common_name; deferred (out of BT↔XMET curation scope for now)
EAWAG_RULE_BT0012	bt:EAWAG_RULE_BT0012	1	envmicro	0	0	opaque EnviPath rule id without chemist common_name; deferred (out of BT↔XMET curation scope for now)
EAWAG_RULE_BT0013	bt:EAWAG_RULE_BT0013	1	envmicro	0	0	opaque EnviPath rule id without chemist common_name; deferred (out of BT↔XMET curation scope for now)
EAWAG_RULE_BT0014	bt:EAWAG_RULE_BT0014	1	envmicro	0	0	opaque EnviPath rule id without chemist common_name; deferred (out of BT↔XMET curation scope for now)
EAWAG_RULE_BT0020	bt:EAWAG_RULE_BT0020	1	envmicro	0	0	opaque EnviPath rule id without chemist common_name; deferred (out of BT↔XMET curation scope for now)
EAWAG_RULE_BT0021_PATTERN1	bt:EAWAG_RULE_BT0021	1	envmicro	0	0	opaque EnviPath rule id without chemist common_name; deferred (out of BT↔XMET curation scope for now)
EAWAG_RULE_BT0021_PATTERN2	bt:EAWAG_RULE_BT0021	1	envmicro	0	0	opaque EnviPath rule id without chemist common_name; deferred (out of BT↔XMET curation scope for now)
EAWAG_RULE_BT0022_PATTERN1	bt:EAWAG_RULE_BT0022	1	envmicro	0	0	opaque EnviPath rule id without chemist common_name; deferred (out of BT↔XMET curation scope for now)
EAWAG_RULE_BT0022_PATTERN2	bt:EAWAG_RULE_BT0022	1	envmicro	0	0	opaque EnviPath rule id without chemist common_name; deferred (out of BT↔XMET curation scope for now)
EAWAG_RULE_BT0023_PATTERN1	bt:EAWAG_RULE_BT0023	1	envmicro	0	0	opaque EnviPath rule id without chemist common_name; deferred (out of BT↔XMET curation scope for now)
EAWAG_RULE_BT0023_PATTERN2	bt:EAWAG_RULE_BT0023	1	envmicro	0	0	opaque EnviPath rule id without chemist common_name; deferred (out of BT↔XMET curation scope for now)
EAWAG_RULE_BT0024_PATTERN1	bt:EAWAG_RULE_BT0024	1	envmicro	0	0	opaque EnviPath rule id without chemist common_name; deferred (out of BT↔XMET curation scope for now)
EAWAG_RULE_BT0024_PATTERN2	bt:EAWAG_RULE_BT0024	1	envmicro	0	0	opaque EnviPath rule id without chemist common_name; deferred (out of BT↔XMET curation scope for now)
EAWAG_RULE_BT0026	bt:EAWAG_RULE_BT0026	1	envmicro	0	0	opaque EnviPath rule id without chemist common_name; deferred (out of BT↔XMET curation scope for now)
EAWAG_RULE_BT0027	bt:EAWAG_RULE_BT0027	1	envmicro	0	0	opaque EnviPath rule id without chemist common_name; deferred (out of BT↔XMET curation scope for now)
EAWAG_RULE_BT0028	bt:EAWAG_RULE_BT0028	1	envmicro	0	0	opaque EnviPath rule id without chemist common_name; deferred (out of BT↔XMET curation scope for now)
EAWAG_RULE_BT0029	bt:EAWAG_RULE_BT0029	1	envmicro	0	0	opaque EnviPath rule id without chemist common_name; deferred (out of BT↔XMET curation scope for now)
EAWAG_RULE_BT0030	bt:EAWAG_RULE_BT0030	1	envmicro	0	0	opaque EnviPath rule id without chemist common_name; deferred (out of BT↔XMET curation scope for now)
EAWAG_RULE_BT0031	bt:EAWAG_RULE_BT0031	1	envmicro	0	0	opaque EnviPath rule id without chemist common_name; deferred (out of BT↔XMET curation scope for now)
EAWAG_RULE_BT0033	bt:EAWAG_RULE_BT0033	1	envmicro	0	0	opaque EnviPath rule id without chemist common_name; deferred (out of BT↔XMET curation scope for now)
EAWAG_RULE_BT0034_PATTERN1	bt:EAWAG_RULE_BT0034	1	envmicro	0	0	opaque EnviPath rule id without chemist common_name; deferred (out of BT↔XMET curation scope for now)
EAWAG_RULE_BT0034_PATTERN2	bt:EAWAG_RULE_BT0034	1	envmicro	0	0	opaque EnviPath rule id without chemist common_name; deferred (out of BT↔XMET curation scope for now)
EAWAG_RULE_BT0036	bt:EAWAG_RULE_BT0036	1	envmicro	0	0	opaque EnviPath rule id without chemist common_name; deferred (out of BT↔XMET curation scope for now)
EAWAG_RULE_BT0037_PATTERN1	bt:EAWAG_RULE_BT0037	1	envmicro	0	0	opaque EnviPath rule id without chemist common_name; deferred (out of BT↔XMET curation scope for now)
EAWAG_RULE_BT0037_PATTERN2	bt:EAWAG_RULE_BT0037	1	envmicro	0	0	opaque EnviPath rule id without chemist common_name; deferred (out of BT↔XMET curation scope for now)
EAWAG_RULE_BT0040	bt:EAWAG_RULE_BT0040	1	envmicro	0	0	opaque EnviPath rule id without chemist common_name; deferred (out of BT↔XMET curation scope for now)
EAWAG_RULE_BT0041	bt:EAWAG_RULE_BT0041	1	envmicro	0	0	opaque EnviPath rule id without chemist common_name; deferred (out of BT↔XMET curation scope for now)
EAWAG_RULE_BT0042	bt:EAWAG_RULE_BT0042	1	envmicro	0	0	opaque EnviPath rule id without chemist common_name; deferred (out of BT↔XMET curation scope for now)
EAWAG_RULE_BT0044	bt:EAWAG_RULE_BT0044	1	envmicro	0	0	opaque EnviPath rule id without chemist common_name; deferred (out of BT↔XMET curation scope for now)
EAWAG_RULE_BT0045	bt:EAWAG_RULE_BT0045	1	envmicro	0	0	opaque EnviPath rule id without chemist common_name; deferred (out of BT↔XMET curation scope for now)
EAWAG_RULE_BT0049	bt:EAWAG_RULE_BT0049	1	envmicro	0	0	opaque EnviPath rule id without chemist common_name; deferred (out of BT↔XMET curation scope for now)
EAWAG_RULE_BT0050	bt:EAWAG_RULE_BT0050	1	envmicro	0	0	opaque EnviPath rule id without chemist common_name; deferred (out of BT↔XMET curation scope for now)
EAWAG_RULE_BT0051_PATTERN1	bt:EAWAG_RULE_BT0051	1	envmicro	0	0	opaque EnviPath rule id without chemist common_name; deferred (out of BT↔XMET curation scope for now)
EAWAG_RULE_BT0051_PATTERN2	bt:EAWAG_RULE_BT0051	1	envmicro	0	0	opaque EnviPath rule id without chemist common_name; deferred (out of BT↔XMET curation scope for now)
EAWAG_RULE_BT0051_PATTERN3	bt:EAWAG_RULE_BT0051	1	envmicro	0	0	opaque EnviPath rule id without chemist common_name; deferred (out of BT↔XMET curation scope for now)
EAWAG_RULE_BT0051_PATTERN4	bt:EAWAG_RULE_BT0051	1	envmicro	0	0	opaque EnviPath rule id without chemist common_name; deferred (out of BT↔XMET curation scope for now)
EAWAG_RULE_BT0055_PATTERN1	bt:EAWAG_RULE_BT0055	1	envmicro	0	0	opaque EnviPath rule id without chemist common_name; deferred (out of BT↔XMET curation scope for now)
EAWAG_RULE_BT0055_PATTERN2	bt:EAWAG_RULE_BT0055	1	envmicro	0	0	opaque EnviPath rule id without chemist common_name; deferred (out of BT↔XMET curation scope for now)
EAWAG_RULE_BT0056	bt:EAWAG_RULE_BT0056	1	envmicro	0	0	opaque EnviPath rule id without chemist common_name; deferred (out of BT↔XMET curation scope for now)
EAWAG_RULE_BT0058	bt:EAWAG_RULE_BT0058	1	envmicro	0	0	opaque EnviPath rule id without chemist common_name; deferred (out of BT↔XMET curation scope for now)
EAWAG_RULE_BT0060	bt:EAWAG_RULE_BT0060	1	envmicro	0	0	opaque EnviPath rule id without chemist common_name; deferred (out of BT↔XMET curation scope for now)
EAWAG_RULE_BT0061	bt:EAWAG_RULE_BT0061	1	envmicro	0	0	opaque EnviPath rule id without chemist common_name; deferred (out of BT↔XMET curation scope for now)
EAWAG_RULE_BT0062	bt:EAWAG_RULE_BT0062	1	envmicro	0	0	opaque EnviPath rule id without chemist common_name; deferred (out of BT↔XMET curation scope for now)
EAWAG_RULE_BT0063_PATTERN1	bt:EAWAG_RULE_BT0063	1	envmicro	0	0	opaque EnviPath rule id without chemist common_name; deferred (out of BT↔XMET curation scope for now)
EAWAG_RULE_BT0063_PATTERN2	bt:EAWAG_RULE_BT0063	1	envmicro	0	0	opaque EnviPath rule id without chemist common_name; deferred (out of BT↔XMET curation scope for now)
EAWAG_RULE_BT0064	bt:EAWAG_RULE_BT0064	1	envmicro	0	0	opaque EnviPath rule id without chemist common_name; deferred (out of BT↔XMET curation scope for now)
EAWAG_RULE_BT0065_PATTERN1	bt:EAWAG_RULE_BT0065	1	envmicro	0	0	opaque EnviPath rule id without chemist common_name; deferred (out of BT↔XMET curation scope for now)
EAWAG_RULE_BT0065_PATTERN2	bt:EAWAG_RULE_BT0065	1	envmicro	0	0	opaque EnviPath rule id without chemist common_name; deferred (out of BT↔XMET curation scope for now)
EAWAG_RULE_BT0066_PATTERN1	bt:EAWAG_RULE_BT0066	1	envmicro	0	0	opaque EnviPath rule id without chemist common_name; deferred (out of BT↔XMET curation scope for now)
EAWAG_RULE_BT0066_PATTERN2	bt:EAWAG_RULE_BT0066	1	envmicro	0	0	opaque EnviPath rule id without chemist common_name; deferred (out of BT↔XMET curation scope for now)
EAWAG_RULE_BT0067_PATTERN1	bt:EAWAG_RULE_BT0067	1	envmicro	0	0	opaque EnviPath rule id without chemist common_name; deferred (out of BT↔XMET curation scope for now)
EAWAG_RULE_BT0067_PATTERN2	bt:EAWAG_RULE_BT0067	1	envmicro	0	0	opaque EnviPath rule id without chemist common_name; deferred (out of BT↔XMET curation scope for now)
EAWAG_RULE_BT0068	bt:EAWAG_RULE_BT0068	1	envmicro	0	0	opaque EnviPath rule id without chemist common_name; deferred (out of BT↔XMET curation scope for now)
EAWAG_RULE_BT0069	bt:EAWAG_RULE_BT0069	1	envmicro	0	0	opaque EnviPath rule id without chemist common_name; deferred (out of BT↔XMET curation scope for now)
EAWAG_RULE_BT0070	bt:EAWAG_RULE_BT0070	1	envmicro	0	0	opaque EnviPath rule id without chemist common_name; deferred (out of BT↔XMET curation scope for now)
EAWAG_RULE_BT0071	bt:EAWAG_RULE_BT0071	1	envmicro	0	0	opaque EnviPath rule id without chemist common_name; deferred (out of BT↔XMET curation scope for now)
EAWAG_RULE_BT0072	bt:EAWAG_RULE_BT0072	1	envmicro	0	0	opaque EnviPath rule id without chemist common_name; deferred (out of BT↔XMET curation scope for now)
EAWAG_RULE_BT0073	bt:EAWAG_RULE_BT0073	1	envmicro	0	0	opaque EnviPath rule id without chemist common_name; deferred (out of BT↔XMET curation scope for now)
EAWAG_RULE_BT0077	bt:EAWAG_RULE_BT0077	1	envmicro	0	0	opaque EnviPath rule id without chemist common_name; deferred (out of BT↔XMET curation scope for now)
EAWAG_RULE_BT0078	bt:EAWAG_RULE_BT0078	1	envmicro	0	0	opaque EnviPath rule id without chemist common_name; deferred (out of BT↔XMET curation scope for now)
EAWAG_RULE_BT0079	bt:EAWAG_RULE_BT0079	1	envmicro	0	0	opaque EnviPath rule id without chemist common_name; deferred (out of BT↔XMET curation scope for now)
EAWAG_RULE_BT0080	bt:EAWAG_RULE_BT0080	1	envmicro	0	0	opaque EnviPath rule id without chemist common_name; deferred (out of BT↔XMET curation scope for now)
EAWAG_RULE_BT0082	bt:EAWAG_RULE_BT0082	1	envmicro	0	0	opaque EnviPath rule id without chemist common_name; deferred (out of BT↔XMET curation scope for now)
EAWAG_RULE_BT0086_PATTERN1	bt:EAWAG_RULE_BT0086	1	envmicro	0	0	opaque EnviPath rule id without chemist common_name; deferred (out of BT↔XMET curation scope for now)
EAWAG_RULE_BT0086_PATTERN2	bt:EAWAG_RULE_BT0086	1	envmicro	0	0	opaque EnviPath rule id without chemist common_name; deferred (out of BT↔XMET curation scope for now)
EAWAG_RULE_BT0102	bt:EAWAG_RULE_BT0102	1	envmicro	0	0	opaque EnviPath rule id without chemist common_name; deferred (out of BT↔XMET curation scope for now)
EAWAG_RULE_BT0103_PATTERN1	bt:EAWAG_RULE_BT0103	1	envmicro	0	0	opaque EnviPath rule id without chemist common_name; deferred (out of BT↔XMET curation scope for now)
EAWAG_RULE_BT0103_PATTERN2	bt:EAWAG_RULE_BT0103	1	envmicro	0	0	opaque EnviPath rule id without chemist common_name; deferred (out of BT↔XMET curation scope for now)
EAWAG_RULE_BT0104_PATTERN1	bt:EAWAG_RULE_BT0104	1	envmicro	0	0	opaque EnviPath rule id without chemist common_name; deferred (out of BT↔XMET curation scope for now)
EAWAG_RULE_BT0104_PATTERN2	bt:EAWAG_RULE_BT0104	1	envmicro	0	0	opaque EnviPath rule id without chemist common_name; deferred (out of BT↔XMET curation scope for now)
EAWAG_RULE_BT0105	bt:EAWAG_RULE_BT0105	1	envmicro	0	0	opaque EnviPath rule id without chemist common_name; deferred (out of BT↔XMET curation scope for now)
EAWAG_RULE_BT0107	bt:EAWAG_RULE_BT0107	1	envmicro	0	0	opaque EnviPath rule id without chemist common_name; deferred (out of BT↔XMET curation scope for now)
EAWAG_RULE_BT0108	bt:EAWAG_RULE_BT0108	1	envmicro	0	0	opaque EnviPath rule id without chemist common_name; deferred (out of BT↔XMET curation scope for now)
EAWAG_RULE_BT0110	bt:EAWAG_RULE_BT0110	1	envmicro	0	0	opaque EnviPath rule id without chemist common_name; deferred (out of BT↔XMET curation scope for now)
EAWAG_RULE_BT0124	bt:EAWAG_RULE_BT0124	1	envmicro	0	0	opaque EnviPath rule id without chemist common_name; deferred (out of BT↔XMET curation scope for now)
EAWAG_RULE_BT0128	bt:EAWAG_RULE_BT0128	1	envmicro	0	0	opaque EnviPath rule id without chemist common_name; deferred (out of BT↔XMET curation scope for now)
EAWAG_RULE_BT0143	bt:EAWAG_RULE_BT0143	1	envmicro	0	0	opaque EnviPath rule id without chemist common_name; deferred (out of BT↔XMET curation scope for now)
EAWAG_RULE_BT0144	bt:EAWAG_RULE_BT0144	1	envmicro	0	0	opaque EnviPath rule id without chemist common_name; deferred (out of BT↔XMET curation scope for now)
EAWAG_RULE_BT0146_PATTERN1_A	bt:EAWAG_RULE_BT0146_PATTERN1_A	1	envmicro	0	0	opaque EnviPath rule id without chemist common_name; deferred (out of BT↔XMET curation scope for now)
EAWAG_RULE_BT0146_PATTERN1_B	bt:EAWAG_RULE_BT0146_PATTERN1_B	1	envmicro	0	0	opaque EnviPath rule id without chemist common_name; deferred (out of BT↔XMET curation scope for now)
EAWAG_RULE_BT0146_PATTERN1_C	bt:EAWAG_RULE_BT0146_PATTERN1_C	1	envmicro	0	0	opaque EnviPath rule id without chemist common_name; deferred (out of BT↔XMET curation scope for now)
EAWAG_RULE_BT0146_PATTERN2	bt:EAWAG_RULE_BT0146	1	envmicro	0	0	opaque EnviPath rule id without chemist common_name; deferred (out of BT↔XMET curation scope for now)
EAWAG_RULE_BT0147	bt:EAWAG_RULE_BT0147	1	envmicro	0	0	opaque EnviPath rule id without chemist common_name; deferred (out of BT↔XMET curation scope for now)
EAWAG_RULE_BT0149_PATTERN1	bt:EAWAG_RULE_BT0149	1	envmicro	0	0	opaque EnviPath rule id without chemist common_name; deferred (out of BT↔XMET curation scope for now)
EAWAG_RULE_BT0153_PATTERN1	bt:EAWAG_RULE_BT0153	1	envmicro	0	0	opaque EnviPath rule id without chemist common_name; deferred (out of BT↔XMET curation scope for now)
EAWAG_RULE_BT0153_PATTERN2	bt:EAWAG_RULE_BT0153	1	envmicro	0	0	opaque EnviPath rule id without chemist common_name; deferred (out of BT↔XMET curation scope for now)
EAWAG_RULE_BT0154	bt:EAWAG_RULE_BT0154	1	envmicro	0	0	opaque EnviPath rule id without chemist common_name; deferred (out of BT↔XMET curation scope for now)
EAWAG_RULE_BT0156_PATTERN1	bt:EAWAG_RULE_BT0156	1	envmicro	0	0	opaque EnviPath rule id without chemist common_name; deferred (out of BT↔XMET curation scope for now)
EAWAG_RULE_BT0156_PATTERN2	bt:EAWAG_RULE_BT0156	1	envmicro	0	0	opaque EnviPath rule id without chemist common_name; deferred (out of BT↔XMET curation scope for now)
EAWAG_RULE_BT0156_PATTERN3	bt:EAWAG_RULE_BT0156	1	envmicro	0	0	opaque EnviPath rule id without chemist common_name; deferred (out of BT↔XMET curation scope for now)
EAWAG_RULE_BT0158_PATTERN1	bt:EAWAG_RULE_BT0158	1	envmicro	0	0	opaque EnviPath rule id without chemist common_name; deferred (out of BT↔XMET curation scope for now)
EAWAG_RULE_BT0158_PATTERN2	bt:EAWAG_RULE_BT0158	1	envmicro	0	0	opaque EnviPath rule id without chemist common_name; deferred (out of BT↔XMET curation scope for now)
EAWAG_RULE_BT0162	bt:EAWAG_RULE_BT0162	1	envmicro	0	0	opaque EnviPath rule id without chemist common_name; deferred (out of BT↔XMET curation scope for now)
EAWAG_RULE_BT0166_PATTERN1	bt:EAWAG_RULE_BT0166	1	envmicro	0	0	opaque EnviPath rule id without chemist common_name; deferred (out of BT↔XMET curation scope for now)
EAWAG_RULE_BT0166_PATTERN2	bt:EAWAG_RULE_BT0166	1	envmicro	0	0	opaque EnviPath rule id without chemist common_name; deferred (out of BT↔XMET curation scope for now)
EAWAG_RULE_BT0173	bt:EAWAG_RULE_BT0173	1	envmicro	0	0	opaque EnviPath rule id without chemist common_name; deferred (out of BT↔XMET curation scope for now)
EAWAG_RULE_BT0174	bt:EAWAG_RULE_BT0174	1	envmicro	0	0	opaque EnviPath rule id without chemist common_name; deferred (out of BT↔XMET curation scope for now)
EAWAG_RULE_BT0177	bt:EAWAG_RULE_BT0177	1	envmicro	0	0	opaque EnviPath rule id without chemist common_name; deferred (out of BT↔XMET curation scope for now)
EAWAG_RULE_BT0180	bt:EAWAG_RULE_BT0180	1	envmicro	0	0	opaque EnviPath rule id without chemist common_name; deferred (out of BT↔XMET curation scope for now)
EAWAG_RULE_BT0184_PATTERN1	bt:EAWAG_RULE_BT0184	1	envmicro	0	0	opaque EnviPath rule id without chemist common_name; deferred (out of BT↔XMET curation scope for now)
EAWAG_RULE_BT0184_PATTERN2	bt:EAWAG_RULE_BT0184	1	envmicro	0	0	opaque EnviPath rule id without chemist common_name; deferred (out of BT↔XMET curation scope for now)
EAWAG_RULE_BT0188	bt:EAWAG_RULE_BT0188	1	envmicro	0	0	opaque EnviPath rule id without chemist common_name; deferred (out of BT↔XMET curation scope for now)
EAWAG_RULE_BT0189	bt:EAWAG_RULE_BT0189	1	envmicro	0	0	opaque EnviPath rule id without chemist common_name; deferred (out of BT↔XMET curation scope for now)
EAWAG_RULE_BT0190	bt:EAWAG_RULE_BT0190	1	envmicro	0	0	opaque EnviPath rule id without chemist common_name; deferred (out of BT↔XMET curation scope for now)
EAWAG_RULE_BT0192	bt:EAWAG_RULE_BT0192	1	envmicro	0	0	opaque EnviPath rule id without chemist common_name; deferred (out of BT↔XMET curation scope for now)
EAWAG_RULE_BT0193	bt:EAWAG_RULE_BT0193	1	envmicro	0	0	opaque EnviPath rule id without chemist common_name; deferred (out of BT↔XMET curation scope for now)
EAWAG_RULE_BT0195	bt:EAWAG_RULE_BT0195	1	envmicro	0	0	opaque EnviPath rule id without chemist common_name; deferred (out of BT↔XMET curation scope for now)
EAWAG_RULE_BT0198	bt:EAWAG_RULE_BT0198	1	envmicro	0	0	opaque EnviPath rule id without chemist common_name; deferred (out of BT↔XMET curation scope for now)
EAWAG_RULE_BT0199	bt:EAWAG_RULE_BT0199	1	envmicro	0	0	opaque EnviPath rule id without chemist common_name; deferred (out of BT↔XMET curation scope for now)
EAWAG_RULE_BT0200_PATTERN1	bt:EAWAG_RULE_BT0200	1	envmicro	0	0	opaque EnviPath rule id without chemist common_name; deferred (out of BT↔XMET curation scope for now)
EAWAG_RULE_BT0200_PATTERN2	bt:EAWAG_RULE_BT0200	1	envmicro	0	0	opaque EnviPath rule id without chemist common_name; deferred (out of BT↔XMET curation scope for now)
EAWAG_RULE_BT0202	bt:EAWAG_RULE_BT0202	1	envmicro	0	0	opaque EnviPath rule id without chemist common_name; deferred (out of BT↔XMET curation scope for now)
EAWAG_RULE_BT0206	bt:EAWAG_RULE_BT0206	1	envmicro	0	0	opaque EnviPath rule id without chemist common_name; deferred (out of BT↔XMET curation scope for now)
EAWAG_RULE_BT0208	bt:EAWAG_RULE_BT0208	1	envmicro	0	0	opaque EnviPath rule id without chemist common_name; deferred (out of BT↔XMET curation scope for now)
EAWAG_RULE_BT0209	bt:EAWAG_RULE_BT0209	1	envmicro	0	0	opaque EnviPath rule id without chemist common_name; deferred (out of BT↔XMET curation scope for now)
EAWAG_RULE_BT0210	bt:EAWAG_RULE_BT0210	1	envmicro	0	0	opaque EnviPath rule id without chemist common_name; deferred (out of BT↔XMET curation scope for now)
EAWAG_RULE_BT0214	bt:EAWAG_RULE_BT0214	1	envmicro	0	0	opaque EnviPath rule id without chemist common_name; deferred (out of BT↔XMET curation scope for now)
EAWAG_RULE_BT0218	bt:EAWAG_RULE_BT0218	1	envmicro	0	0	opaque EnviPath rule id without chemist common_name; deferred (out of BT↔XMET curation scope for now)
EAWAG_RULE_BT0219	bt:EAWAG_RULE_BT0219	1	envmicro	0	0	opaque EnviPath rule id without chemist common_name; deferred (out of BT↔XMET curation scope for now)
EAWAG_RULE_BT0225	bt:EAWAG_RULE_BT0225	1	envmicro	0	0	opaque EnviPath rule id without chemist common_name; deferred (out of BT↔XMET curation scope for now)
EAWAG_RULE_BT0226	bt:EAWAG_RULE_BT0226	1	envmicro	0	0	opaque EnviPath rule id without chemist common_name; deferred (out of BT↔XMET curation scope for now)
EAWAG_RULE_BT0227	bt:EAWAG_RULE_BT0227	1	envmicro	0	0	opaque EnviPath rule id without chemist common_name; deferred (out of BT↔XMET curation scope for now)
EAWAG_RULE_BT0231	bt:EAWAG_RULE_BT0231	1	envmicro	0	0	opaque EnviPath rule id without chemist common_name; deferred (out of BT↔XMET curation scope for now)
EAWAG_RULE_BT0234	bt:EAWAG_RULE_BT0234	1	envmicro	0	0	opaque EnviPath rule id without chemist common_name; deferred (out of BT↔XMET curation scope for now)
EAWAG_RULE_BT0237	bt:EAWAG_RULE_BT0237	1	envmicro	0	0	opaque EnviPath rule id without chemist common_name; deferred (out of BT↔XMET curation scope for now)
EAWAG_RULE_BT0241	bt:EAWAG_RULE_BT0241	1	envmicro	0	0	opaque EnviPath rule id without chemist common_name; deferred (out of BT↔XMET curation scope for now)
EAWAG_RULE_BT0242_PATTERN1	bt:EAWAG_RULE_BT0242	1	envmicro	0	0	opaque EnviPath rule id without chemist common_name; deferred (out of BT↔XMET curation scope for now)
EAWAG_RULE_BT0242_PATTERN2	bt:EAWAG_RULE_BT0242	1	envmicro	0	0	opaque EnviPath rule id without chemist common_name; deferred (out of BT↔XMET curation scope for now)
EAWAG_RULE_BT0242_PATTERN3	bt:EAWAG_RULE_BT0242	1	envmicro	0	0	opaque EnviPath rule id without chemist common_name; deferred (out of BT↔XMET curation scope for now)
EAWAG_RULE_BT0243	bt:EAWAG_RULE_BT0243	1	envmicro	0	0	opaque EnviPath rule id without chemist common_name; deferred (out of BT↔XMET curation scope for now)
EAWAG_RULE_BT0254_PATTERN1	bt:EAWAG_RULE_BT0254	1	envmicro	0	0	opaque EnviPath rule id without chemist common_name; deferred (out of BT↔XMET curation scope for now)
EAWAG_RULE_BT0254_PATTERN2	bt:EAWAG_RULE_BT0254	1	envmicro	0	0	opaque EnviPath rule id without chemist common_name; deferred (out of BT↔XMET curation scope for now)
EAWAG_RULE_BT0255_PATTERN1	bt:EAWAG_RULE_BT0255	1	envmicro	0	0	opaque EnviPath rule id without chemist common_name; deferred (out of BT↔XMET curation scope for now)
EAWAG_RULE_BT0255_PATTERN2	bt:EAWAG_RULE_BT0255	1	envmicro	0	0	opaque EnviPath rule id without chemist common_name; deferred (out of BT↔XMET curation scope for now)
EAWAG_RULE_BT0257	bt:EAWAG_RULE_BT0257	1	envmicro	0	0	opaque EnviPath rule id without chemist common_name; deferred (out of BT↔XMET curation scope for now)
EAWAG_RULE_BT0259	bt:EAWAG_RULE_BT0259	1	envmicro	0	0	opaque EnviPath rule id without chemist common_name; deferred (out of BT↔XMET curation scope for now)
EAWAG_RULE_BT0260	bt:EAWAG_RULE_BT0260	1	envmicro	0	0	opaque EnviPath rule id without chemist common_name; deferred (out of BT↔XMET curation scope for now)
EAWAG_RULE_BT0267	bt:EAWAG_RULE_BT0267	1	envmicro	0	0	opaque EnviPath rule id without chemist common_name; deferred (out of BT↔XMET curation scope for now)
EAWAG_RULE_BT0275	bt:EAWAG_RULE_BT0275	1	envmicro	0	0	opaque EnviPath rule id without chemist common_name; deferred (out of BT↔XMET curation scope for now)
EAWAG_RULE_BT0280	bt:EAWAG_RULE_BT0280	1	envmicro	0	0	opaque EnviPath rule id without chemist common_name; deferred (out of BT↔XMET curation scope for now)
EAWAG_RULE_BT0281	bt:EAWAG_RULE_BT0281	1	envmicro	0	0	opaque EnviPath rule id without chemist common_name; deferred (out of BT↔XMET curation scope for now)
EAWAG_RULE_BT0282	bt:EAWAG_RULE_BT0282	1	envmicro	0	0	opaque EnviPath rule id without chemist common_name; deferred (out of BT↔XMET curation scope for now)
EAWAG_RULE_BT0284	bt:EAWAG_RULE_BT0284	1	envmicro	0	0	opaque EnviPath rule id without chemist common_name; deferred (out of BT↔XMET curation scope for now)
EAWAG_RULE_BT0286	bt:EAWAG_RULE_BT0286	1	envmicro	0	0	opaque EnviPath rule id without chemist common_name; deferred (out of BT↔XMET curation scope for now)
EAWAG_RULE_BT0288	bt:EAWAG_RULE_BT0288	1	envmicro	0	0	opaque EnviPath rule id without chemist common_name; deferred (out of BT↔XMET curation scope for now)
EAWAG_RULE_BT0291_PATTERN1	bt:EAWAG_RULE_BT0291	1	envmicro	0	0	opaque EnviPath rule id without chemist common_name; deferred (out of BT↔XMET curation scope for now)
EAWAG_RULE_BT0291_PATTERN2	bt:EAWAG_RULE_BT0291	1	envmicro	0	0	opaque EnviPath rule id without chemist common_name; deferred (out of BT↔XMET curation scope for now)
EAWAG_RULE_BT0295_PATTERN1	bt:EAWAG_RULE_BT0295	1	envmicro	0	0	opaque EnviPath rule id without chemist common_name; deferred (out of BT↔XMET curation scope for now)
EAWAG_RULE_BT0295_PATTERN2	bt:EAWAG_RULE_BT0295	1	envmicro	0	0	opaque EnviPath rule id without chemist common_name; deferred (out of BT↔XMET curation scope for now)
EAWAG_RULE_BT0297	bt:EAWAG_RULE_BT0297	1	envmicro	0	0	opaque EnviPath rule id without chemist common_name; deferred (out of BT↔XMET curation scope for now)
EAWAG_RULE_BT0298	bt:EAWAG_RULE_BT0298	1	envmicro	0	0	opaque EnviPath rule id without chemist common_name; deferred (out of BT↔XMET curation scope for now)
EAWAG_RULE_BT0304	bt:EAWAG_RULE_BT0304	1	envmicro	0	0	opaque EnviPath rule id without chemist common_name; deferred (out of BT↔XMET curation scope for now)
EAWAG_RULE_BT0305	bt:EAWAG_RULE_BT0305	1	envmicro	0	0	opaque EnviPath rule id without chemist common_name; deferred (out of BT↔XMET curation scope for now)
EAWAG_RULE_BT0306	bt:EAWAG_RULE_BT0306	1	envmicro	0	0	opaque EnviPath rule id without chemist common_name; deferred (out of BT↔XMET curation scope for now)
EAWAG_RULE_BT0311	bt:EAWAG_RULE_BT0311	1	envmicro	0	0	opaque EnviPath rule id without chemist common_name; deferred (out of BT↔XMET curation scope for now)
EAWAG_RULE_BT0313	bt:EAWAG_RULE_BT0313	1	envmicro	0	0	opaque EnviPath rule id without chemist common_name; deferred (out of BT↔XMET curation scope for now)
EAWAG_RULE_BT0316	bt:EAWAG_RULE_BT0316	1	envmicro	0	0	opaque EnviPath rule id without chemist common_name; deferred (out of BT↔XMET curation scope for now)
EAWAG_RULE_BT0318_PATTERN1	bt:EAWAG_RULE_BT0318	1	envmicro	0	0	opaque EnviPath rule id without chemist common_name; deferred (out of BT↔XMET curation scope for now)
EAWAG_RULE_BT0318_PATTERN2	bt:EAWAG_RULE_BT0318	1	envmicro	0	0	opaque EnviPath rule id without chemist common_name; deferred (out of BT↔XMET curation scope for now)
EAWAG_RULE_BT0320	bt:EAWAG_RULE_BT0320	1	envmicro	0	0	opaque EnviPath rule id without chemist common_name; deferred (out of BT↔XMET curation scope for now)
EAWAG_RULE_BT0322	bt:EAWAG_RULE_BT0322	1	envmicro	0	0	opaque EnviPath rule id without chemist common_name; deferred (out of BT↔XMET curation scope for now)
EAWAG_RULE_BT0323	bt:EAWAG_RULE_BT0323	1	envmicro	0	0	opaque EnviPath rule id without chemist common_name; deferred (out of BT↔XMET curation scope for now)
EAWAG_RULE_BT0325	bt:EAWAG_RULE_BT0325	1	envmicro	0	0	opaque EnviPath rule id without chemist common_name; deferred (out of BT↔XMET curation scope for now)
EAWAG_RULE_BT0327	bt:EAWAG_RULE_BT0327	1	envmicro	0	0	opaque EnviPath rule id without chemist common_name; deferred (out of BT↔XMET curation scope for now)
EAWAG_RULE_BT0330_PATTERN1	bt:EAWAG_RULE_BT0330	1	envmicro	0	0	opaque EnviPath rule id without chemist common_name; deferred (out of BT↔XMET curation scope for now)
EAWAG_RULE_BT0330_PATTERN2	bt:EAWAG_RULE_BT0330	1	envmicro	0	0	opaque EnviPath rule id without chemist common_name; deferred (out of BT↔XMET curation scope for now)
EAWAG_RULE_BT0330_PATTERN3	bt:EAWAG_RULE_BT0330	1	envmicro	0	0	opaque EnviPath rule id without chemist common_name; deferred (out of BT↔XMET curation scope for now)
EAWAG_RULE_BT0330_PATTERN4	bt:EAWAG_RULE_BT0330	1	envmicro	0	0	opaque EnviPath rule id without chemist common_name; deferred (out of BT↔XMET curation scope for now)
EAWAG_RULE_BT0330_PATTERN5	bt:EAWAG_RULE_BT0330	1	envmicro	0	0	opaque EnviPath rule id without chemist common_name; deferred (out of BT↔XMET curation scope for now)
EAWAG_RULE_BT0330_PATTERN6	bt:EAWAG_RULE_BT0330	1	envmicro	0	0	opaque EnviPath rule id without chemist common_name; deferred (out of BT↔XMET curation scope for now)
EAWAG_RULE_BT0332	bt:EAWAG_RULE_BT0332	1	envmicro	0	0	opaque EnviPath rule id without chemist common_name; deferred (out of BT↔XMET curation scope for now)
EAWAG_RULE_BT0333	bt:EAWAG_RULE_BT0333	1	envmicro	0	0	opaque EnviPath rule id without chemist common_name; deferred (out of BT↔XMET curation scope for now)
EAWAG_RULE_BT0334	bt:EAWAG_RULE_BT0334	1	envmicro	0	0	opaque EnviPath rule id without chemist common_name; deferred (out of BT↔XMET curation scope for now)
EAWAG_RULE_BT0337_PATTERN1	bt:EAWAG_RULE_BT0337	1	envmicro	0	0	opaque EnviPath rule id without chemist common_name; deferred (out of BT↔XMET curation scope for now)
EAWAG_RULE_BT0337_PATTERN2	bt:EAWAG_RULE_BT0337	1	envmicro	0	0	opaque EnviPath rule id without chemist common_name; deferred (out of BT↔XMET curation scope for now)
EAWAG_RULE_BT0337_PATTERN3	bt:EAWAG_RULE_BT0337	1	envmicro	0	0	opaque EnviPath rule id without chemist common_name; deferred (out of BT↔XMET curation scope for now)
EAWAG_RULE_BT0337_PATTERN4	bt:EAWAG_RULE_BT0337	1	envmicro	0	0	opaque EnviPath rule id without chemist common_name; deferred (out of BT↔XMET curation scope for now)
EAWAG_RULE_BT0337_PATTERN5	bt:EAWAG_RULE_BT0337	1	envmicro	0	0	opaque EnviPath rule id without chemist common_name; deferred (out of BT↔XMET curation scope for now)
EAWAG_RULE_BT0337_PATTERN6	bt:EAWAG_RULE_BT0337	1	envmicro	0	0	opaque EnviPath rule id without chemist common_name; deferred (out of BT↔XMET curation scope for now)
EAWAG_RULE_BT0339	bt:EAWAG_RULE_BT0339	1	envmicro	0	0	opaque EnviPath rule id without chemist common_name; deferred (out of BT↔XMET curation scope for now)
EAWAG_RULE_BT0340_PATTERN1	bt:EAWAG_RULE_BT0340	1	envmicro	0	0	opaque EnviPath rule id without chemist common_name; deferred (out of BT↔XMET curation scope for now)
EAWAG_RULE_BT0340_PATTERN2	bt:EAWAG_RULE_BT0340	1	envmicro	0	0	opaque EnviPath rule id without chemist common_name; deferred (out of BT↔XMET curation scope for now)
EAWAG_RULE_BT0340_PATTERN3	bt:EAWAG_RULE_BT0340	1	envmicro	0	0	opaque EnviPath rule id without chemist common_name; deferred (out of BT↔XMET curation scope for now)
EAWAG_RULE_BT0342	bt:EAWAG_RULE_BT0342	1	envmicro	0	0	opaque EnviPath rule id without chemist common_name; deferred (out of BT↔XMET curation scope for now)
EAWAG_RULE_BT0343	bt:EAWAG_RULE_BT0343	1	envmicro	0	0	opaque EnviPath rule id without chemist common_name; deferred (out of BT↔XMET curation scope for now)
EAWAG_RULE_BT0344	bt:EAWAG_RULE_BT0344	1	envmicro	0	0	opaque EnviPath rule id without chemist common_name; deferred (out of BT↔XMET curation scope for now)
EAWAG_RULE_BT0345	bt:EAWAG_RULE_BT0345	1	envmicro	0	0	opaque EnviPath rule id without chemist common_name; deferred (out of BT↔XMET curation scope for now)
EAWAG_RULE_BT0347	bt:EAWAG_RULE_BT0347	1	envmicro	0	0	opaque EnviPath rule id without chemist common_name; deferred (out of BT↔XMET curation scope for now)
EAWAG_RULE_BT0348_PATTERN1	bt:EAWAG_RULE_BT0348	1	envmicro	0	0	opaque EnviPath rule id without chemist common_name; deferred (out of BT↔XMET curation scope for now)
EAWAG_RULE_BT0348_PATTERN2	bt:EAWAG_RULE_BT0348	1	envmicro	0	0	opaque EnviPath rule id without chemist common_name; deferred (out of BT↔XMET curation scope for now)
EAWAG_RULE_BT0348_PATTERN3	bt:EAWAG_RULE_BT0348	1	envmicro	0	0	opaque EnviPath rule id without chemist common_name; deferred (out of BT↔XMET curation scope for now)
EAWAG_RULE_BT0348_PATTERN4	bt:EAWAG_RULE_BT0348	1	envmicro	0	0	opaque EnviPath rule id without chemist common_name; deferred (out of BT↔XMET curation scope for now)
EAWAG_RULE_BT0348_PATTERN5	bt:EAWAG_RULE_BT0348	1	envmicro	0	0	opaque EnviPath rule id without chemist common_name; deferred (out of BT↔XMET curation scope for now)
EAWAG_RULE_BT0348_PATTERN6	bt:EAWAG_RULE_BT0348	1	envmicro	0	0	opaque EnviPath rule id without chemist common_name; deferred (out of BT↔XMET curation scope for now)
EAWAG_RULE_BT0348_PATTERN7	bt:EAWAG_RULE_BT0348	1	envmicro	0	0	opaque EnviPath rule id without chemist common_name; deferred (out of BT↔XMET curation scope for now)
EAWAG_RULE_BT0349_PATTERN1	bt:EAWAG_RULE_BT0349	1	envmicro	0	0	opaque EnviPath rule id without chemist common_name; deferred (out of BT↔XMET curation scope for now)
EAWAG_RULE_BT0349_PATTERN2	bt:EAWAG_RULE_BT0349	1	envmicro	0	0	opaque EnviPath rule id without chemist common_name; deferred (out of BT↔XMET curation scope for now)
EAWAG_RULE_BT0349_PATTERN3	bt:EAWAG_RULE_BT0349	1	envmicro	0	0	opaque EnviPath rule id without chemist common_name; deferred (out of BT↔XMET curation scope for now)
EAWAG_RULE_BT0349_PATTERN4	bt:EAWAG_RULE_BT0349	1	envmicro	0	0	opaque EnviPath rule id without chemist common_name; deferred (out of BT↔XMET curation scope for now)
EAWAG_RULE_BT0350_PATTERN1	bt:EAWAG_RULE_BT0350	1	envmicro	0	0	opaque EnviPath rule id without chemist common_name; deferred (out of BT↔XMET curation scope for now)
EAWAG_RULE_BT0350_PATTERN2	bt:EAWAG_RULE_BT0350	1	envmicro	0	0	opaque EnviPath rule id without chemist common_name; deferred (out of BT↔XMET curation scope for now)
EAWAG_RULE_BT0351_PATTERN1	bt:EAWAG_RULE_BT0351	1	envmicro	0	0	opaque EnviPath rule id without chemist common_name; deferred (out of BT↔XMET curation scope for now)
EAWAG_RULE_BT0351_PATTERN2	bt:EAWAG_RULE_BT0351	1	envmicro	0	0	opaque EnviPath rule id without chemist common_name; deferred (out of BT↔XMET curation scope for now)
EAWAG_RULE_BT0351_PATTERN3	bt:EAWAG_RULE_BT0351	1	envmicro	0	0	opaque EnviPath rule id without chemist common_name; deferred (out of BT↔XMET curation scope for now)
EAWAG_RULE_BT0351_PATTERN4	bt:EAWAG_RULE_BT0351	1	envmicro	0	0	opaque EnviPath rule id without chemist common_name; deferred (out of BT↔XMET curation scope for now)
EAWAG_RULE_BT0351_PATTERN5	bt:EAWAG_RULE_BT0351	1	envmicro	0	0	opaque EnviPath rule id without chemist common_name; deferred (out of BT↔XMET curation scope for now)
EAWAG_RULE_BT0351_PATTERN6	bt:EAWAG_RULE_BT0351	1	envmicro	0	0	opaque EnviPath rule id without chemist common_name; deferred (out of BT↔XMET curation scope for now)
EAWAG_RULE_BT0351_PATTERN7	bt:EAWAG_RULE_BT0351	1	envmicro	0	0	opaque EnviPath rule id without chemist common_name; deferred (out of BT↔XMET curation scope for now)
EAWAG_RULE_BT0351_PATTERN8	bt:EAWAG_RULE_BT0351	1	envmicro	0	0	opaque EnviPath rule id without chemist common_name; deferred (out of BT↔XMET curation scope for now)
EAWAG_RULE_BT0352_PATTERN1	bt:EAWAG_RULE_BT0352	1	envmicro	0	0	opaque EnviPath rule id without chemist common_name; deferred (out of BT↔XMET curation scope for now)
EAWAG_RULE_BT0352_PATTERN2	bt:EAWAG_RULE_BT0352	1	envmicro	0	0	opaque EnviPath rule id without chemist common_name; deferred (out of BT↔XMET curation scope for now)
EAWAG_RULE_BT0352_PATTERN3	bt:EAWAG_RULE_BT0352	1	envmicro	0	0	opaque EnviPath rule id without chemist common_name; deferred (out of BT↔XMET curation scope for now)
EAWAG_RULE_BT0352_PATTERN4	bt:EAWAG_RULE_BT0352	1	envmicro	0	0	opaque EnviPath rule id without chemist common_name; deferred (out of BT↔XMET curation scope for now)
EAWAG_RULE_BT0352_PATTERN5	bt:EAWAG_RULE_BT0352	1	envmicro	0	0	opaque EnviPath rule id without chemist common_name; deferred (out of BT↔XMET curation scope for now)
EAWAG_RULE_BT0353	bt:EAWAG_RULE_BT0353	1	envmicro	0	0	opaque EnviPath rule id without chemist common_name; deferred (out of BT↔XMET curation scope for now)
EAWAG_RULE_BT0356_PATTERN1	bt:EAWAG_RULE_BT0356	1	envmicro	0	0	opaque EnviPath rule id without chemist common_name; deferred (out of BT↔XMET curation scope for now)
EAWAG_RULE_BT0356_PATTERN2	bt:EAWAG_RULE_BT0356	1	envmicro	0	0	opaque EnviPath rule id without chemist common_name; deferred (out of BT↔XMET curation scope for now)
EAWAG_RULE_BT0356_PATTERN3	bt:EAWAG_RULE_BT0356	1	envmicro	0	0	opaque EnviPath rule id without chemist common_name; deferred (out of BT↔XMET curation scope for now)
EAWAG_RULE_BT0357_PATTERN1	bt:EAWAG_RULE_BT0357	1	envmicro	0	0	opaque EnviPath rule id without chemist common_name; deferred (out of BT↔XMET curation scope for now)
EAWAG_RULE_BT0357_PATTERN2	bt:EAWAG_RULE_BT0357	1	envmicro	0	0	opaque EnviPath rule id without chemist common_name; deferred (out of BT↔XMET curation scope for now)
EAWAG_RULE_BT0358	bt:EAWAG_RULE_BT0358	1	envmicro	0	0	opaque EnviPath rule id without chemist common_name; deferred (out of BT↔XMET curation scope for now)
EAWAG_RULE_BT0359	bt:EAWAG_RULE_BT0359	1	envmicro	0	0	opaque EnviPath rule id without chemist common_name; deferred (out of BT↔XMET curation scope for now)
EAWAG_RULE_BT0361	bt:EAWAG_RULE_BT0361	1	envmicro	0	0	opaque EnviPath rule id without chemist common_name; deferred (out of BT↔XMET curation scope for now)
EAWAG_RULE_BT0362_PATTERN1	bt:EAWAG_RULE_BT0362	1	envmicro	0	0	opaque EnviPath rule id without chemist common_name; deferred (out of BT↔XMET curation scope for now)
EAWAG_RULE_BT0362_PATTERN2	bt:EAWAG_RULE_BT0362	1	envmicro	0	0	opaque EnviPath rule id without chemist common_name; deferred (out of BT↔XMET curation scope for now)
EAWAG_RULE_BT0362_PATTERN4	bt:EAWAG_RULE_BT0362	1	envmicro	0	0	opaque EnviPath rule id without chemist common_name; deferred (out of BT↔XMET curation scope for now)
EAWAG_RULE_BT0363	bt:EAWAG_RULE_BT0363	1	envmicro	0	0	opaque EnviPath rule id without chemist common_name; deferred (out of BT↔XMET curation scope for now)
EAWAG_RULE_BT0365	bt:EAWAG_RULE_BT0365	1	envmicro	0	0	opaque EnviPath rule id without chemist common_name; deferred (out of BT↔XMET curation scope for now)
EAWAG_RULE_BT0366_PATTERN1	bt:EAWAG_RULE_BT0366	1	envmicro	0	0	opaque EnviPath rule id without chemist common_name; deferred (out of BT↔XMET curation scope for now)
EAWAG_RULE_BT0366_PATTERN2	bt:EAWAG_RULE_BT0366	1	envmicro	0	0	opaque EnviPath rule id without chemist common_name; deferred (out of BT↔XMET curation scope for now)
EAWAG_RULE_BT0368	bt:EAWAG_RULE_BT0368	1	envmicro	0	0	opaque EnviPath rule id without chemist common_name; deferred (out of BT↔XMET curation scope for now)
EAWAG_RULE_BT0369	bt:EAWAG_RULE_BT0369	1	envmicro	0	0	opaque EnviPath rule id without chemist common_name; deferred (out of BT↔XMET curation scope for now)
EAWAG_RULE_BT0370	bt:EAWAG_RULE_BT0370	1	envmicro	0	0	opaque EnviPath rule id without chemist common_name; deferred (out of BT↔XMET curation scope for now)
EAWAG_RULE_BT0372	bt:EAWAG_RULE_BT0372	1	envmicro	0	0	opaque EnviPath rule id without chemist common_name; deferred (out of BT↔XMET curation scope for now)
EAWAG_RULE_BT0373	bt:EAWAG_RULE_BT0373	1	envmicro	0	0	opaque EnviPath rule id without chemist common_name; deferred (out of BT↔XMET curation scope for now)
EAWAG_RULE_BT0374_PATTERN1	bt:EAWAG_RULE_BT0374	1	envmicro	0	0	opaque EnviPath rule id without chemist common_name; deferred (out of BT↔XMET curation scope for now)
EAWAG_RULE_BT0374_PATTERN2	bt:EAWAG_RULE_BT0374	1	envmicro	0	0	opaque EnviPath rule id without chemist common_name; deferred (out of BT↔XMET curation scope for now)
EAWAG_RULE_BT0375	bt:EAWAG_RULE_BT0375	1	envmicro	0	0	opaque EnviPath rule id without chemist common_name; deferred (out of BT↔XMET curation scope for now)
EAWAG_RULE_BT0376	bt:EAWAG_RULE_BT0376	1	envmicro	0	0	opaque EnviPath rule id without chemist common_name; deferred (out of BT↔XMET curation scope for now)
EAWAG_RULE_BT0377	bt:EAWAG_RULE_BT0377	1	envmicro	0	0	opaque EnviPath rule id without chemist common_name; deferred (out of BT↔XMET curation scope for now)
EAWAG_RULE_BT0378_PATTERN1	bt:EAWAG_RULE_BT0378	1	envmicro	0	0	opaque EnviPath rule id without chemist common_name; deferred (out of BT↔XMET curation scope for now)
EAWAG_RULE_BT0378_PATTERN2	bt:EAWAG_RULE_BT0378	1	envmicro	0	0	opaque EnviPath rule id without chemist common_name; deferred (out of BT↔XMET curation scope for now)
EAWAG_RULE_BT0379	bt:EAWAG_RULE_BT0379	1	envmicro	0	0	opaque EnviPath rule id without chemist common_name; deferred (out of BT↔XMET curation scope for now)
EAWAG_RULE_BT0383	bt:EAWAG_RULE_BT0383	1	envmicro	0	0	opaque EnviPath rule id without chemist common_name; deferred (out of BT↔XMET curation scope for now)
EAWAG_RULE_BT0385	bt:EAWAG_RULE_BT0385	1	envmicro	0	0	opaque EnviPath rule id without chemist common_name; deferred (out of BT↔XMET curation scope for now)
EAWAG_RULE_BT0386	bt:EAWAG_RULE_BT0386	1	envmicro	0	0	opaque EnviPath rule id without chemist common_name; deferred (out of BT↔XMET curation scope for now)
EAWAG_RULE_BT0387	bt:EAWAG_RULE_BT0387	1	envmicro	0	0	opaque EnviPath rule id without chemist common_name; deferred (out of BT↔XMET curation scope for now)
EAWAG_RULE_BT0388_PATTERN1	bt:EAWAG_RULE_BT0388	1	envmicro	0	0	opaque EnviPath rule id without chemist common_name; deferred (out of BT↔XMET curation scope for now)
EAWAG_RULE_BT0388_PATTERN2	bt:EAWAG_RULE_BT0388	1	envmicro	0	0	opaque EnviPath rule id without chemist common_name; deferred (out of BT↔XMET curation scope for now)
EAWAG_RULE_BT0388_PATTERN3	bt:EAWAG_RULE_BT0388	1	envmicro	0	0	opaque EnviPath rule id without chemist common_name; deferred (out of BT↔XMET curation scope for now)
EAWAG_RULE_BT0388_PATTERN4	bt:EAWAG_RULE_BT0388	1	envmicro	0	0	opaque EnviPath rule id without chemist common_name; deferred (out of BT↔XMET curation scope for now)
EAWAG_RULE_BT0389	bt:EAWAG_RULE_BT0389	1	envmicro	0	0	opaque EnviPath rule id without chemist common_name; deferred (out of BT↔XMET curation scope for now)
EAWAG_RULE_BT0390	bt:EAWAG_RULE_BT0390	1	envmicro	0	0	opaque EnviPath rule id without chemist common_name; deferred (out of BT↔XMET curation scope for now)
EAWAG_RULE_BT0391_PATTERN1	bt:EAWAG_RULE_BT0391	1	envmicro	0	0	opaque EnviPath rule id without chemist common_name; deferred (out of BT↔XMET curation scope for now)
EAWAG_RULE_BT0391_PATTERN2	bt:EAWAG_RULE_BT0391	1	envmicro	0	0	opaque EnviPath rule id without chemist common_name; deferred (out of BT↔XMET curation scope for now)
EAWAG_RULE_BT0392	bt:EAWAG_RULE_BT0392	1	envmicro	0	0	opaque EnviPath rule id without chemist common_name; deferred (out of BT↔XMET curation scope for now)
EAWAG_RULE_BT0393	bt:EAWAG_RULE_BT0393	1	envmicro	0	0	opaque EnviPath rule id without chemist common_name; deferred (out of BT↔XMET curation scope for now)
EAWAG_RULE_BT0394	bt:EAWAG_RULE_BT0394	1	envmicro	0	0	opaque EnviPath rule id without chemist common_name; deferred (out of BT↔XMET curation scope for now)
EAWAG_RULE_BT0397_PATTERN1	bt:EAWAG_RULE_BT0397	1	envmicro	0	0	opaque EnviPath rule id without chemist common_name; deferred (out of BT↔XMET curation scope for now)
EAWAG_RULE_BT0397_PATTERN2	bt:EAWAG_RULE_BT0397	1	envmicro	0	0	opaque EnviPath rule id without chemist common_name; deferred (out of BT↔XMET curation scope for now)
EAWAG_RULE_BT0401	bt:EAWAG_RULE_BT0401	1	envmicro	0	0	opaque EnviPath rule id without chemist common_name; deferred (out of BT↔XMET curation scope for now)
EAWAG_RULE_BT0402	bt:EAWAG_RULE_BT0402	1	envmicro	0	0	opaque EnviPath rule id without chemist common_name; deferred (out of BT↔XMET curation scope for now)
EAWAG_RULE_BT0403	bt:EAWAG_RULE_BT0403	1	envmicro	0	0	opaque EnviPath rule id without chemist common_name; deferred (out of BT↔XMET curation scope for now)
EAWAG_RULE_BT0404	bt:EAWAG_RULE_BT0404	1	envmicro	0	0	opaque EnviPath rule id without chemist common_name; deferred (out of BT↔XMET curation scope for now)
EAWAG_RULE_BT0405	bt:EAWAG_RULE_BT0405	1	envmicro	0	0	opaque EnviPath rule id without chemist common_name; deferred (out of BT↔XMET curation scope for now)
EAWAG_RULE_BT0408	bt:EAWAG_RULE_BT0408	1	envmicro	0	0	opaque EnviPath rule id without chemist common_name; deferred (out of BT↔XMET curation scope for now)
EAWAG_RULE_BT0409	bt:EAWAG_RULE_BT0409	1	envmicro	0	0	opaque EnviPath rule id without chemist common_name; deferred (out of BT↔XMET curation scope for now)
EAWAG_RULE_BT0414	bt:EAWAG_RULE_BT0414	1	envmicro	0	0	opaque EnviPath rule id without chemist common_name; deferred (out of BT↔XMET curation scope for now)
EAWAG_RULE_BT0416_PATTERN1	bt:EAWAG_RULE_BT0416	1	envmicro	0	0	opaque EnviPath rule id without chemist common_name; deferred (out of BT↔XMET curation scope for now)
EAWAG_RULE_BT0416_PATTERN2	bt:EAWAG_RULE_BT0416	1	envmicro	0	0	opaque EnviPath rule id without chemist common_name; deferred (out of BT↔XMET curation scope for now)
EAWAG_RULE_BT0418_PATTERN1	bt:EAWAG_RULE_BT0418	1	envmicro	0	0	opaque EnviPath rule id without chemist common_name; deferred (out of BT↔XMET curation scope for now)
EAWAG_RULE_BT0418_PATTERN2	bt:EAWAG_RULE_BT0418	1	envmicro	0	0	opaque EnviPath rule id without chemist common_name; deferred (out of BT↔XMET curation scope for now)
EAWAG_RULE_BT0420_PATTERN1	bt:EAWAG_RULE_BT0420	1	envmicro	0	0	opaque EnviPath rule id without chemist common_name; deferred (out of BT↔XMET curation scope for now)
EAWAG_RULE_BT0420_PATTERN2	bt:EAWAG_RULE_BT0420	1	envmicro	0	0	opaque EnviPath rule id without chemist common_name; deferred (out of BT↔XMET curation scope for now)
EAWAG_RULE_BT0421	bt:EAWAG_RULE_BT0421	1	envmicro	0	0	opaque EnviPath rule id without chemist common_name; deferred (out of BT↔XMET curation scope for now)
EAWAG_RULE_BT0423_PATTERN1	bt:EAWAG_RULE_BT0423	1	envmicro	0	0	opaque EnviPath rule id without chemist common_name; deferred (out of BT↔XMET curation scope for now)
EAWAG_RULE_BT0423_PATTERN2	bt:EAWAG_RULE_BT0423	1	envmicro	0	0	opaque EnviPath rule id without chemist common_name; deferred (out of BT↔XMET curation scope for now)
EAWAG_RULE_BT0425_PATTERN1	bt:EAWAG_RULE_BT0425	1	envmicro	0	0	opaque EnviPath rule id without chemist common_name; deferred (out of BT↔XMET curation scope for now)
EAWAG_RULE_BT0425_PATTERN2	bt:EAWAG_RULE_BT0425	1	envmicro	0	0	opaque EnviPath rule id without chemist common_name; deferred (out of BT↔XMET curation scope for now)
EAWAG_RULE_BT0427	bt:EAWAG_RULE_BT0427	1	envmicro	0	0	opaque EnviPath rule id without chemist common_name; deferred (out of BT↔XMET curation scope for now)
EAWAG_RULE_BT0428	bt:EAWAG_RULE_BT0428	1	envmicro	0	0	opaque EnviPath rule id without chemist common_name; deferred (out of BT↔XMET curation scope for now)
EAWAG_RULE_BT0429	bt:EAWAG_RULE_BT0429	1	envmicro	0	0	opaque EnviPath rule id without chemist common_name; deferred (out of BT↔XMET curation scope for now)
EAWAG_RULE_BT0430	bt:EAWAG_RULE_BT0430	1	envmicro	0	0	opaque EnviPath rule id without chemist common_name; deferred (out of BT↔XMET curation scope for now)
EAWAG_RULE_BT0431	bt:EAWAG_RULE_BT0431	1	envmicro	0	0	opaque EnviPath rule id without chemist common_name; deferred (out of BT↔XMET curation scope for now)
EAWAG_RULE_BT0432_PATTERN1	bt:EAWAG_RULE_BT0432	1	envmicro	0	0	opaque EnviPath rule id without chemist common_name; deferred (out of BT↔XMET curation scope for now)
EAWAG_RULE_BT0432_PATTERN2	bt:EAWAG_RULE_BT0432	1	envmicro	0	0	opaque EnviPath rule id without chemist common_name; deferred (out of BT↔XMET curation scope for now)
EAWAG_RULE_BT0437_PATTERN1	bt:EAWAG_RULE_BT0437	1	envmicro	0	0	opaque EnviPath rule id without chemist common_name; deferred (out of BT↔XMET curation scope for now)
EAWAG_RULE_BT0437_PATTERN2	bt:EAWAG_RULE_BT0437	1	envmicro	0	0	opaque EnviPath rule id without chemist common_name; deferred (out of BT↔XMET curation scope for now)
EAWAG_RULE_BT0438	bt:EAWAG_RULE_BT0438	1	envmicro	0	0	opaque EnviPath rule id without chemist common_name; deferred (out of BT↔XMET curation scope for now)
EAWAG_RULE_BT0440	bt:EAWAG_RULE_BT0440	1	envmicro	0	0	opaque EnviPath rule id without chemist common_name; deferred (out of BT↔XMET curation scope for now)
EAWAG_RULE_BT0441	bt:EAWAG_RULE_BT0441	1	envmicro	0	0	opaque EnviPath rule id without chemist common_name; deferred (out of BT↔XMET curation scope for now)
EAWAG_RULE_BT0442	bt:EAWAG_RULE_BT0442	1	envmicro	0	0	opaque EnviPath rule id without chemist common_name; deferred (out of BT↔XMET curation scope for now)
EAWAG_RULE_BT0443	bt:EAWAG_RULE_BT0443	1	envmicro	0	0	opaque EnviPath rule id without chemist common_name; deferred (out of BT↔XMET curation scope for now)
