bucket	bt_label	bt_object_id	xmet_id	xmet_label	predicate_or_parent	n_patterns	reaction_ids	reactant_smarts_sample	smirks_sample	heuristic_flags
sssom	Human Phase I	bt.class:HUMAN_PHASE_I	xmet:4000001	phase I	skos:closeMatch	0				
sssom	Human Phase II	bt.class:HUMAN_PHASE_II	xmet:4000002	phase II	skos:closeMatch	0				
sssom	Hydroxylation of acyclic aliphatic secondary carbon	bt:HYDROXYLATION_OF_ACYCLIC_ALIPHATIC_SECONDARY_CARBON	xmet:4000014	aliphatic hydroxylation	skos:closeMatch	1	HYDROXYLATION_OF_ACYCLIC_ALIPHATIC_SECONDARY_CARBON	[H][#6;A;X4R0]([H])([#6;X4](-[*,#1])-[*,#1])[#6;X4](-[*,#1])-[*,#1]	L:[H][#6;A;X4R0:1]([H:2])([#6;X4:3](-[*,#1:4])-[*,#1:5])[#6;X4:6](-[*,#1… → R:[H][#8][#6;A;X4R0:1]([H:2])([#6;X4:3](-[*,#1:4])-[*,#1:5])[#6;X4:6](-[…	
sssom	p-Hydroxylation of anilide	bt:P_HYDROXYLATION_OF_ANILIDES	xmet:4000015	para-hydroxylation	skos:closeMatch	1	P_HYDROXYLATION_OF_ANILIDES	[H][#6;R1]=,:1[#6;R1](-[*,#1;!$(C([Br])([Br])[Br])!$(C([Cl])([Cl])[Cl])!$(C([F])([F])[F])!$(C([I])([	L:[H:1][#6;R1:2]=,:1[#6;R1:3](-[*,#1;!$(C([Br])([Br])[Br])!$(C([Cl])([Cl… → R:[H:1][#8]-[#6;R1:2]=,:1[#6;R1:3](-[*,#1;!$(C([Br])([Br])[Br])!$(C([Cl]…	
sssom	p-Hydroxylation of monosubstituted benzene	bt:P_HYDROXYLATION_OF_MONOSUBSTITUTED_BENZENE	xmet:4000015	para-hydroxylation	skos:exactMatch	1	P_HYDROXYLATION_OF_MONOSUBSTITUTED_BENZENE	[$([#6;R1]1=,:[#6;R1][#6;R1]=,:[#6;R1][#6;R1]([OX2H1,OX1-])=,:[#6;R1]1),$([#6;R1]1=,:[#6;R1]([OX2H1,	L:[H:8][#6;R1:4]=,:1[#6;R1:3]([H:11])=,:[#6;R1:2]([H:12])[#6;R1:1](-[$([… → R:[H:8][#8]-[#6;R1:4]=,:1[#6;R1:3]([H:11])=,:[#6;R1:2]([H:12])[#6;R1:1](…	
sssom	p-Hydroxylation of phenol	bt:P_HYDROXYLATION_OF_PHENOLS	xmet:4000015	para-hydroxylation	skos:closeMatch	1	P_HYDROXYLATION_OF_PHENOLS	[H][#8]-[#6;R1]1=,:[#6;R1](-[!#8])[#6;R1](-[!#8])=,:[#6;R1]([H])[#6;R1](-[!#8])=,:[#6;R1]1-[!#8]	L:[H:1][#8:2]-[#6;R1:3]1=,:[#6;R1:4](-[!#8:5])[#6;R1:6](-[!#8:7])=,:[#6;… → R:[H:1][#8:2]-[#6;R1:3]=,:1[#6;R1:11](-[!#8:12])=,:[#6;R1:9](-[!#8:10])[…	
sssom	O-Hydroxylation of monosubstituted benzene	bt:O_HYDROXYLATION_OF_MONOSUBSTITUTED_BENZENE	xmet:4000016	ortho-hydroxylation	skos:exactMatch	1	O_HYDROXYLATION_OF_MONOSUBSTITUTED_BENZENE	[H][#6;R1]=,:1[#6;R1]([H])=,:[#6;R1]([H])[#6;R1](-[$([#6;R1]1=,:[#6;R1][#6;R1]=,:[#6;R1][#6;R1]([OX2	L:[H:8][#6;R1:4]=,:1[#6;R1:3]([H:11])=,:[#6;R1:2]([H:12])[#6;R1:1](-[$([… → R:[H:10][#8]-[#6;R1:6]=,:1[#6;R1:5]([H:9])=,:[#6;R1:4]([H:8])[#6;R1:3]([…	
sssom	m-Hydroxylation of monosubstituted benzene	bt:M_HYDROXYLATION_OF_MONOSUBSTITUTED_BENZENE	xmet:4000017	meta-hydroxylation	skos:exactMatch	1	M_HYDROXYLATION_OF_MONOSUBSTITUTED_BENZENE	[H][#6;R1]=,:1[#6;R1]([H])=,:[#6;R1]([H])[#6;R1](-[$(C([Br])([Br])[Br]),$(C([Cl])([Cl])[Cl]),$(C([F]	L:[H:8][#6;R1:4]=,:1[#6;R1:3]([H:11])=,:[#6;R1:2]([H:12])[#6;R1:1](-[$(C… → R:[H:9][#8]-[#6;R1:5]1=,:[#6;R1:4]([H:8])[#6;R1:3]([H:11])=,:[#6;R1:2]([…	
sssom	Aliphatic hydroxylation of methyl carbon adjacent to aromatic ring	bt:ALIPHATIC_HYDROXYLATION_OF_METHYL_CARBON_ADJACENT_TO_AROMATIC_RING	xmet:4000018	benzylic hydroxylation	skos:closeMatch	1	ALIPHATIC_HYDROXYLATION_OF_METHYL_CARBON_ADJACENT_TO_AROMATIC_RING	[H][#6;A;X4]([H])([H])c:*	L:[H][#6;A;X4:3]([H:4])([H:5])[c:2]:[*:1]… → R:[H][#8][#6;A;X4:3]([H:4])([H:5])[c:2]:[*:1]…	
sssom	Allylic hydroxylation	bt:ALLYLIC_HYDROXLATION	xmet:4000019	allylic hydroxylation	skos:exactMatch	2	ALLYLIC_HYDROXLATION|ALLYLIC_HYDROXYLATION	[H][#6;A;X4;R0,R1]([CX4,#1])([CX4,#1])[#6;A;X3;R0,R1]([*,#1;#1,#6,Br,Cl,F,I])=[#6;A]([*,#1;#1,#6,Br, || [*,#1;#1,#6,Br,Cl,F,I][#6](-[*,#1;#1,#6,Br,Cl,F,I])=,:[#6;X3;R0,R1,R2]([*,#1;#1,#6,Br,Cl,F,I])[#6;A;	L:[H][#6;A;X4;R0,R1:1]([CX4,#1:3])([CX4,#1:2])[#6;A;X3;R0,R1:4]([*,#1;#1… → R:[H][#8][#6;A;X4;R0,R1:1]([CX4,#1:3])([CX4,#1:2])[#6;A;X3;R0,R1:4]([*,#… || L:[*,#1;#1,#6,Br,Cl,F,I:7][#6:6](-[*,#1;#1,#6,Br,Cl,F,I:8])=,:[#6;X3;R0,… → R:[*,#1;#1,#6,Br,Cl,F,I:7][#6:6](-[*,#1;#1,#6,Br,Cl,F,I:8])=,:[#6;X3;R0,…	
sssom	Bisallylic hydroxylation	bt:BISALLYLIC_HYDROXYLATION	xmet:4000019	allylic hydroxylation	skos:closeMatch	1	BISALLYLIC_HYDROXYLATION	[H][C;X4](!@-[CX4,#1])([#6;A]([*,#1;#1,#6,Br,Cl,F,I])=[#6;A](/[*,#1;#1,#6,Br,Cl,F,I])[*,#1;#1,#6,Br,	L:[H][C;X4:1](!@-[CX4,#1:2])([#6;A:3]([*,#1;#1,#6,Br,Cl,F,I:4])=[#6;A:5]… → R:[H][#8][C;X4:1](!@-[CX4,#1:2])([#6;A:3]([*,#1;#1,#6,Br,Cl,F,I:4])=[#6;…	
sssom	Hydroxylation of terminal methyl	bt:HYDROXYLATION_OF_TERMINAL_METHYL	xmet:4000020	ω-hydroxylation	skos:exactMatch	1	HYDROXYLATION_OF_TERMINAL_METHYL	[H]C([H])([H])[#6;X4R0;!$([CX4H3])]	L:[H:3][C:2]([H])([H:1])[#6;X4R0;!$([CX4H3]):4]… → R:[H][#8][C:2]([H:3])([H:1])[#6;X4R0;!$([CX4H3]):4]…	
sssom	Hydroxylation of penultimate aliphatic secondary carbon	bt:HYDROXYLATION_OF_ALIPHATIC_SECONDARY_PENULTIMATE_CARBON	xmet:4000021	ω-1 hydroxylation	skos:closeMatch	1	HYDROXYLATION_OF_ALIPHATIC_SECONDARY_PENULTIMATE_CARBON	[H][C;X4]([H])([H])C([H])([H])[#6]	L:[H:1][C;X4:2]([H:3])([H:4])[C:5]([H:6])([H])[#6:7]… → R:[H:1][C;X4:2]([H:3])([H:4])[C:5]([H:6])([#6:7])[#8]…	
sssom	Hydroxylation of penultimate aliphatic tertiary carbon	bt:HYDROXYLATION_OF_ALIPHATIC_TERTIARY_PENULTIMATE_CARBON	xmet:4000021	ω-1 hydroxylation	skos:closeMatch	1	HYDROXYLATION_OF_ALIPHATIC_TERTIARY_PENULTIMATE_CARBON	[H][C;X4]([H])([H])[C;X4]([H])([#6])[#6]	L:[H:4][C;X4:2]([H:3])([H:1])[C;X4:5]([H])([#6:7])[#6:6]… → R:[H:4][C;X4:2]([H:3])([H:1])[C;X4:5]([#6:7])([#6:6])[#8]…	
sssom	Epoxidation of alkene	bt:ALKENE_EPOXIDATION	xmet:4000023	alkene epoxidation	skos:exactMatch	2	ALKENE_EPOXIDATION_PATTERN1|ALKENE_EPOXIDATION_PATTERN2	[#6][#6;A;X3R0]([#1,#6])=[#6;A;X3R0](/[#1,#6])[#1,#6] || [#6]@-[#6;X3R1](-[#1,#6])=[#6;X3R1](@/[#6])-[#1,#6]	L:[#6:1][#6;A;X3R0:2]([#1,#6:3])=[#6;A;X3R0:4](/[#1,#6:6])[#1,#6:5]… → R:[#6:1][#6;A;X4R1:2]1([#1,#6:3])[#8][#6;A;X4R1:4]1([#1,#6:6])[#1,#6:5]… || L:[#6:1]@-[#6;X3R1:2](-[#1,#6:3])=[#6;X3R1:4](@/[#6:5])-[#1,#6:6]… → R:[#6:1]@-[C;X4R2:2]1([#1,#6:3])[#8][C;X4R2:4]1(@-[#6:5])[#1,#6:6]…	
sssom	Epoxidation of thiophene	bt:THIOPHENE_EPOXIDATION	xmet:4000025	thiophene epoxidation	skos:exactMatch	1	THIOPHENE_EPOXIDATION	[#6]1=,:[#6][#16][#6;H1X3]=,:[#6;H1X3]1	L:[H][#6;X3:5]=,:1[#6:1]=,:[#6:2][#16:3][#6;X3:4]=,:1[H]… → R:[#6:2]1=,:[#6:1][#6;X3:5]2-[#8]-[#6;X3:4]2[#16:3]1…	
sssom	N-Oxidation of alicyclic tertiary amine	bt:N_OXIDATION_OF_ALICYCLIC_TERTIARY_AMINE	xmet:4000027	N-oxide formation	skos:closeMatch	1	N_OXIDATION_OF_ALICYCLIC_TERTIARY_AMINE	[#6][#7;A;X3R1,X3R2;+0!$([N]~[!#6])!$([N]*~[#7,#8,#15,#16])](@-[#6;A])@-[#6;A]	L:[#6:1][#7;A;X3;R1,R2;+0!$([N]~[!#6])!$([N]*~[#7,#8,#15,#16]):2](@-[#6;… → R:[#6:1][#7;A;X4+:2](@-[#6;A:3])(@-[#6;A:4])[#8-]…	
sssom	N-Oxidation of aliphatic tertiary amine	bt:N_OXIDATION_OF_ALIPHATIC_TERTIARY_AMINE	xmet:4000027	N-oxide formation	skos:closeMatch	1	N_OXIDATION_OF_ALIPHATIC_TERTIARY_AMINE_PATTERN1	[#6;A][#7;A;H0X3;+0!$([N][#6]=[!#6;!#1])!$([N]#[!#6,!#1])]([#6;A])[#6;A]	L:[#6;A:4][#7;A;H0X3;+0!$([N][#6]=[!#6;!#1])!$([N]#[!#6,!#1]):2]([#6;A:3… → R:[#6;A:4][#7;A;X3+:2]([#6;A:3])([#6;A:1])[#8-]…	
sssom	N-Hydroxylation of aniline to hydroxylamine	bt:N_HYDROXYLATION_OF_ANILINES_TO_HYDROXYLAMINES	xmet:4000028	hydroxylamine formation	skos:closeMatch	1	N_HYDROXYLATION_OF_ANILINES_TO_HYDROXYLAMINES	[H][#7]([H])-[#6;R1]=,:1[#6;R1]=,:[#6;R1][#6;R1]=,:[#6;R1][#6;R1]=,:1	L:[H][#7:7]([H])-[#6;R1:1]=,:1[#6;R1:2]=,:[#6;R1:3][#6;R1:4]=,:[#6;R1:5]… → R:[H][#8]-[#7:7]([H])-[#6;R1:1]=,:1[#6;R1:2]=,:[#6;R1:3][#6;R1:4]=,:[#6;…	
sssom	N-Hydroxylation of primary arylamine	bt:N_HYDROXYLATION_OF_PRIMARY_ARYLAMINE	xmet:4000028	hydroxylamine formation	skos:closeMatch	1	N_HYDROXYLATION_OF_PRIMARY_ARYLAMINE	[H][NX3H2+0,NX4H3+;!$([N][#6]=[!#6;!#1]);!$([N]#[!#6,!#1])]c	L:[H][#7;A;X3H2+0,X4H3+;!$([N][#6]=[!#6;!#1]);!$([N]#[!#6,!#1]):1][#6;a:… → R:[H][#8][#7;A;X3H1+0,X4H2+;!$([N][#6]=[!#6;!#1]);!$([N]#[!#6,!#1]):1][#…	
sssom	S-Oxidation of alkylarylthioether to sulfoxide	bt:S_OXIDATION_OF_ALKYLARYLTHIOETHER_TO_SULFOXIDE	xmet:4000033	sulfoxidation	skos:exactMatch	1	S_OXIDATION_OF_ALKYLARYLTHIOETHER_TO_SULFOXIDE	[SX2](c)[CX4;!$(C([OX2])[O,S,#7,#15,F,Cl,Br,I])]	L:[#6;a:2]-[#16;X2:1][#6;A;X4;!$(C([OX2])[O,S,#7,#15,F,Cl,Br,I]):3]… → R:[#6;a:2][S;X3:1]([#6;A;X4;!$(C([OX2])[O,S,#7,#15,F,Cl,Br,I]):3])=O…	
sssom	S-Oxidation of dialkylthioether to sulfoxide	bt:S_OXIDATION_OF_DIALKYLTHIOETHER_TO_SULFOXIDE	xmet:4000033	sulfoxidation	skos:exactMatch	1	S_OXIDATION_OF_DIALKYLTHIOETHER_TO_SULFOXIDE	[#6;A;X4;!$(C([OX2])[O,S,#7,#15,F,Cl,Br,I])][#16;X2][#6;A;X4;!$(C([OX2])[O,S,#7,#15])]	L:[#6;A;X4;!$(C([OX2])[O,S,#7,#15]):3][#16;X2:1][#6;A;X4;!$(C([OX2])[O,S… → R:[#6;A;X4;!$(C([OX2])[O,S,#7,#15]):3][S;X3:1]([#6;A;X4;!$(C([OX2])[O,S,…	
sssom	S-Oxidation of diarylthioether to sulfoxide	bt:S_OXIDATION_OF_DIARYLTHIOETHER_TO_SULFOXIDE	xmet:4000033	sulfoxidation	skos:exactMatch	1	S_OXIDATION_OF_DIARYLTHIOETHER_TO_SULFOXIDE	[#6;a]-[#16;X2]-[#6;a]	L:[#6;a:2]-[#16;X2:1]-[#6;a:3]… → R:[#6;a:2][S;X3:1]([#6;a:3])=O…	
sssom	S-Oxidation of sulfoxide to sulfone	bt:S_OXIDATION_OF_SULFOXIDE_TO_SULFONE	xmet:4000034	sulfone formation	skos:exactMatch	1	S_OXIDATION_OF_SULFOXIDE_TO_SULFONE	[#6][S;X3]([#6])=[O;X1]	L:[#16;X3:1](-[#6:2])(=[#8;X1])-[#6:4]… → R:[#6:2][S;X4:1]([#6:4])(=[O;X1])=O…	
sssom	Thiophene S-oxidation	bt:THIOPHENE_S_OXIDATION	xmet:4000035	thiophene S-oxidation	skos:exactMatch	1	THIOPHENE_S_OXIDATION	[#6]=,:1[#6]=,:[#6][#16;X2][#6]=,:1	L:[#6:1]=,:1[#6:2]=,:[#6:3][#16;X2:4][#6:5]=,:1… → R:[#8-][S;X3+:4]-,:1-,:[#6:5]=,:[#6:1][#6:2]=,:[#6:3]-,:1…	
sssom	Hydroxylation of alicyclic tertiary carbon	bt:HYDROXYLATION_OF_ALICYCLIC_TERTIARY_CARBON	xmet:4000041	alicyclic hydroxylation	skos:closeMatch	1	HYDROXYLATION_OF_ALICYCLIC_TERTIARY_CARBON	[#6;R]@-[#6;A;H1X4R](@-[#6;A;R])@-[#6;A;R]	L:[H:5][#6;A;X4R:2](@-[#6;A;R:4])(@-[#6;R:3])@-[#6;A;R:1]… → R:[H:5][#8][#6;A;X4R:2](@-[#6;A;R:4])(@-[#6;R:3])@-[#6;A;R:1]…	
sssom	O-Dealkylation	bt:O_DEALKYLATION	xmet:4000044	O-dealkylation	skos:exactMatch	1	O_DEALKYLATION	[H][#6;A;X4;!$(C([OX2])[O,S,#7,#15])][#8;X2R0]-[#6;$([CX4;!$(C([OX2])[O,S,#7,#15])]),c]	L:[H][#6;A;X4;!$(C([OX2])[O,S,#7,#15]):1][#8;X2R0:2]-[#6;$([CX4;!$(C([OX… → R:[#6;A;X3;!$(C([OX2])[O,S,#7,#15]):1]=O.[H][#8;X2R0:2]-[#6;$([CX4;!$(C(…	
sssom	Demethylation of methoxyphenyl, or methoxybenzoic acid	bt:DEMETHYLATION_OF_METHOXY_PHENYL_AND_BENZOIC_ACIDS	xmet:4000050	O-demethylation	skos:closeMatch	2	DEMETHYLATION_OF_METHOXY_PHENYL_AND_BENZOIC_ACIDS_PATTERN1|DEMETHYLATION_OF_METHOXY_PHENYL_AND_BENZOIC_ACIDS_PATTERN2	[H][#6;R1]1=,:[#6;R1](-[$(C(=O)O[H]),$([H][#8]-[#6](=O)-[#6](-[*,#1;#1,$([#8;X2]-[#1,#6X4,c])])=[#6] || [H][#6;R1]=,:1[#6;R1](-[$(C(=O)O[H]),$(C([H])=C([H])C(=O)O[H]),$(C([H])([H])C(=O)O[H]),$(C([H])([H])	L:[H:1][#6;R1:2]1=,:[#6;R1:3](-[$(C(=O)O[H]),$([H][#8]-[#6](=O)-[#6](-[*… → R:[H][#8:8]-[#6;R1:7]1=,:[#6;R1:5]([H:6])[#6;R1:3](-[$(C(=O)O[H]),$([H][… || L:[H][#6;R1:4]=,:1[#6;R1:2](-[$(C(=O)O[H]),$(C([H])=C([H])C(=O)O[H]),$(C… → R:[H][#8:8]-[#6;R1:6]=,:1[#6;R1:5](-[#1,$([O][H]):10])=,:[#6;R1:4]([H])[…	
sssom	O-Aryl demethylation	bt:O_ARYL_DEMETHYLATION	xmet:4000050	O-demethylation	skos:exactMatch	1	O_ARYL_DEMETHYLATION_PATTERN1	[H]*[#6](=,:*[H])-[#8;X2R0]C([H])([H])[H]	L:[H:1][*:2][#6:3](=,:[*:4][H:5])-[#8;X2R0:6][C:7]([H:8])([H])[H:9]… → R:[H:8][#6:7]([H:9])=O.[H:1][*:2][#6:3](=,:[*:4][H:5])-[#8;X2R0:6][H]…	
sssom	O-Aryl dealkylation adjacent to substituted carbon	bt:O_ARYL_DEALKYLATION_ADJACENT_TO_SUBSTITUTED_CARBON	xmet:4000053	aromatic O-dealkylation	skos:closeMatch	1	O_ARYL_DEALKYLATION_ADJACENT_TO_SUBSTITUTED_CARBON	[H][#6;A;X4;!$(C([OX2])[O,S,#7,#15])][#8;X2R0]-[#6;R1]1=,:[#6;R1][#6;R1]=,:[#6;R1][#6;R1]=,:[#6;R1]1	L:[H][#6;A;X4;!$(C([OX2])[O,S,#7,#15]):1][#8;X2R0:2]-[#6;R1:3]1=,:[#6;R1… → R:[#6;A;X3;!$(C([OX2])[O,S,#7,#15]):1]=O.[H][#8;X2R0:2]-[#6;R1:3]1=,:[#6…	
sssom	O-Aryl dealkylation not adjacent to substituted carbon	bt:O_ARYL_DEALKYLATION_NOT_ADJACENT_TO_SUBSTITUTED_CARBON	xmet:4000053	aromatic O-dealkylation	skos:closeMatch	1	O_ARYL_DEALKYLATION_NOT_ADJACENT_TO_SUBSTITUTED_CARBON	[H][#6;A;X4;!$(C([OX2])[O,S,#7,#15])][#8;X2R0]-[#6;R1]=,:1[#6;R1]([H])=,:[#6;R1][#6;R1]=,:[#6;R1][#6	L:[H][#6;A;X4;!$(C([OX2])[O,S,#7,#15]):1][#8;X2R0:2]-[#6;R1:3]=,:1[#6;R1… → R:[#6;A;X3;!$(C([OX2])[O,S,#7,#15]):1]=O.[H][#8;X2R0:2]-[#6;R1:3]=,:1[#6…	
sssom	O-Dealkylation of dialkylether	bt:O_DEALKYLATION_OF_DIALKYLETHER	xmet:4000054	aliphatic O-dealkylation	skos:exactMatch	1	O_DEALKYLATION_OF_DIALKYLETHER	[H][#6;A;X4;!$(C([OX2])[O,S,#7,#15])][#8;X2R0][#6;A;X4;!$(C([OX2])[O,S,#7,#15])!$([CX4H3])]	L:[H][#6;A;X4;!$(C([OX2])[O,S,#7,#15]):1][#8;X2R0:2][#6;A;X4;!$(C([OX2])… → R:[#6;A;X3;!$(C([OX2])[O,S,#7,#15]):1]=O.[H][#8;X2R0:2][#6;A;X4;!$(C([OX…	
sssom	Dehydrogenation of primary alcohol	bt:DEHYDROGENATION_OF_PRIMARY_ALCOHOL	xmet:4000070	primary alcohol oxidation	skos:exactMatch	2	DEHYDROGENATION_OF_PRIMARY_ALCOHOL_PATTERN1|DEHYDROGENATION_OF_PRIMARY_ALCOHOL_PATTERN2	[CX4,CX3,NX2,NX3,NX4+]-,=[#6;A;X4H2,X3H1][#6;A;X4]([H])([H])[#8;A;X2][H] || [#8;A;H1X2]!@-[#6;A;H2X4]!@-[#6]=,:1[#6]=,:[#6][#6]=,:[#6][#6]=,:1	L:[CX4,CX3,NX2,NX3,NX4+:1]-,=[#6;A;X4H2,X3H1:2][#6;A;X4:3]([H])([H:5])[#… → R:[CX4,CX3,NX2,NX3,NX4+:1]-,=[#6;A;X4H2,X3H1:2][#6;A;X3:3]([H:5])=[#8;A;… || L:[H][#8;A;X2:8]!@-[#6;A;X4:7]([H])([H])!@-[#6:6]=,:1[#6:5]=,:[#6:4][#6:… → R:[H][#6;A;X3:7](!@=[#8;A;X1:8])!@-[#6:6]=,:1[#6:5]=,:[#6:4][#6:3]=,:[#6…	
sssom	Oxidation of long-chain alcohol	bt:LONG_CHAIN_ALCOHOL_OXIDATION	xmet:4000070	primary alcohol oxidation	skos:closeMatch	1	LONG_CHAIN_ALCOHOL_OXIDATION	[#6;R0]-,=[#6;R0]-,=[#6;R0]-,=[#6;R0]-,=[#6;R0]-,=[#6;R0]-,=[#6;R0]-,=[#6;R0]-,=[#6;R0]-,=[#6;R0]-,=	L:[#6:1]-,=[#6:2]-,=[#6:3]-,=[#6:4]-,=[#6:5]-,=[#6:6]-,=[#6:7]-,=[#6:8]-… → R:[#6:1]-,=[#6:2]-,=[#6:3]-,=[#6:4]-,=[#6:5]-,=[#6:6]-,=[#6:7]-,=[#6:8]-…	
sssom	Oxidation of primary alcohol to aldehyde	bt:OXIDATION_OF_PRIM_ALCOHOL_TO_ALDEHYDE	xmet:4000070	primary alcohol oxidation	skos:exactMatch	1	OXIDATION_OF_PRIM_ALCOHOL_TO_ALDEHYDE	[#6;A;H2X4;!$(C([OX2H])[O,S,#7,#15])][#8;H1X2]	L:[H][#8;X2:2][#6;A;!$(C([OX2H])[O,S,#7,#15]):1]([H])[H]… → R:[H][#6;A;!$(C([OX2H])[O,S,#7,#15]):1]=[O;X1:2]…	
sssom	Dehydrogenation of secondary alcohol	bt:DEHYDROGENATION_OF_SECONDARY_ALCOHOL	xmet:4000071	secondary alcohol oxidation	skos:exactMatch	2	DEHYDROGENATION_OF_SECONDARY_ALCOHOL_PATTERN1|DEHYDROGENATION_OF_SECONDARY_ALCOHOL_PATTERN2	[H][#6]@-1-[#6][#6,#8;A][#15,#6;A][CX4H2,N]@-[C;X4]@-1([H])!@-[#8;A;H1X2] || [H][#6]@-1-[#6][#6,#8;A][#15,#6;A]=[CX3,N]@-[C;X4]@-1([H])!@-[#8;A;H1X2]	L:[H][#8;A;X2:1]!@-[C;X4:2]@-1([H])@-[CX4H2,N:3][#15,#6;A:7][#6,#8;A:6][… → R:[H][#6:4]@-1-[#6:5][#6,#8;A:6][#15,#6;A:7][CX4H2,N:3]@-[#6;X3:2]@-1!@=… || L:[H][#8;A;X2:8]!@-[C;X4:7]@-1([H])@-[CX3,N:6]=[#15,#6;A:5][#6,#8;A:4][#… → R:[H:1][#6:2]@-1-[#6:3][#6,#8;A:4][#15,#6;A:5]=[CX3,N:6]@-[#6;X3:7]@-1!@…	
sssom	Oxidation of secondary alcohol to ketone	bt:OXIDATION_OF_SEC_ALCOHOL_TO_KETONE	xmet:4000071	secondary alcohol oxidation	skos:exactMatch	1	OXIDATION_OF_SEC_ALCOHOL_TO_KETONE	[#6][#6;A;H1X4;!$(C([OX2H])[O,S,#7,#15])]([#6])[#8;H1X2]	L:[H][#8;X2:1][#6;A;X4:3]([H])([#6:4])[#6:2]… → R:[#6:4][#6;A;X3:3]([#6:2])=[O;X1:1]…	
sssom	Aldehyde oxidation	bt:ALDEHYDE_OXIDATION	xmet:4000072	aldehyde oxidation	skos:exactMatch	1	ALDEHYDE_OXIDATION	[#6][C;X3H1]=[OX1]	L:[H][#6;A;X3:1]([#6:3])=[O;X1:2]… → R:[#6:3][CX3:1]([O][H])=[OX1:2]…	
sssom	Terminal desaturation	bt:TERMINAL_DESATURATION	xmet:4000073	alkene formation	skos:closeMatch	1	TERMINAL_DESATURATION_PATTERN1	[H][#6;X4R0](-[#6])[C;X4]([H])([H])[H]	L:[H][#6;X4R0:2](-[#6:1])[C;X4:3]([H])([H:4])[H:5]… → R:[H:4][#6;X3:3]([H:5])=[#6;X3R0:2][#6:1]…	
sssom	Hydrolysis of epoxide	bt:EPOXIDE_HYDROLYSIS	xmet:4000077	epoxide opening	skos:exactMatch	1	EPOXIDE_HYDROLYSIS	[H][C;X4]1([#6])[#8][C;X4]1([H])[#1,#6,#7,#8]	L:[H:1][C;X4:2]1([#6:3])[#8:4][C;X4:5]1([H:6])[#1,#6,#7,#8:7]… → R:[H:1][#8][#6;X3:2](-[#6:3])=[#6;X3:5]([#1,#6,#7,#8:7])-[#8:4][H:6]…	
sssom	Acyl hydrolysis of 4-nitrophenyl ester	bt:ACYL_HYDROLYSIS_OF_4_NITROPHENYL_ESTER	xmet:4000078	ester hydrolysis	skos:exactMatch	1	ACYL_HYDROLYSIS_OF_4_NITROPHENYL_ESTER	[#6]-[#6;X3](=O)-[#8;X2]-[#6;R1]=,:1[#6;R1]=,:[#6;R1][#6;R1](=,:[#6;R1][#6;R1]=,:1)-[#7;X3+](-[#8;X1	L:[#6:10]-[#6;X3:8](=[O:9])-[#8;X2:7]-[#6;R1:1]=,:1[#6;R1:2]=,:[#6;R1:3]… → R:[H][#8;X2:7]-[#6;X3:8](-[#6:10])=[O:9].[H][#8]-[#6;R1:1]=,:1[#6;R1:2]=…	
sssom	Hydrolysis of carboxylic acid ester	bt:HYDROLYSIS_OF_CARBOXYLIC_ACID_ESTER	xmet:4000078	ester hydrolysis	skos:exactMatch	2	HYDROLYSIS_OF_CARBOXYLIC_ACID_ESTER_PATTERN1|HYDROLYSIS_OF_CARBOXYLIC_ACID_ESTER_PATTERN2	[#6]-[#8;X2]!@-[#6](!@-[#6,#1;A])=[O;X1] || [#6]-[#8;X2]!@-[#6;X3](!@-[#6;a])=[O;X1]	L:[#6:1]-[#8;X2:2]!@-[#6:3](!@-[#6,#1;A:4])=[O;X1:5]… → R:[H][#8]-[#6:1].[H][#8;X2:2]!@-[#6:3](!@-[#6,#1;A:4])=[O;X1:5]… || L:[#6:1]-[#8;X2:2]!@-[#6;X3:3](!@-[#6;a:4])=[O;X1:5]… → R:[H][#8]-[#6:1].[H][#8;X2:2]!@-[#6;X3:3](!@-[#6;a:4])=[O;X1:5]…	
sssom	Ester hydrolysis of phenylacetate	bt:PHENYLACETATE_ESTER_HYDROLYSIS	xmet:4000078	ester hydrolysis	skos:exactMatch	1	PHENYLACETATE_ESTER_HYDROLYSIS	[#6;H3X4]-[#6;R0](=[O;R0])-[#8]-[c;R1]1[c;R1][c;R1][c;R1][c;R1][c;R1]1	L:[#6;H3X4:4]-[#6;R0:2](=[O;R0:3])-[#8:1]-[c;R1:5]1[c;R1:10][c;R1:9][c;R… → R:[H][#8]-[#6;R0:2](-[#6;H3X4:4])=[O;R0:3].[H][#8;X2:1]-[c;R1:5]1[c;R1:1…	
sssom	Hydrolysis of cyclic tertiary carboxamide	bt:HYDROLYSIS_OF_CYCLIC_TERTIARY_CARBOXAMIDE_PATTERN_1	xmet:4000079	amide hydrolysis	skos:closeMatch	1	HYDROLYSIS_OF_CYCLIC_TERTIARY_CARBOXAMIDE_PATTERN_1	[#6;!$(C=[O,N,S])]@[#7;H0X3]([#6;!$(C=[O,N,S])])@-[#6;A;X3](@-[#6])!@=[O;X1]	L:[#6;!$(C=[O,N,S]):4]@[#7;H0X3:3]([#6;!$(C=[O,N,S]):5])@-[#6;A;X3:1](@-… → R:[#6;!$(C=[O,N,S]):4]!@[#7;X3:3]([#6;!$(C=[O,N,S]):5])[H].[H][#8][#6;A;…	
sssom	Lactone hydrolysis	bt:LACTONE_HYDROLYSIS	xmet:4000080	lactone hydrolysis	skos:exactMatch	3	LACTONE_HYDROLYSIS_PATTERN1|LACTONE_HYDROLYSIS_PATTERN2|LACTONE_HYDROLYSIS_PATTERN3	[O;X1]=[#6;R1]-1-[#6;R1]-[#6;R1]-[#6;R1]-[#8;R1]-1 || [O;R0]=[#6;R1]=,:1[#6;R1]=,:[#6;R1][#6;R1]=,:[#6;R1][#8;R1]=,:1	L:[O;X1:1]=[#6;R1:2]-1-[#6;R1:3]-[#6;R1:4]-[#6;R1:5]-[#8;R1:6]-1… → R:[H][#8]-[#6:5]-[#6:4]-[#6:3]-[#6:2](=[O;X1:1])-[#8:6][H]… || L:[O;R0:7]=[#6;R1:6]=,:1[#6;R1:5]=,:[#6;R1:4][#6;R1:3]=,:[#6;R1:2][#8;R1… → R:[H][#8;R0:1][#6;R0:2]=[#6;R0:3]/[#6;R0:4]=[#6;R0:5][#6;R0:6](=[O;R0:7]…	
sssom	Hydrolysis of O-arylcarbamate	bt:HYDROLYSIS_OF_O_ARYL_CARBAMATE	xmet:4000082	carbamate hydrolysis	skos:exactMatch	1	HYDROLYSIS_OF_O_ARYL_CARBAMATE	[#6;!$(C=[O,N,S])]-[#7;X3](-[#1,$([#6;!$(C=[O,N,S])])])-[#6;X3](=[O;X1])-[#8;X2]!@-[#6]=,:1[#6]=,:[#	L:[#6;!$(C=[O,N,S]):1]-[#7;X3:2](-[#1,$([#6;!$(C=[O,N,S])]):3])-[#6;X3:4… → R:[H][#8;X2:6]-[#6;X3:4](=[O;X1:5])-[#7;X3:2](-[#6;!$(C=[O,N,S]):1])-[#1…	
sssom	D-Glycoside hydrolysis	bt:D_GLYCOSIDE_HYDROLYSIS	xmet:4000084	ether cleavage	skos:closeMatch	1	D_GLYCOSIDE_HYDROLYSIS	[#6]-[#8,#16;X2][#6;A;H1X4R1]1[#8][#6;A;H1X4R1;@]([#6;A;H2X4R0][#8;A;H1X2])[#6;A;H1X4R1]([#8;OX2H1,$	L:[#6:1]-[#8,#16;X2:2][#6;A;H1X4R1:3]1[#8:4][#6;A;H1X4R1;@:5]([#6;A;H2X4… → R:[H][#8,#16;X2:2]-[#6:1].[H][#8][#6;A;X4R1:3]1[#8:4][#6;A;H1X4R1;@:5]([…	
sssom	Glycoside hydrolysis	bt:GLYCOSIDE_HYDROLYSIS	xmet:4000084	ether cleavage	skos:closeMatch	1	GLYCOSIDE_HYDROLYSIS	[#6][!#1!#6;$([#8;X2;R0]),$([#16;X2;R0])][#6;A;H1X4R1]1[#8][#6;A;H1X4R1]([#1,$([#6;CX4H3,$(C(=O)[OX2	L:[#6:1][!#1!#6;$([#8;X2;R0]),$([#16;X2;R0]):2][#6;A;H1X4R1:3]1[#8:4][#6… → R:[H][!#1!#6:2][#6:1].[H][#8][#6;A;X4R1:3]1[#8:4][#6;A;H1X4R1:5]([#1,$([…	
sssom	Degradation of aliphatic nitrile to carboxylic acid	bt:ALIPHATIC_NITRILE_DEGRADATION_TO_CARBOXYLIC_ACID	xmet:4000088	nitrile hydrolysis	skos:closeMatch	1	ALIPHATIC_NITRILE_DEGRADATION_TO_CARBOXYLIC_ACID	[#6;A;X3,X4][C;X2]#[N;X1]	L:[#6;A;X3,X4:3][C;X2:2]#[N;X1:1]… → R:[H][#7;X3:1]([H])[H].[H][#8]-[#6;X3:2]([#6;A;X3,X4:3])=O…	
sssom	Degradation of nitrile to carboxamide	bt:NITRILE_DEGRADATION_TO_AMIDE	xmet:4000088	nitrile hydrolysis	skos:closeMatch	3	NITRILE_DEGRADATION_TO_AMIDE_PATTERN1|NITRILE_DEGRADATION_TO_AMIDE_PATTERN2|NITRILE_DEGRADATION_TO_AMIDE_PATTERN3	[N;X1R0]#[C;X2R0][#6;R1]=,:1[#6;R1]=,:[#6;R1][#6;R1]=,:[#6;R1][#6;R1]=,:1 || [N;X1R0]#[C;X2R0][#6;R1]1=,:[#6;R1][#6;R1]=,:[#6;R1][#6;R2]=,:2[#6;R1]=,:[#6;R1][#6;R1]=,:[#6;R1][#6	L:[N;X1R0:1]#[C;X2R0:2][#6;R1:3]=,:1[#6;R1:4]=,:[#6;R1:5][#6;R1:6]=,:[#6… → R:[H][#7;X3R0:1]([H])-[#6;X3R0:2](=O)-[#6;R1:3]=,:1[#6;R1:4]=,:[#6;R1:5]… || L:[N;X1R0:1]#[C;X2R0:2][#6;R1:3]1=,:[#6;R1:4][#6;R1:5]=,:[#6;R1:6][#6;R2… → R:[H][#7;X3R0:1]([H])-[#6;X3R0:2](=O)-[#6;R1:3]1=,:[#6;R1:4][#6;R1:5]=,:…	
sssom	Degradation of nitrile to carboxylic acid	bt:NITRILE_DEGRADATION_TO_CARBOXYLIC_ACID	xmet:4000088	nitrile hydrolysis	skos:closeMatch	1	NITRILE_DEGRADATION_TO_CARBOXYLIC_ACID	[#6]!@-[C;X2]#[N;X1]	L:[#6:1]!@-[C;X2:2]#[N;X1:3]… → R:[H][#7;X3:3]([H])[H].[H][#8]-[#6;X3:2](!@-[#6:1])=O…	
sssom	Reduction of alpha,beta-unsaturated carbon-carbon double bond adjacent to electron withdrawing group	bt:REDUCTION_OF_ALPHA_BETA_CARBON_DOUBLE_BOND_ADJACENT_TO_EWG	xmet:4000091	alkene hydrogenation	skos:closeMatch	3	REDUCTION_OF_ALPHA_BETA_CARBON_DOUBLE_BOND_ADJACENT_TO_EWG_PATTERN1|REDUCTION_OF_ALPHA_BETA_CARBON_DOUBLE_BOND_ADJACENT_TO_EWG_PATTERN2|REDUCTION_OF_ALPHA_BETA_CARBON_DOUBLE_BOND_ADJACENT_TO_EWG_PATTERN3	[#6;$([CX3](=[OX1])[#1]),$([CX2]#[NX1]),$([CX3](=[OX1])[#6]),$([NX3+1](=[OX1])[OX1-]),$([CX3](=[OX1] || [#6][#6;A;X3;$([CX3;R0]),$([CX3R1])]([*,#1])=[#6;A;X3;$([CX3;R0]),$([CX3;R1])](/[$([$([CX3H1][#6]),$	L:[#6;$([CX3](=[OX1])[#1]),$([CX2]#[NX1]),$([CX3](=[OX1])[#6]),$([NX3+1]… → R:[H][C;X3:2]([#6;$([CX3](=[OX1])[#1]),$([CX2]#[NX1]),$([CX3](=[OX1])[#6… || L:[#6:1][#6;A;X3;$([CX3;R0]),$([CX3R1]):2]([*,#1:3])=[#6;A;X3;$([CX3;R0]… → R:[H][#6;A;X4:2]([#6:1])([*,#1:3])[#6;A;X4:4]([H])([$([$([CX3H1][#6]),$(…	
sssom	Reduction of alpha,beta-unsaturated compound	bt:REDUCTION_OF_ALPHA_BETA_UNSATURATED_COMPOUNDS	xmet:4000091	alkene hydrogenation	skos:closeMatch	3	REDUCTION_OF_ALPHA_BETA_UNSATURATED_COMPOUNDS_PATTERN1|REDUCTION_OF_ALPHA_BETA_UNSATURATED_COMPOUNDS_PATTERN2|REDUCTION_OF_ALPHA_BETA_UNSATURATED_COMPOUNDS_PATTERN3	[*,#1;#1,#6,$([#8]-[#6]),Cl,Br,I][#6;A;X3]([*,#1;#1,#6,$([#8]-[#6]),Cl,Br,I])=[#6;A;X3](/[*,#1;#1,#6 || [*,#1;#1,#6,$([#8]-[#6]),Cl,Br,I]-[#6;X3](-[*,#1;#1,#6,$([#8]-[#6]),Cl,Br,I])=[#6;X3](-[C;X2]#[N;X1]	L:[*,#1;#1,#6,$([#8]-[#6]),Cl,Br,I:1][#6;A;X3:2]([*,#1;#1,#6,$([#8]-[#6]… → R:[H][#6;A;X4:2]([*,#1;#1,#6,$([#8]-[#6]),Cl,Br,I:1])([*,#1;#1,#6,$([#8]… || L:[*,#1;#1,#6,$([#8]-[#6]),Cl,Br,I:3]-[#6;X3:2](-[*,#1;#1,#6,$([#8]-[#6]… → R:[H][C;X4:2]([*,#1;#1,#6,$([#8]-[#6]),Cl,Br,I:3])([*,#1;#1,#6,$([#8]-[#…	
sssom	Reduction of azobenzene	bt:REDUCTION_OF_AZOBENZENE	xmet:4000097	azo reduction	skos:exactMatch	1	REDUCTION_OF_AZOBENZENE	[#6]=,:1[#6]=,:[#6][#6;R1](=,:[#6][#6]=,:1)[#7;X2R0]=[#7;X2R0][#6;R1]=,:1[#6]=,:[#6][#6]=,:[#6][#6]=	L:[#6:3]=,:1[#6:4]=,:[#6:5][#6;R1:6](=,:[#6:1][#6:2]=,:1)[#7;X2R0:7]=[#7… → R:[H][#7;X3R0:8]([H])-[#6;R1:9]=,:1[#6:10]=,:[#6:11][#6:12]=,:[#6:13][#6…	
sssom	Reduction of ketone to alcohol	bt:REDUCTION_OF_KETONE_TO_ALCOHOL	xmet:4000102	ketone reduction	skos:exactMatch	1	REDUCTION_OF_KETONE_TO_ALCOHOL	[#6]-[#6;X3](-[#6])=[O;X1]	L:[#6:1]-[#6;X3:2](-[#6:4])=[O;X1:3]… → R:[H][#8;X2:3][C;X4:2]([H])([#6:1])[#6:4]…	
sssom	Reduction of aldehyde	bt:ALDEHYDE_REDUCTION	xmet:4000103	aldehyde reduction	skos:exactMatch	1	ALDEHYDE_REDUCTION	[#6][C;X3H1]=[OX1]	L:[H][#6;A;X3:1]([#6:3])=[O;X1:2]… → R:[H][#8;X2:2][#6;A;X4:1]([H])([H])[#6:3]…	
sssom	Reduction of aldehyde to alcohol	bt:REDUCTION_OF_ALDEHYDES_TO_ALCOHOL	xmet:4000103	aldehyde reduction	skos:exactMatch	1	REDUCTION_OF_ALDEHYDES_TO_ALCOHOL	[H][#6;A;X3]([#6])=[#8;A;X1;!$(O=C~[!#1!#6])]	L:[H:4][#6;A;X3:1]([#6:3])=[#8;A;X1;!$(O=C~[!#1!#6]):2]… → R:[H][#8;A;X2:2][#6;A;X4:1]([H:4])([H])[#6:3]…	
sssom	Reduction of quinone	bt:QUINONE_REDUCTION	xmet:4000104	quinone-like reduction	skos:closeMatch	2	QUINONE_REDUCTION_PATTERN1|QUINONE_REDUCTION_PATTERN2	[#6,#1;A;R0][#6;R1]1=,:[#6;R1]([#6,#1;A;R0])[#6;R1](=[O;X1])[#6;R1]([#6,#1;A;R0])=,:[#6;R1]([#6,#1;A || [#6,#1;A;R0]!@-[#6;R1]1=,:[#6;R1](!@-[#6,#1;A;R0])[#6;R1](=[O;X1])[#6;R2]=,:2[#6;R1]=,:[#6;R1][#6;R1	L:[#6,#1;A;R0:9][#6;R1:3]1=,:[#6;R1:4]([#6,#1;A;R0:10])[#6;R1:5](=[O;X1:… → R:[H][#8;X2:2]-[#6;R1:8]-1=[#6;R1:3]([#6,#1;A;R0:9])-[#6;R1:4]([#6,#1;A;… || L:[#6,#1;A;R0:9]!@-[#6;R1:3]1=,:[#6;R1:4](!@-[#6,#1;A;R0:10])[#6;R1:5](=… → R:[H][#8;X2:2]-[#6;R1:8]-1=[#6;R1:3](!@-[#6,#1;A;R0:9])-[#6;R1:4](!@-[#6…	
sssom	Reduction of carbonyl	bt:CARBONYL_REDUCTION	xmet:4000105	carbonyl reduction	skos:closeMatch	1	CARBONYL_REDUCTION	[#6][#6;A;X3;!$(C([OX2H])[O,S,#7,#15])]([#6;$([#6;A]=[#6;A]),$([#6;a]:[#6;a])])=[O;X1]	L:[#6:3][#6;A;X3;!$(C([OX2H])[O,S,#7,#15]):2]([#6;$([#6;A]=[#6;A]),$([#6… → R:[H][#8;X2:4][#6;A;X4:2]([H])([#6:3])[#6;$([#6;A]=[#6;A]),$([#6;a]:[#6;…	
sssom	Reduction of sulfoxide to thioether	bt:SULFOXIDE_REDUCTION_TO_THIOETHER	xmet:4000107	sulfoxide reduction	skos:exactMatch	2	SULFOXIDE_REDUCTION_TO_THIOETHER_PATTERN1|SULFOXIDE_REDUCTION_TO_THIOETHER_PATTERN2	[#6]-[S;X3](=[OX1])-[#6] || [#6][S;X3+]([#6])[#8;X1-]	L:[#6:2]-[S;X3:1](=[OX1])-[#6:3]… → R:[#6:2]-[S;X2:1]-[#6:3]… || L:[#6:4][S;X3+:2]([#6:1])[#8;X1-:3]… → R:[H][#8;X2:3][H].[#6:4]-[#16;X2:2]-[#6:1]…	
sssom	Decarboxylation of benzoic acid	bt:BENZOIC_ACID_DECARBOXYLATION	xmet:4000121	decarboxylation	skos:closeMatch	1	BENZOIC_ACID_DECARBOXYLATION	[H][#8;X2]-[#6;R1]1=,:[#6;R1]([H])[#6;R1](=,:[#6;R1]([H])[#6;R1](-[#1,$([O][H]),$([O][C](-[H])(-[H])	L:[H:1][#8;X2:2]-[#6;R1:3]1=,:[#6;R1:4]([H:5])[#6;R1:6](=,:[#6;R1:7]([H:… → R:[H:1][#8;X2:2]-[#6;R1:3]1=,:[#6;R1:4]([H:5])[#6;R1:6]([H])=,:[#6;R1:7]…	
sssom	Decarboxylation of hydroxycinnamic acid	bt:HYDROXYCINNAMIC_ACID_DECARBOXYLATION	xmet:4000121	decarboxylation	skos:closeMatch	1	HYDROXYCINNAMIC_ACID_DECARBOXYLATION	[H][#6;A;X3](=[#6;A;H1X3]/[#6;R1]=,:1[#6;R1]=,:[#6;R1](-[#1,$([O][H]),$([O][C](-[H])(-[H])[H])])[#6;	L:[H][#8;A][#6](=[O;X1])[#6;A;X3:11]([H:12])=[#6;A;H1X3:10][#6;R1:6]=,:1… → R:[H][#6;A;X3:11]([H:12])=[#6;A;H1X3:10][#6;R1:6]=,:1[#6;R1:5]=,:[#6;R1:…	
sssom	Decarboxylation of phenolic acid	bt:PHENOLIC_ACID_DECARBOXYLATION	xmet:4000121	decarboxylation	skos:closeMatch	1	PHENOLIC_ACID_DECARBOXYLATION	[#8;A;H1X2][#6;R1]1=,:[#6;R1][#6;R1]=,:[#6;R1]([#6;R1]=,:[#6;R1]1-[#1,$([O][H]),$([O][C](-[H])(-[H])	L:[H:14][#6;A;X3:10](=[#6;A;H1X3:9]/[#6;R1:8]1=,:[#6;R1:1][#6;R1:2]=,:[#… → R:[H][#6:12]([#8;A;X1-,X2H1:13])=[O;X1:11].[H:14][#6;A;X3:10]([H])=[#6;A…	
sssom	Desulfuration of organophosphorodithioate	bt:DESULFURATION_OF_ORGANOPHOSPHORODITHIOATES	xmet:4000135	desulfuration	skos:exactMatch	1	DESULFURATION_OF_ORGANOPHOSPHORODITHIOATES	[#6][#16;A;X2][P;X4]([#8])([#8])=[S;v2X1]	L:[#6:1][#16;A;X2:2][P;X4:3]([#8:4])([#8:5])=[S;v2X1]… → R:[#6:1][#16;A;X2:2][P;X4:3]([#8:4])([#8:5])=[O;X1]…	
sssom	Desulfuration of organophosphothioate	bt:DESULFURATION_OF_ORGANOPHOSPHOROTHIOATES	xmet:4000135	desulfuration	skos:exactMatch	1	DESULFURATION_OF_ORGANOPHOSPHOROTHIOATES	[#6][#8,#16;A;X2][P;X4]([#8])([#8])=[S;v2X1]	L:[#6:1][#8,#16;A;X2:2][P;X4:3]([#8:4])([#8:5])=[S;v2X1]… → R:[#6:1][#8,#16;A;X2:2][P;X4:3]([#8:4])([#8:5])=[O;X1]…	
sssom	Glucuronide hydrolysis from beta-D-glucuronoside	bt:BETA_D_GLUCORONOSIDE_GLUCURONOSOHYDROLYSIS	xmet:4000137	deglucuronidation	skos:exactMatch	1	BETA_D_GLUCORONOSIDE_GLUCURONOSOHYDROLYSIS	[H][#8]-[#6](=O)[C@@;R1]1([H])[#8;R1][C@@;R1]([H])([#8;R0]!@-[#6])[C@;R1]([H])([#8][H])[C@@;R1]([H])	L:[#6:8]!@-[#8;X2R0:7][#6;A@@H;H1X4R1:6]1[#8;R1:5][#6;A@@H;H1X4R1:4]([#6… → R:[H][#8]-[#6:8].[H][#8;X2R0:7][#6;A@@H;H1X4R1:6]1[#8;R1:5][#6;A@@H;H1X4…	
sssom	Glucuronide hydrolysis from beta-glucuronoside	bt:BETA_GLUCORONOSIDE_GLUCURONOSOHYDROLYSIS	xmet:4000137	deglucuronidation	skos:exactMatch	1	BETA_GLUCORONOSIDE_GLUCURONOSOHYDROLYSIS	[H][#8]-[#6](=O)[C@@;R1]1([H])[#8;R1][C@@;R1]([H])([#8;R0]!@-[#6])[C;R1]([H])([#8][H])[C@@;R1]([H])(	L:[#6:8]!@-[#8;X2R0:7][#6;A@@H;H1X4R1:6]1[#8;R1:5][#6;A@@H;H1X4R1:4]([#6… → R:[H][#8]-[#6:8].[H][#8;X2R0:7][#6;A@@H;H1X4R1:6]1[#8;R1:5][#6;A@@H;H1X4…	
sssom	Sulfohydrolysis of arylsulfate	bt:ARYLSULFATE_SULFOHYDROLYSIS	xmet:4000138	desulfation	skos:exactMatch	1	ARYLSULFATE_SULFOHYDROLYSIS	[#8;A;X2H1,X1-][S;X4](=[O;X1])(=[O;X1])[#8]-[#6;R1]=,:1[#6]=,:[#6][#6]=,:[#6][#6;R1]=,:1	L:[#8;A;X2H1,X1-:1][S;X4:2](=[O;X1:3])(=[O;X1:4])[#8:5]-[#6;R1:6]=,:1[#6… → R:[H][#8:5][S;X4:2]([#8;A;X2H1,X1-:1])(=[O;X1:3])=[O;X1:4].[H][#8]-[#6;R…	
sssom	Steroid 3-sulfate hydrolysis	bt:STEROID_3_SULFATE_HYDROLYSIS	xmet:4000138	desulfation	skos:closeMatch	2	STEROID_3_SULFATE_HYDROLYSIS_PATTERN1|STEROID_3_SULFATE_HYDROLYSIS_PATTERN2	[#1,#6,#8]-,=[#6]1-[#6]-[#6]-[#6]2-[#6]-3-[#6]-[#6]-,=[#6]-4-,=[#6]-[#6](-[#6]-,=[#6]-[#6]-4-[#6]-3[ || [#1,#6,#8]-,=[#6]1-[#6]-[#6]-[#6]2-[#6]-3-[#6]-,=[#6]-[#6]4=,:[#6][#6](=,:[#6][#6]=,:[#6]4-[#6]-3[#6	L:[#1,#6,#8:1]-,=[#6:2]1-[#6:3]-[#6:4]-[#6:5]2-[#6:6]-3-[#6:7]-[#6:8]-,=… → R:[H][#8][S:21]([#8;A;X2H1,X1-:22])(=[O:23])=[O:24].[#1,#6,#8:1]-,=[#6:2… || L:[#1,#6,#8:1]-,=[#6:2]1-[#6:3]-[#6:4]-[#6:5]2-[#6:6]-3-[#6:7]-,=[#6:8]-… → R:[H][#8][S:21]([#8;A;X2H1,X1-:24])(=[O:22])=[O:23].[#1,#6,#8:1]-,=[#6:2…	
sssom	Dearylation of organphosphosulfur compound	bt:DEARYLATION_OF_ORGANOPHOSPHOSULFUR_COMPOUNDS	xmet:4000143	dearylation	skos:exactMatch	1	DEARYLATION_OF_ORGANOPHOSPHOSULFUR_COMPOUNDS_PATTERN2	[#6;a]-[#8;X2R0][P;X4]([#8])([#8])=[!#1!#6;X1;R0]	L:[#6;a:6]-[#8;X2R0:3][P;X4:1]([#8:2])([#8:4])=[!#1!#6;X1,R0:5]… → R:[#6;a:6]-[#8].[H][#8;X2R0:3][P;X4:1]([#8:2])([#8:4])=[!#1!#6;X1,R0:5]…	
sssom	alpha-Hydroxylation of carbonyl group	bt:ALPHA_HYDROXYLATION_OF_CARBONYL_GROUP	xmet:4000144	alpha-hydroxylation	skos:exactMatch	1	ALPHA_HYDROXYLATION_OF_CARBONYL_GROUP	[H][C;X4]([#1,#6])([#1,#6])[#6;X3]([#8,#7,#6,#16,#1,#17,#9,#35,#53;A])=[O;X1]	L:[H][C;X4:1]([#1,#6:5])([#1,#6:6])[#6;X3:2]([#8,#7,#6,#16,#1,#17,#9,#35… → R:[H][#8][C;X4:1]([#1,#6:5])([#1,#6:6])[#6;X3:2]([#8,#7,#6,#16,#1,#17,#9…	
sssom	Aromatic OH-glucuronidation	bt:AROMATIC_OH_GLUCURONIDATION	xmet:4000150	phenolic glucuronidation	skos:exactMatch	1	AROMATIC_OH_GLUCURONIDATION	[#8;H1X2]-[#6,#7,#16;a]	L:[H:1][#8;X2:2]-[#6,#7,#16;a:3]… → R:[H:1]C1([#8;X2:2]-[#6,#7,#16;a:3])[#8]-[#6@@H](-[#6@@H](-[#8])-[#6@H](…	
sssom	3-OH-Glucuronidation of a phenolic compound	bt:_3_OH_GLUCURONIDATION_OF_PHENOLIC_COMPOUND	xmet:4000150	phenolic glucuronidation	skos:closeMatch	1	_3_OH_GLUCURONIDATION_OF_PHENOLIC_COMPOUND	[#6]!@-[#6;R1]1=,:[#6;R1][#6;R1](!@-[#8;A;X1-,X2H1])=,:[#6;R1][#6;H1X3R1]=,:[#6;H1X3R1]1	L:[H:9][#8;A:5]!@-[#6;R1:4]1=,:[#6;R1:6][#6;H1X3R1:7]=,:[#6;H1X3R1:8][#6… → R:[H:9][#8]-[#6](=O)-[#6]-1-[#8]-[#6]([#8;A:5]!@-[#6;R1:4]2=,:[#6;R1:6][…	
sssom	Alkyl-OH-glucuronidation	bt:ALKYL_OH_GLUCURONIDATION	xmet:4000151	alcoholic glucuronidation	skos:exactMatch	1	ALKYL_OH_GLUCURONIDATION	[H][#8;X2][#6;A;X4]([#6])([#6,#1])[#6,#1]	L:[H][#8;X2:1][#6;A;X4:2]([#6:3])([#6,#1:5])[#6,#1:4]… → R:[H][#8]-[#6](=O)C1([H])[#8]C([H])([#8;X2:1][#6;A;X4:2]([#6:3])([#6,#1:…	
sssom	O-Glucuronidation of aliphatic acid	bt:ALIPHATIC_ACYL_O_GLUCURONIDATION	xmet:4000152	acyl glucuronidation	skos:exactMatch	1	ALIPHATIC_ACYL_O_GLUCURONIDATION	[#6;A;!$(C(-[NX3H2])-[CX3](=O)[OX2H1,OX1-])][#6;A;X3]([#8;H1X2])=O	L:[H:5][#8;X2:1][#6;A;X3:2]([#6;A;!$(C(-[NX3H2])-[CX3](=O)[OX2H1,OX1-]):… → R:[H:5]C1([#8;X2:1][#6;A;X3:2]([#6;A;!$(C(-[NX3H2])-[CX3](=O)[OX2H1,OX1-…	
sssom	O-Glucuronidation of aromatic acid	bt:AROMATIC_ACYL_O_GLUCURONIDATION	xmet:4000152	acyl glucuronidation	skos:exactMatch	1	AROMATIC_ACYL_O_GLUCURONIDATION	[#6;a]-[#6]([#8;A;X2H1,X1-])=O	L:[H][#8;A:1][#6;X3:2](-[#6;a:3])=[O;X1:4]… → R:[#6;a:3]-[#6;X3:2](=[O;X1:4])[#8;A:1][#6@H]-1-[#8]-[#6@@H](-[#6@@H](-[…	
sssom	Glucuronidation of primary aromatic amine	bt:GLUCURONIDATION_OF_PRIMARY_AROMATIC_AMINE	xmet:4000153	N-glucuronidation	skos:closeMatch	1	GLUCURONIDATION_OF_PRIMARY_AROMATIC_AMINE	[#6;a]-[N;X3;H2]	L:[H:3][#7;X3:2]([H])-[#6;a:1]… → R:[H:3][#7;X3:2](-[#6;a:1])-[#6]-1-[#8]-[#6](-[#6](-[#8])-[#6](-[#8])-[#…	
sssom	Thiol glucuronidation	bt:THIOL_GLUCURONIDATION	xmet:4000155	S-glucuronidation	skos:exactMatch	1	THIOL_GLUCURONIDATION	[#6]-[#16;H1X2]	L:[H][#16;X2:2]-[#6:1]… → R:[#6:1]-[#16;X2:2]-[#6@H]-1-[#8]-[#6@@H](-[#6@@H](-[#8])-[#6@H](-[#8])-…	
sssom	Thiophenol glucuronidation	bt:THIOPHENOL_GLUCURONIDATION	xmet:4000155	S-glucuronidation	skos:closeMatch	1	THIOPHENOL_GLUCURONIDATION	[#16;H1X2]-[#6;R1]=,:1[#6;R1]=,:[#6;R1][#6;R1]=,:[#6;R1][#6;R1]=,:1	L:[H][#16;X2:1]-[#6;R1:2]=,:1[#6;R1:3]=,:[#6;R1:4][#6;R1:5]=,:[#6;R1:6][… → R:[#8]-[#6@@H]-1-[#6@@H](-[#8])-[#6@H](-[#8]-[#6@@H](-[#6@H]-1-[#8])-[#6…	
sssom	1,3-Dicarbonyl C-glucuronidation	bt:_13_DICARBONYL_C_GLUCURONIDATION	xmet:4000156	C-glucuronidation	skos:exactMatch	1	_13_DICARBONYL_C_GLUCURONIDATION	[O;X1]=[#6;X3]-[#6;X4H2]-[#6;X3]=[O;X1]	L:[H][C;X4:1]([H])([#6;X3:4]=[O;X1:5])[#6;X3:2]=[O;X1:3]… → R:[H][C;X4:1]([#6;X3:2]=[O;X1:3])([#6;X3:4]=[O;X1:5])[#6]-1-[#8]-[#6@@H]…	
sssom	3-OH-Sulfonation of phenolic compound	bt:_3_O_SULFATION_OF_PHENOLIC_COMPOUND	xmet:4000160	phenolic sulfation	skos:closeMatch	1	_3_O_SULFATION_OF_PHENOLIC_COMPOUND	[H][#6;R1]1=,:[#6;R1][#6;R1]([#8;A;H1X2])=,:[#6;R1][#6;R1](!@-[*,#1;$([#6;R1]1=,:[#6;R1][#6;R1]=,:[#	L:[H:11][#8;A;X2:1][#6;R1:2]=,:1[#6;R1:3]=,:[#6;R1:4]([H:5])[#6;R1:6]([H… → R:[H:11][#8]S(=O)(=O)[#8;A;X2:1][#6;R1:2]=,:1[#6;R1:3]=,:[#6;R1:4]([H:5]…	
sssom	4-OH-Sulfonation of phenolic compound	bt:_4_O_SULFATION_OF_PHENOLIC_COMPOUND	xmet:4000160	phenolic sulfation	skos:closeMatch	1	_4_O_SULFATION_OF_PHENOLIC_COMPOUND	[H][#6;R1]1=,:[#6;R1][#6;R1](!@-[#8;H1X2R0])=,:[#6;R1][#6;R1]([H])=,:[#6;R1]1!@-[*,#1;$([#6;R1]1=,:[	L:[H:11][#8;X2R0:5]!@-[#6;R1:4]=,:1[#6;R1:3]=,:[#6;R1:2]([H:1])[#6;R1:9]… → R:[H:11][#8]S(=O)(=O)[#8;X2R0:5]!@-[#6;R1:4]=,:1[#6;R1:3]=,:[#6;R1:2]([H…	
sssom	Sulfation of primary alcohol	bt:SULFATION_OF_PRIMARY_ALCOHOL	xmet:4000161	alcoholic sulfation	skos:exactMatch	1	SULFATION_OF_PRIMARY_ALCOHOL	[#6;A;H2X4;!$(C([OX2H])[O,S,#7,#15])][#8;H1X2]	L:[H][#8;X2:1][#6;A;!$(C([OX2H])[O,S,#7,#15]):2](-[H])[H]… → R:[H][#8;X2]S(=O)(=O)[#8;X2:1][#6;A;X4:2]([H])[H]…	
sssom	Sulfation of secondary alcohol	bt:SULFATION_OF_SECONDARY_ALCOHOL	xmet:4000161	alcoholic sulfation	skos:closeMatch	1	SULFATION_OF_SECONDARY_ALCOHOL	[H][#8][#6;A;H1X4;!$(C([OX2H])[O,S,#7,#15])]([H])([#6])[#6]	L:[H][#8:1][#6;A;H1X4;!$(C([OX2H])[O,S,#7,#15]):2]([H:3])([#6:5])[#6:4]… → R:[H][#8]S(=O)(=O)[#8:1][#6;A;H1X4;!$(C([OX2H])[O,S,#7,#15]):2]([H:3])([…	
sssom	Deacetylation of arylacetamide	bt:ARYLACETAMDE_DEACETYLATION	xmet:4000166	deacetylation	skos:closeMatch	1	ARYLACETAMDE_DEACETYLATION	[#6;A;H3X4][#6](=O)-[#7;X3](-[#1,OX2H1])-[#6]=,:1[#6]=,:[#6][#6]=,:[#6][#6]=,:1	L:[#6;A;H3X4:11][#6:9](=[O:10])-[#7;X3:7](-[#1,OX2H1:8])-[#6:1]=,:1[#6:2… → R:[H][#8]-[#6:9]([#6;A;H3X4:11])=[O:10].[H][#7;X3:7](-[#1,OX2H1:8])-[#6:…	
sssom	GSH-conjugation of arene epoxide	bt:GSH_CONJUGATION_OF_ARENE_EPOXIDE	xmet:4000169	epoxide glutathionation	skos:closeMatch	1	GSH_CONJUGATION_OF_ARENE_EPOXIDE	[#8;X2]-1-[#6;X3]-2=[#6;X3]-1-[#6]=[#6]-[#6]=[#6]-2	L:[#8;X2:1]-1-[#6;X3:3]-2=[#6;X3:2]-1-[#6:7]=[#6:6]-[#6:5]=[#6:4]-2… → R:[H][#8;X2:1][C;X4:3]1([H])[#6:4]=[#6:5]-[#6:6]=[#6:7][C;X4:2]1([H])[#1…	
sssom	GSH-conjugation of epoxide	bt:GSH_CONJUGATION_OF_EPOXIDE	xmet:4000169	epoxide glutathionation	skos:exactMatch	1	GSH_CONJUGATION_OF_EPOXIDE	[#6]-[#6;X4]-1-[#8]-[#6;X4]-1-[#1,#6,#7,#8]	L:[#6:5]-[#6;X4:4]-1-[#8:3]-[#6;X4:2]-1-[#1,#6,#7,#8:1]… → R:[H][#8:3]-[#6;X4:2](-[#1,#6,#7,#8:1])-[#6;X4:4](-[#6:5])-[#16;X2]-[#6]…	
sssom	GSH-conjugation of aryl halide	bt:GSH_CONJUGATION_OF_ARYL_HALIDE	xmet:4000170	halide displacement glutathionation	skos:closeMatch	3	GSH_CONJUGATION_OF_ARYL_HALIDE_PATTERN1|GSH_CONJUGATION_OF_ARYL_HALIDE_PATTERN2|GSH_CONJUGATION_OF_ARYL_HALIDE_PATTERN3	[!#1!#6;F,Cl,Br,I,$([N+]),$([#7;X3+](-[#8;X1-])=[O;X1]),$([#6]~[C;X4](F)(F)F),$([C;X4](Cl)(Cl)Cl),$( || [#1,!#6;F,Cl,Br,I,$([N+]),$([#7;X3+](-[#8;X1-])=[O;X1]),$([#6]~[C;X4](F)(F)F),$([C;X4](Cl)(Cl)Cl),$(	L:[#6;a:1]-[F,Cl,Br,I:2]… → R:[F,Cl,Br,I:2][H].[#6;a:1]-[#16]-[#6]-[#6](-[#7]-[#6](=O)-[#6]-[#6]-[#6… || L:[#1,!#6;F,Cl,Br,I,$([N+]),$([#7;X3+](-[#8;X1-])=[O;X1]),$([#6]~[C;X4](… → R:[F,Cl,Br,I:6][H].[#7]-[#6](-[#6]-[#6]-[#6](=O)-[#7]-[#6](-[#6]-[#16]-[…	
sssom	GSH-conjugation of isocyanate	bt:GSH_CONJUGATION_OF_ISOCYANATE	xmet:4000171	isocyanate glutathionation	skos:exactMatch	1	GSH_CONJUGATION_OF_ISOCYANATE	[#6]-[#7;X2]=[C;X2]=[O;X1]	L:[#6:1]-[#7;X2:2]=[C;X2:3]=[O;X1:4]… → R:[H][#7;X3:2](-[#6:1])-[#6;X2:3](=[O;X1:4])-[#16;X2]-[#6]-[#6@H](-[#7]-…	
sssom	GSH-conjugation of quinone	bt:GSH_CONJUGATION_OF_QUINONE	xmet:4000173	quinone-like glutathionation	skos:closeMatch	2	GSH_CONJUGATION_OF_QUINONE_PATTERN1|GSH_CONJUGATION_OF_QUINONE_PATTERN2	[H][#6;R1]-1=[#6]-[#6]=[#6;R1]-[#6;R1](=[O;X1R0])-[#6;R1]-1=[O;X1R0] || [H][#6]-1=[#6]-[#6;R1](=[O;X1R0])-[#6;R1]=[#6;R1]-[#6;R1]-1=[O;X1R0]	L:[H][#6;R1:2]-1=[#6:1]-[#6:8]=[#6;R1:7]-[#6;R1:5](=[O;X1R0:6])-[#6;R1:3… → R:[H][#8;R0:6]-[#6;R1:5]-1=[#6;R1:3](-[#8;R0:4][H])-[#6;R1:2](-[#16]-[#6… || L:[H][#6:2]-1=[#6:1]-[#6;R1:8](=[O;X1R0:6])-[#6;R1:7]=[#6;R1:5]-[#6;R1:3… → R:[H][#8;X2R0:6]-[#6;R1:8]-1=[#6:1]-[#6:2](-[#16]-[#6]-[#6@H](-[#7]-[#6]…	
sssom	Thioether S-methylation	bt:THIOETHER_S_METHYLATION	xmet:4000178	S-methylation	skos:closeMatch	1	THIOETHER_S_METHYLATION	[#6]-[#16;X2+0;R0]-[#6]	L:[#6:2][#16;X2+0;R0:1][#6:3]… → R:[#6:2][#16;X3v3+1;R0:1]([CX4H3])[#6:3]…	
sssom	Thiol S-methylation	bt:THIOL_S_METHYLATION	xmet:4000178	S-methylation	skos:exactMatch	1	THIOL_S_METHYLATION	[#6]-[#16;R0;X2H1+0,X1-1]	L:[#6:2][#16;R0;X2H1+0,X1-1:1]… → R:[#6:2][#16;X2;R0:1][CX4H3;v4]…	
sssom	S-Methylation of thiopurine	bt:THIOPURINE_S_METHYLATION	xmet:4000178	S-methylation	skos:closeMatch	1	THIOPURINE_S_METHYLATION	[#16;A;H1X2][c;R1]1[n;R1][c;R1][n;R1][c;R2]2[n;R1][c;R1][n;R1][c;R2]12	L:[H][#16;A;X2:10][c;R1:9]1[n;R1:8][c;R1:7][n;R1:6][c;R2:4]2[n;R1:5][c;R… → R:[#6;A;H3X4][#16;A;X2:10][c;R1:9]1[n;R1:8][c;R1:7][n;R1:6][c;R2:4]2[n;R…	
sssom	Keto-enol tautomerization	bt:KETO_ENOL_TAUTOMERIZATION	xmet:4000187	keto–enol tautomerization	skos:exactMatch	1	KETO_ENOL_TAUTOMERIZATION_PATTERN1	[H][#8;X2][#6;A]([#6,#1])=[#6](/[*,#1])-[*,#1]	L:[H][#8;X2:3][#6;A:2]([#6,#1:4])=[#6:1](/[*,#1:5])-[*,#1:6]… → R:[H][C:1]([*,#1:5])([*,#1:6])[#6;A:2]([#6,#1:4])=[#8;X1:3]…	
sssom	Methylenedioxy ring opening	bt:METHYLENEDIOXY_RING_OPENING	xmet:4000200	ring opening	skos:closeMatch	1	METHYLENEDIOXY_RING_OPENING	[H][C;R1]1([H])[#8]-[#6;R2]=,:2[#6;R1]=,:[#6;R1][#6;R1]=,:[#6;R1][#6;R2]=,:2-[#8]1	L:[H][C;R1:1]1([H])[#8:2]-[#6;R2:3]=,:2[#6;R1:4]=,:[#6;R1:5][#6;R1:6]=,:… → R:[#8]-[#6;R1:1]=O.[H][#8:2]-[#6;R1:3]=,:1[#6;R1:4]=,:[#6;R1:5][#6;R1:6]…	
sssom	Epoxidation of arene	bt:ARENE_EPOXIDATION	xmet:4000287	aromatic epoxidation	skos:exactMatch	2	ARENE_EPOXIDATION_PATTERN1|ARENE_EPOXIDATION_PATTERN2	[H][#6;X3R1]=,:1[#6;X3]=,:2[#6]=,:[#6][#6]=,:[#6][#6]=,:2[#6;X3]=,:[#6;X3](-[*,#1;!$([OX2H1])])[#6;X || [H][c;X3R1]1-,:[c;X3R1](-[*,#1;!$([OX2H1])])[c;X3R1](-[*,#1])-,:[c;X3R1](-[*,#1])[c;R1](-[*,#1;!$([O	L:[H:12][#6;X3R1:11]=,:1[#6;X3:10]=,:2[#6:9]=,:[#6:8][#6:7]=,:[#6:6][#6:… → R:[H:12][H:1].[*,#1;!$([OX2H1]):13]-[#6;X3:3]1=,:[#6;X3:4][#6:5]=,:2[#6:… || L:[H:1][c;X3R1:2]-,:1[c;X3R1:11]([#9,#17,#35,#53,#1;A:12])-,:[c;R1:9](-[… → R:[#9,#17,#35,#53,#1;A:12][H:1].[*,#1:6]-[#6;X3R1:5]1=[#6;X3R1:3](-[*,#1…	
sssom	GSH-conjugation of sulfhydryl	bt:GSH_CONJUGATION_OF_SULFHYDRYL	xmet:4000332	thiol glutathionation	skos:closeMatch	1	GSH_CONJUGATION_OF_SULFHYDRYL	[#6][S;X2H1]	L:[H][#16;X2:1]-[#6:2]… → R:[#6:2]-[#16;X2:1]-[#16;X2]-[#6]-[#6@H](-[#7]-[#6](=O)-[#6]-[#6]-[#6@H]…	
proposed	Nitroreduction of nitroarene to nitrosoarene	bt:NITROREDUCTION_OF_NITROARENE_TO_NITROSOARENE	xmet:4000094	nitro reduction	propose:nitroarene to nitrosoarene reduction	5	NITROREDUCTION_OF_NITROARENE_TO_NITROSOARENE_PATTERN1|NITROREDUCTION_OF_NITROARENE_TO_NITROSOARENE_PATTERN2|NITROREDUCTION_OF_NITROARENE_TO_NITROSOARENE_PATTERN3|NITROREDUCTION_OF_NITROARENE_TO_NITROSOARENE_PATTERN4|NITROREDUCTION_OF_NITROSOARENE_TO_ARYLHYDROXYLAMINE_PATTERN1	[#8;X1-]-[#7;X3+](=[O;X1])!@-[#6;R1]1=,:[#6][#6][#6][#6]=,:[#6;H1X3R1]1 || [#8;X1-]-[#7;X3+](=O)-[#6;X3R1]=,:1[#7;R1][#6]=,:[#6][#7;R1]=,:1	L:[#8;X1-:1]-[#7;X3+:2](=[O;X1:3])!@-[#6;R1:4]1=,:[#6:5][#6:6][#6:7][#6:… → R:[H][#8;X2:1][H].[O;X1:3]=[#7;X2:2]!@-[#6;R1:4]1=,:[#6:5][#6:6][#6:7][#… || L:[#8;X1-:8]-[#7;X3+:1](=[O:7])-[#6;X3R1:2]=,:1[#7;R1:3][#6:4]=,:[#6:5][… → R:[H][#8;X2:8][H].[O:7]=[#7;X2:1]-[#6;X3R1:2]=,:1[#7;R1:3][#6:4]=,:[#6:5…	
proposed	Nitroreduction of nitrosoarene to arylhydroxylamine	bt:NITROREDUCTION_OF_NITROSOARENE_TO_ARYLHYDROXYLAMINE	xmet:4000315	nitroso reduction	propose:nitrosoarene to arylhydroxylamine reduction	4	NITROREDUCTION_OF_NITROSOARENE_TO_ARYLHYDROXYLAMINE_PATTERN1|NITROREDUCTION_OF_NITROSOARENE_TO_ARYLHYDROXYLAMINE_PATTERN2|NITROREDUCTION_OF_NITROSOARENE_TO_ARYLHYDROXYLAMINE_PATTERN3|NITROREDUCTION_OF_NITROSOARENE_TO_ARYLHYDROXYLAMINE_PATTERN4	[O;X1]=[#7;X2]!@-[#6;R1]1=,:[#6][#6][#6][#6]=,:[#6;H1X3R1]1 || O=[#7;X2]-[#6;X3R1]=,:1[#7;R1][#6]=,:[#6][#7;R1]=,:1	L:[O;X1:2]=[#7;X2:1]!@-[#6;R1:3]1=,:[#6:4][#6:5][#6:6][#6:7]=,:[#6;H1X3R… → R:[H][#8;X2:2]-[#7;X3:1]([H])!@-[#6;R1:3]1=,:[#6:4][#6:5][#6:6][#6:7]=,:… || L:[O:2]=[#7;X2:1]-[#6;X3R1:3]=,:1[#7;R1:4][#6:5]=,:[#6:6][#7;R1:7]=,:1… → R:[H][#8:2]-[#7;X3:1]([H])-[#6;X3R1:3]=,:1[#7;R1:4][#6:5]=,:[#6:6][#7;R1…	
proposed	Reduction of arylhydroxylamine to arylamine	bt:REDUCTION_OF_ARYLHYDROXYLAMINE_TO_ARYLAMINE	xmet:4000095	nitro to amine reduction	propose:arylhydroxylamine to arylamine reduction	4	REDUCTION_OF_ARYLHYDROXYLAMINE_TO_ARYLAMINE_PATTERN1|REDUCTION_OF_ARYLHYDROXYLAMINE_TO_ARYLAMINE_PATTERN2|REDUCTION_OF_ARYLHYDROXYLAMINE_TO_ARYLAMINE_PATTERN3|REDUCTION_OF_ARYLHYDROXYLAMINE_TO_ARYLAMINE_PATTERN4	[#8;H1X2]-[#7;H1X3]!@-[#6;R1]1=,:[#6][#6][#6][#6]=,:[#6;H1X3R1]1 || [#8;H1X2]-[#7;H1X3]-[#6;X3R1]=,:1[#7;R1][#6]=,:[#6][#7;R1]=,:1	L:[H:9][#8;X2:1]-[#7;X3:2]([H:10])!@-[#6;R1:3]1=,:[#6:4][#6:5][#6:6][#6:… → R:[H:9][#8;X2:1][H].[H:10][#7;X3:2]([H])!@-[#6;R1:3]1=,:[#6:4][#6:5][#6:… || L:[H:9][#8;X2:7]-[#7;X3:6]([H:8])-[#6;X3R1:5]=,:1[#7;R1:1][#6:2]=,:[#6:3… → R:[H:9][#8;X2:7][H].[H:8][#7;X3:6]([H])-[#6;X3R1:5]=,:1[#7;R1:1][#6:2]=,…	
proposed	N-Glucuronidation of azole	bt:AZOLE_N_GLUCURONIDATION	xmet:4000153	N-glucuronidation	propose:azole N-glucuronidation	5	AZOLE_N_GLUCURONIDATION_PATTERN1|AZOLE_N_GLUCURONIDATION_PATTERN2|AZOLE_N_GLUCURONIDATION_PATTERN3|AZOLE_N_GLUCURONIDATION_PATTERN4|AZOLE_N_GLUCURONIDATION_PATTERN5	[#6]=,:1[#7;H1v3X3R1][#7;R1]=,:[#6,#7][#6,#7]=,:1 || [*,#1]-[#7;v3X3R1]1[#6]=,:[#6,#7][#6,#7]=,:[#7;v3R1]1	L:[H][#7;v3X3R1:1]1[#6:2]=,:[#6,#7:3][#6,#7:4]=,:[#7;R1:5]1… → R:[#8]-[#6]-1-[#6](-[#8])-[#6](-[#8]-[#6](-[#6]-1-[#8])-[#6](-[#8])=O)-[… || L:[*,#1:6]-[#7;v3X3R1:1]1[#6:2]=,:[#6,#7:3][#6,#7:4]=,:[#7;v3R1:5]1… → R:[#8]-[#6]-1-[#6](-[#8])-[#6](-[#8]-[#6](-[#6]-1-[#8])-[#6](-[#8])=O)-[…	
proposed	N-Acetylation of arylamine	bt:ARYLAMINE_N_ACETYLATION	xmet:4000164	N-acetylation	propose:arylamine N-acetylation	3	ARYLAMINE_N_ACETYLATION_PATTERN1|ARYLAMINE_N_ACETYLATION_PATTERN2|ARYLAMINE_N_ACETYLATION_PATTERN3	[#7;A;H2X3]!@-[#6]=,:1[#6;R1]=,:[#6][#6]=,:[#6][#6;R1]=,:1 || [H][#7;A;X3+0,X4+;!$([N]~[!#6])][#7;A;X3]([H])[#6;a]	L:[H:8][#7;A;X3:1]([H:9])!@-[#6:2]=,:1[#6;R1:3]=,:[#6:4][#6:5]=,:[#6:6][… → R:[H:9][#7;A;X3:1](!@-[#6:2]=,:1[#6;R1:3]=,:[#6:4][#6:5]=,:[#6:6][#6;R1:… || L:[H][#7;A;X3+0,X4+;!$([N]~[!#6]):3][#7;A;X3:2]([H:4])[#6;a:1]… → R:[H:4][#7;A;X3:2]([#6;a:1])[#7;A;X3+0,X4+;!$([N]~[!#6]):3][#8]-[#6](=O)…	
proposed	Catechol O-methylation	bt:CATECHOL_O_METHYLATION	xmet:4000176	O-methylation	propose:catechol O-methylation	3	CATECHOL_O_METHYLATION_PATTERN1|CATECHOL_O_METHYLATION_PATTERN2|CATECHOL_O_METHYLATION_PATTERN3	[H][#8;A;X2][#6;R1]1=,:[#6;R1](-[*,#1;!$([OX2H1])])[#6;R1](-[*,#1])=,:[#6;R1](-[*,#1])[#6;R1](-[*,#1 || [H][#8;A;X2][#6;R1]1=,:[#6;R1]([H])[#6;R1]([H])=,:[#6;R1](-[!#8])[#6;R1]([H])=,:[#6;R1]1[#8;A;X2][H]	L:[H][#8;A;X2:1][#6;R1:2]1=,:[#6;R1:3](-[*,#1;!$([OX2H1]):4])[#6;R1:5](-… → R:[H:13][#8;A;X2:12][#6;R1:11]1=,:[#6;R1:9](-[*,#1;!$([OX2H1]):10])[#6;R… || L:[H:1][#8;A;X2:2][#6;R1:3]1=,:[#6;R1:4]([H:5])[#6;R1:6]([H:7])=,:[#6;R1… → R:[H:1][#8;A;X2:2][#6;R1:3]1=,:[#6;R1:4]([H:5])[#6;R1:6]([H:7])=,:[#6;R1…	
proposed	GSH-conjugation of alpha,beta-unsaturated carbonyl	bt:GSH_CONJUGATION_OF_ALPHA_BETA_UNSATURATED_CARBONYL	xmet:4000334	carbonyl glutathionation	propose:alpha,beta-unsaturated carbonyl glutathionation	2	GSH_CONJUGATION_OF_ALPHA_BETA_UNSATURATED_CARBONYL_PATTERN1|GSH_CONJUGATION_OF_ALPHA_BETA_UNSATURATED_CARBONYL_PATTERN2	[H][#6;X3R1]-1=[#6;X3R1]-[#6;R1](=[!#1!#6;R0;OX1,NX2])-[#6;X3]=[#6;X3]-[#6;R1]-1=[O;X1] || [H][#6;X3](-*)!@=[#6;X3](!@[$([CX3;$([R0][#6]),$([H1R0])](=[OX1])[OX2][#6;!$(C=[O,N,S])]),$([$([CX3H	L:[H:9][#6;X3R1:8]-1=[#6;X3R1:7]-[#6;R1:5](=[!#1!#6;R0;OX1,NX2:6])-[#6;X… → R:[H:9][#7](-[#6@@H](-[#6]-[#16;X2]-[#6;X3R1:8]-1=[#6;X3R1:7]-[#6;R1:5](… || L:[H:1][#6;X3:2](-[*:3])!@=[#6;X3:4](/[*,#1:6])!@-[$([CX3;$([R0][#6]),$(… → R:[H][C;X4:4]([*,#1:6])(!@-[$([CX3;$([R0][#6]),$([H1R0])](=[OX1])[OX2][#…	
proposed	Hydrolysis of cyclic secondary carboxamide	bt:HYDROLYSIS_OF_CYCLIC_SECONDARY_CARBOXAMIDE_PATTERN_2	xmet:4000079	amide hydrolysis	propose:cyclic secondary carboxamide hydrolysis	2	HYDROLYSIS_OF_CYCLIC_SECONDARY_CARBOXAMIDE_PATTERN_2|HYDROLYSIS_OF_CYCLIC_SECONDARY_CARBOXAMIDE_PATTERN_1	[#6]@[#6](!@=[O;X1])@[#7;X2]@=,@:[#6] || [H][#7;X3](@-[#6;A;!$(C=[O,N,S])])@-[#6;A;X3](@-[#6])=[O;X1]	L:[#6:3]@[#6:2](!@=[O;X1:1])@[#7;X2:4]@=,@:[#6:5]… → R:[H][#7;X2:4]!@=[#6:5].[H][#8]-[#6:2](!@-[#6:3])!@=[O;X1:1]… || L:[H:1][#7;X3:2](@-[#6;A;!$(C=[O,N,S]):3])@-[#6;A;X3:4](@-[#6:5])=[O;X1:… → R:[H][#7;X3:2]([H:1])[#6;A;!$(C=[O,N,S]):3].[H][#8][#6;A;X3:4]([#6:5])=[…	
proposed	Pyridine N-oxidation	bt:PYRIDINE_N_OXIDATION	xmet:4000026	nitrogen oxidation	propose:pyridine N-oxidation	1	PYRIDINE_N_OXIDATION	[#6;R1]=,:1[#6;R1]=,:[#6;R1][#7;X2R1;+0]=,:[#6;R1][#6;R1]=,:1	L:[#6;R1:4]=,:1[#6;R1:5]=,:[#6;R1:6][#7;X2R1;+0:1]=,:[#6;R1:2][#6;R1:3]=… → R:[#8-]-[#7;X3R1+:1]=,:1[#6;R1:6]=,:[#6;R1:5][#6;R1:4]=,:[#6;R1:3][#6;R1…	
proposed	N-Dealkylation of tertiary carboxamide	bt:N_DEALKYLATION_OF_TERTIARY_CARBOXAMIDES	xmet:4000043	N-dealkylation	propose:tertiary carboxamide N-dealkylation	2	N_DEALKYLATION_OF_TERTIARY_CARBOXAMIDES|N_DEALKYLATION_OF_TERTIARY_CARBOXAMIDES_PATTERN2	[H][#6;!$(C=[O,N,S])]!@-[#7;X3](-[#6;!$(C=[O,N,S])])-[#6](-[#1,#6])!@=[O;R0] || [#6;!$(C=[O,N,S])][#7;X3](!@-[#6;!$(C=[O,N,S])][H])[#6]([#1,#6])!@=[O;R0]	L:[H:7][#6;!$(C=[O,N,S]):6]!@-[#7;X3:5](-[#6;!$(C=[O,N,S]):4])-[#6:3](-[… → R:[#6:6]=O.[H:7][#7;X3:5](-[#6;!$(C=[O,N,S]):4])-[#6:3](-[#1,#6:2])!@=[O… || L:[#6;!$(C=[O,N,S]):4][#7;X3:3](!@-[#6;!$(C=[O,N,S]):2][H:1])[#6:5]([#1,… → R:[#6:2]=O.[#6;!$(C=[O,N,S]):4][#7;X3:3]([H:1])[#6:5]([#1,#6:6])!@=[O;R0…	
proposed	N-Dealkylation of phosphoramide	bt:N_DEALKYLATION_OF_PHOSPHORAMIDE	xmet:4000043	N-dealkylation	propose:phosphoramide N-dealkylation	2	N_DEALKYLATION_OF_PHOSPHORAMIDE_PATTERN1|N_DEALKYLATION_OF_PHOSPHORAMIDE_PATTERN2	[H][#6;A;X4;!$(C([OX2])[O,S,#7,#15])][#7;X3;$([H2]),$([H1][#6;!$(C=[O,N,S])]),$([#7]([#6;!$(C=[O,N,S || [#6;A;X4;H1,H2,H3][#7;A;X3][P;X4]([#7;A;X3])([#7;A;X3])=[X1;O,S]	L:[H][#6;A;X4;!$(C([OX2])[O,S,#7,#15]):1][#7;X3;$([H2]),$([H1][#6;!$(C=[… → R:[#6;X3;!$(C([OX2])[O,S,#7,#15]):1]=O.[H][#7;X3:2][P:3]([#7;X3;$([H2]),… || L:[H:7][#6;A;X4:5][#7;A;X3:4]([#1,#6:8])[P;X4:1](=[X1;O,S:6])([#7;A;X3:2… → R:[H:7][#6;A;X3:5]=O.[H][#7;A;X3:4]([#1,#6:8])[P;X4:1](=[X1;O,S:6])([#7;…	
proposed	N-Dealkylation of N-acylurea	bt:N_DEALKYLATION_OF_N_ACYLUREAS	xmet:4000043	N-dealkylation	propose:N-acylurea N-dealkylation	2	N_DEALKYLATION_OF_N_ACYLUREAS_PATTERN1|N_DEALKYLATION_OF_N_ACYLUREAS_PATTERN2	[#1,#6][#6](=O)[#7;X3;!$([#7][!#6])][#6;X3](=[O;X1])[#7;X3;!$([#7][!#6])]-[#6;X4][H] || [#7;X3;!$([#7][!#6])][#6;X3](=[O;X1])[#7;X3](-[#6;X4][H])[#6]([#1,#6])=O	L:[#1,#6:8][#6:6](=[O:7])[#7;X3;!$([#7][!#6]):4][#6;X3:2](=[O;X1:3])[#7;… → R:[#6;X3:5]=O.[#1,#6:8][#6:6](=[O:7])[#7;X3;!$([#7][!#6]):4][#6;X3:2](=[… || L:[#7;X3;!$([#7][!#6]):1][#6;X3:2](=[O;X1:3])[#7;X3:4](-[#6;X4:5][H:6])[… → R:[#6;X3:5]=O.[#7;X3;!$([#7][!#6]):1][#6;X3:2](=[O;X1:3])[#7;X3:4]([H:6]…	
proposed	N-Dechloroethylation	bt:N_DECHLOROETHYLATION	xmet:4000043	N-dealkylation	propose:N-dechloroethylation	1	N_DECHLOROETHYLATION	[H]C([H])(Cl)C([H])([H])[#7;X3](-[#1,#6])-*	L:[H:3][C:2]([H:1])([Cl:4])[C:5]([H:6])([H])[#7;X3:7](-[#1,#6:8])-[*:9]… → R:[H][#7;X3:7](-[#1,#6:8])-[*:9].[H:6][#6:5](=O)[C:2]([H:3])([H:1])[Cl:4…	
proposed	N-Deisopropylation	bt:N_DEISOPROPYLATION	xmet:4000043	N-dealkylation	propose:N-deisopropylation	1	N_DEISOPROPYLATION	[#6;A;H3X4][#6;H1X4]([#6;A;H3X4])-[#7;X3]	L:[H][#6;A;X4]([H])([H])[C;X4]([H])([#7;X3:1])[#6;A;X4]([H])([H])[H]… → R:[H][#7;X3:1][H]…	
proposed	O-Deisopropylation	bt:O_DEISOPROPYLATION	xmet:4000044	O-dealkylation	propose:O-deisopropylation	1	O_DEISOPROPYLATION	[H][#6;A;X4]([#6;A;H3X4])([#6;A;H3X4])[#8;X2R0]-[#6;$([CX4;!$(C([OX2])[O,S,#7,#15])]),c]	L:[H][#6;A;X4:1]([#6;A;H3X4:4])([#6;A;H3X4:5])[#8;X2R0:2]-[#6;$([CX4;!$(… → R:[H][#8;X2R0:2]-[#6;$([CX4;!$(C([OX2])[O,S,#7,#15])]),c:3].[#6;A;H3X4:4…	
proposed	N-Demethoxymethylation	bt:N_DEMETHOXYMETHYLATION	xmet:4000043	N-dealkylation	propose:N-demethoxymethylation	1	N_DEMETHOXYMETHYLATION	[H][C;X4]([H])([H])[#8;X2]C([H])([H])[#7;A;X3;+0!$([N]~[!#6])!$([N]*~[#7,#8,#15,#16])][#6;a]	L:[H][C;X4]([H])([H])[#8;X2]C([H])([H])[#7;A;X3;+0!$([N]~[!#6])!$([N]*~[… → R:[H][#7;A;X3:2][#6;a:1]…	
proposed	N-Acetylation of aralkylamine	bt:ARALKYLAMINE_N_ACETYLATION	xmet:4000164	N-acetylation	propose:aralkylamine N-acetylation	2	ARALKYLAMINE_N_ACETYLATION|ARALKYLAMINE_N_ACETYLATION_PATTERN2	[H][#7;A;X3;+0!$([N]~[!#6])!$([N]*~[#7,#8,#15,#16])][#6;A;H2X4]!@-[#6;A;H2X4]!@-[#6;a] || [H][#7;A;X3]([H])[#6;A;H2X4]!@-[#6;A;H2X4]!@-[#6;a]	L:[H:1][#7;A;X3;+0!$([N]~[!#6])!$([N]*~[#7,#8,#15,#16]):2][#6;A;H2X4:3]!… → R:[H:1]C([H])([H])[#6](=O)[#7;A;X3:2][#6;A;H2X4:3]!@-[#6;A;H2X4:4]!@-[#6… || L:[H:1][#7;A;X3:2]([H:6])[#6;A;H2X4:3]!@-[#6;A;H2X4:4]!@-[#6;a:5]… → R:[H:6][#7;A;X3:2]([#6;A;H2X4:3]!@-[#6;A;H2X4:4]!@-[#6;a:5])[#6](=O)C([H…	
proposed	N-Glucuronidation of hydroxylamine	bt:HYDROXYLAMINE_N_GLUCURONIDATION	xmet:4000153	N-glucuronidation	propose:hydroxylamine N-glucuronidation	2	HYDROXYLAMINE_N_GLUCURONIDATION_PATTERN1|HYDROXYLAMINE_N_GLUCURONIDATION_PATTERN2	[H][#7;A;X3R0;!$(NC=[O,N,S])](!@-[#6])[#8;A;X2R0;$([H1]),$(O[#6;!$(C=[N,O,S])])] || [#6]!@-[#7;A;H0X3;$([H0]([#6])[#6])!$(NC=[O,N,S])](!@-[#6])[#8;A;X2;$([H1]),$(O[#6;!$(C=[N,O,S])])]	L:[H][#7;A;X3R0;!$(NC=[O,N,S]):1](!@-[#6:2])[#8;A;X2R0;$([H1]),$(O[#6;!$… → R:[#6:2]!@-[#7;A;X3R0;!$(NC=[O,N,S]):1]([#8;A;X2R0;$([H1]),$(O[#6;!$(C=[… || L:[#6:1]!@-[#7;A;H0X3;$([H0]([#6])[#6])!$(NC=[O,N,S]):2](!@-[#6:3])[#8;A… → R:[#6:1]!@-[#7;A;X4+;$([H0]([#6])[#6])!$(NC=[O,N,S]):2](!@-[#6:3])([#8;A…	
proposed	Hydroxylation of heteroalicyclic secondary carbon	bt:HYDROXYLATION_OF_SECONDARY_HETEROALICYCLIC_CARBON	xmet:4000039	secondary carbon hydroxylation	propose:heteroalicyclic secondary carbon hydroxylation	2	HYDROXYLATION_OF_SECONDARY_HETEROALICYCLIC_CARBON_PATTERN1|HYDROXYLATION_OF_SECONDARY_HETEROALICYCLIC_CARBON_PATTERN2	[H][#6;A;X4R]([H])(@-[#6;R])@-[#7,#16] || [H][#6;A;X4R]([H])(@-[#6,#7,#8,#16])@-[#6;R]@-[#8,#7,#16]	L:[H:5][#6;A;X4R:2]([H:1])(@-[#6;R:3])@-[#7,#16:4]… → R:[H:1][#8][#6;A;X4R:2]([H:5])(@-[#6;R:3])@-[#7,#16:4]… || L:[H:1][#6;A;X4R:2]([H:3])(@-[#6,#7,#8,#16:4])@-[#6;R:5]@-[#8,#7,#16:6]… → R:[H:1][#8][#6;A;X4R:2]([H:3])(@-[#6,#7,#8,#16:4])@-[#6;R:5]@-[#8,#7,#16…	
proposed	Hydrolysis of hydantoin	bt:HYROLYSIS_OF_HYDANTOIN	xmet:4000083	urea hydrolysis	propose:hydantoin hydrolysis	2	HYROLYSIS_OF_HYDANTOIN_PATTERN1|HYROLYSIS_OF_HYDANTOIN_PATTERN2	O=[#6;R1]-1-[#7;H1X3R1]-[#6;R1](-[#6;R1]=,:2[#6;R1]=,:[#6;R1][#6;R1]=,:[#6;R1][#6;R1]=,:2)-[#6;R1](= || [#1,$([#6;$([CX4H3]),$([CX4;R0](-[#1,C])-[CX4;R0]),$([CX4H3;R0]-[#6;R1]=,:1[#6;R1]=,:[#6;R1][#6;R1]=	L:[H:15][#7;X3R1:4]-1-[#6;R1:3](-[#6;R1:8]=,:2[#6;R1:13]=,:[#6;R1:12][#6… → R:[H][#8]-[#6;R0:2](=[O:1])-[#6;R0:3](-[#6;R1:8]=,:1[#6;R1:13]=,:[#6;R1:… || L:[H:10][#7;X3R1:6]-1-[#6;R1:7](-[#1,$([#6;$([CX4H3]),$([CX4;R0](-[#1,C]… → R:[H][#8]-[#6;R0:2](=[O:1])-[#6;R0:7](-[#1,$([#6;$([CX4H3]),$([CX4;R0](-…	
proposed	Dehydroxylation of catechol	bt:CATECHOL_DEHYDROXYLATION	xmet:4000128	dehydroxylation	propose:catechol dehydroxylation	2	CATECHOL_DEHYDROXYLATION_PATTERN1|CATECHOL_DEHYDROXYLATION_PATTERN2	[H][#8]-[#6;R1]1=,:[#6;R1]([H])[#6;R1]([H])=,:[#6;R1]([#6;A;R0])[#6;R1]([H])=,:[#6;R1]1-[#8][H] || [H][#8]-[#6;R1]1=,:[#6;R1]([H])[#6;R1]([H])=,:[#6;R1]([#6;A;R0])[#6;R1]([H])=,:[#6;R1]1-[#8][H]	L:[H:1][#8:2]-[#6;R1:3]1=,:[#6;R1:4]([H:5])[#6;R1:6]([H:7])=,:[#6;R1:8](… → R:[H:1][#8:2]-[#6;R1:3]=,:1[#6;R1:12]([H])=,:[#6;R1:10]([H:11])[#6;R1:8]… || L:[H][#8]-[#6;R1:1]1=,:[#6;R1:2]([H:3])[#6;R1:4]([H:5])=,:[#6;R1:6]([#6;… → R:[H:12][#8:11]-[#6;R1:10]=,:1[#6;R1:1]([H])=,:[#6;R1:2]([H:3])[#6;R1:4]…	
proposed	Oxidative deboronation	bt:OXIDATIVE_DEBORONATION	xmet:4000005	unstable oxygenation	propose:oxidative deboronation	1	OXIDATIVE_DEBORONATION	[#6]!@-[#5;X3]([#8;A;H1X2])[#8;A;H1X2]	L:[#6:1]-[#5;X3:2]([#8;A;H1X2:3])[#8;A;H1X2:4]… → R:[H][#8]-[#6:1].[H][#8]-[#5;X3:2]([#8;A;H1X2:3])[#8;A;H1X2:4]…	
proposed	Cysteine-S-conjugate cleavage	bt:CYSTEINE_S_CONJUGATE_CLEAVAGE	xmet:4000147	deconjugation	propose:cysteine-S-conjugate cleavage	1	CYSTEINE_S_CONJUGATE_CLEAVAGE	[H][#7;X3]([H])[#6;A@@H;H1X4]([#6;A;H2X4][#16;X2]-[*;R])[#6;X3]([#8;A;X2H1,X1-])=[O;X1]	L:[H:9][#7;X3:5]([H:10])[#6;A@;X4:4]([H:13])([#6;X3:6]([#8;A;X2H1,X1-:8]… → R:[H][#16;X2:2]-[*;R:3].[H:9][#7;X4+:5]([H:10])[H].[H:11][#6;A;X4:1]([H:…	
proposed	Reductive lactonization of quinone propionic acid	bt:REDUCTIVE_LACTONIZATION_OF_QUINONE_PROPIONIC_ACID	xmet:4000104	quinone-like reduction	propose:reductive lactonization of quinone propionic acid	2	REDUCTIVE_LACTONIZATION_OF_QUINONE_PROPIONIC_ACID_PATTERN1|REDUCTIVE_LACTONIZATION_OF_QUINONE_PROPIONIC_ACID_PATTERN2	[H][C;R0]([H])([#6;X3]([#8,#7,#16;A])=[O;X1])[C;R0]([*,#1])([*,#1])[#6;R1]-1=[#6;R1](-[*,#1])-[#6;R1 || [H][#8;A;X2][#6;R1]=,:1[#6;R1](-[*,#1])=,:[#6;R1](-[*,#1])[#6;R1]([#8;A;H1X2])=,:[#6;R1](-[*,#1])[#6	L:[H:14][C;R0:10]([H:15])([#6;X3:11]([#8,#7,#16;A:13])=[O;X1:12])[C;R0:9… → R:[#8,#7,#16;A:13][H].[H][#8;X2:7]-[#6;R1:4]-1=[#6;R1:5](-[*,#1:20])-[#6… || L:[H:21][#8;A;X2:20][#6;R1:19]=,:1[#6;R1:17](-[*,#1:18])=,:[#6;R1:15](-[… → R:[#8,#7,#16;A:5][H:21].[H:1][C;R1:2]1([H:3])[#6;X3:4](=[O;X1:6])[#8;A;X…	
proposed	4-OH-Sulfation of hydroxycinnamate	bt:_4_O_SULFATION_OF_HYDROXYCINNAMATE	xmet:4000160	phenolic sulfation	propose:hydroxycinnamate 4-O-sulfation	2	_4_O_SULFATION_OF_HYDROXYCINNAMATE_PATTERN1|_4_O_SULFATION_OF_HYDROXYCINNAMATE_PATTERN2	[#8;A;H1X2][#6;R1]1=,:[#6;R1][#6;R1]=,:[#6;R1]([#6;R1]=,:[#6;R1]1-[#1,$([O][H]),$([O][C](-[H])(-[H]) || [#8;A;H1X2][#6;R1]1=,:[#6;R1][#6;R1]=,:[#6;R1]([#6;R1]=,:[#6;R1]1-[#1,$([O][H]),$([O][C](-[H])(-[H])	L:[H:14][#8;A;X2:1][#6;R1:2]1=,:[#6;R1:3][#6;R1:4]=,:[#6;R1:5]([#6;R1:6]… → R:[H:14][#8]S(=O)(=O)[#8;A;X2:1][#6;R1:2]1=,:[#6;R1:3][#6;R1:4]=,:[#6;R1… || L:[H:14][#8;A;X2:1][#6;R1:2]1=,:[#6;R1:3][#6;R1:4]=,:[#6;R1:5]([#6;R1:6]… → R:[H:14][#8]S(=O)(=O)[#8;A;X2:1][#6;R1:2]1=,:[#6;R1:3][#6;R1:4]=,:[#6;R1…	
proposed	Oxidation of piperidine or pyrrolidine iminium ion intermediate	bt:OXIDATION_OF_N_SUBSTITUTED_PIPERIDINE_IMINIUM	xmet:4000009	oxidation	propose:iminium ion oxidation	2	OXIDATION_OF_N_SUBSTITUTED_PIPERIDINE_IMINIUM|OXIDATION_OF_N_SUBSTITUTED_PYRROLIDINE_IMINIUM	[#6]-[#7;X3+]1=[#6;H1X3][#6;A][#6;A][#6;A][#6;A]1 || [#6]!@-[#7;X3R1+]-1=[#6;A;H1X3][#6]-[#6]-[#6;R1]-1	L:[H][#6;X3:3]1=[#7;X3+:4](-[#6:7])[#6;A:5][#6;A:6][#6;A:1][#6;A:2]1… → R:[#6:7]-[#7;X3:4]-1[#6;A:5][#6;A:6][#6;A:1][#6;A:2][#6;X3:3]-1=O… || L:[H][#6;A;X3:2]1=[#7;X3R1+:1](!@-[#6:6])[#6;A;R1:5][#6;A:4][#6;A:3]1… → R:[#6:6]!@-[#7;X3R1:1]1[#6;A;R1:5][#6;A:4][#6;A:3][#6;A;X3:2]1=O…	
proposed	N-Dealkylation of acyclic secondary amine	bt:N_DEALKYLATION_OF_ACYCLIC_SECONDARY_AMINES	xmet:4000341	secondary N-dealkylation	propose:acyclic secondary amine N-dealkylation	1	N_DEALKYLATION_OF_ACYCLIC_SECONDARY_AMINES	[H][#6;A;X4][#7;A;H1X3R0;+0!$(N*=[#7,#8,#15,#16])][#6]	L:[H][#6;A;X4:1][#7;A;H1X3R0;+0!$(N*=[#7,#8,#15,#16]):2][#6:3]… → R:[#6;A;X3:1]=O.[H][#7;A;X3R0:2][#6:3]…	
proposed	N-Dealkylation of acyclic tertiary amine	bt:N_DEALKYLATION_OF_ACYCLIC_TERTIARY_AMINES	xmet:4000340	tertiary N-dealkylation	propose:acyclic tertiary amine N-dealkylation	1	N_DEALKYLATION_OF_ACYCLIC_TERTIARY_AMINES	[H][#6;A;X4][#7;A;R0;NX3H0+0,NX4H1+;$([N]([#6])([#6])[#6]);!$(N*=[#7,#8,#15,#16])]([#6])[#6]	L:[H][#6;A;X4:1][#7;A;R0;NX3H0+0,NX4H1+;$([N]([#6])([#6])[#6]);!$(N*=[#7… → R:[#6;A;X3:1]=O.[H][#7;A:2]([#6:3])[#6:4]…	
proposed	N-Dealkylation of alicyclic tertiary amine	bt:N_DEALKYLATION_OF_ALICYCLIC_TERTIARY_AMINES	xmet:4000340	tertiary N-dealkylation	propose:alicyclic tertiary amine N-dealkylation	1	N_DEALKYLATION_OF_ALICYCLIC_TERTIARY_AMINES_PATTERN1	[H][#6;A;X4]!@-[#7;A;X3;+0!$([N]~[!#6])!$(N*=[#7,#8,#15,#16])](@-[#6;A])@-[#6;A]	L:[H][#6;A;X4:1]!@-[#7;A;X3;+0!$([N]~[!#6])!$(N*=[#7,#8,#15,#16]):2](@-[… → R:[#6;A;X3:1]=O.[H][#7;A;X3:2](@-[#6;A:3])@-[#6;A:4]…	
proposed	N-Dealkylation of mixed tertiary amine	bt:N_DEALKYLATION_OF_MIXED_TERTIARY_AMINES	xmet:4000340	tertiary N-dealkylation	propose:mixed tertiary amine N-dealkylation	1	N_DEALKYLATION_OF_MIXED_TERTIARY_AMINES	[#6;a][#7;NX3H0+0,NX4H1+;$([N]([c])([C])[#6]);!$(N*=[#7,#8,#15,#16])]([#6])-[#6;X4][H]	L:[#6;a:1][#7;NX3H0+0,NX4H1+;$([N]([c])([C])[#6]);!$(N*=[#7,#8,#15,#16])… → R:[#6;X3:4]=O.[#6;a:1][#7;NX3H0+0,NX4H1+;$([N]([c])([C])[#6]);!$(N*=[#7,…	
proposed	N-Dealkylation of secondary carboxamide	bt:N_DEALKYLATION_OF_SECONDARY_CARBOXAMIDES	xmet:4000043	N-dealkylation	propose:secondary carboxamide N-dealkylation	1	N_DEALKYLATION_OF_SECONDARY_CARBOXAMIDES	[H][#6;A;X4;!$(C([OX2])[O,S,#7,#15])][#7;H1X3;$([H1][#6;!$(C=[O,N,S])])][#6;A;X3;$([R0][#6]),$([H1R0	L:[H][#6;A;X4;!$(C([OX2])[O,S,#7,#15]):1][#7;H1X3;$([H1][#6;!$(C=[O,N,S]… → R:[#6;A;X3;!$(C([OX2])[O,S,#7,#15]):1]=O.[H][#7;X3:2][#6;A;X3;$([R0][#6]…	
proposed	N-Dealkylation of secondary arylalkylamine	bt:N_DEALKYLATION_OF_SECONDARY_ARYLALKYL_AMINES	xmet:4000341	secondary N-dealkylation	propose:secondary arylalkylamine N-dealkylation	1	N_DEALKYLATION_OF_SECONDARY_ARYLALKYL_AMINES	[H][#6;A;X4][#7;A;H1X3;+0!$(N*=[#7,#8,#15,#16])][#6;a]	L:[H][#6;A;X4:1][#7;A;H1X3;+0!$(N*=[#7,#8,#15,#16]):2][#6;a:3]… → R:[#6;A;X3:1]=O.[H][#7;A;X3:2][#6;a:3]…	
proposed	N-Dealkylation of urea	bt:N_DEALKYLATION_OF_UREAS	xmet:4000043	N-dealkylation	propose:urea N-dealkylation	1	N_DEALKYLATION_OF_UREAS	[#7;X3;!$([#7][!#6])][#6;X3](=[O;X1])[#7;X3;!$([#7][!#6])][#6;A;X4;!$(C([OX2])[O,S,#7,#15])][H]	L:[#7;X3;!$([#7][!#6]):1][#6;X3:2](=[O;X1:3])[#7;X3;!$([#7][!#6]):4][#6;… → R:[#6;A;X3;!$(C([OX2])[O,S,#7,#15]):5]=O.[#7;X3;!$([#7][!#6]):1][#6;X3:2…	
proposed	N-Dealkylation of sulfonamide	bt:N_DEALKYLATION_OF_SULFONAMIDES	xmet:4000043	N-dealkylation	propose:sulfonamide N-dealkylation	1	N_DEALKYLATION_OF_SULFONAMIDES	[H][#6;A;X4;!$(C([OX2])[O,S,#7,#15])][#7;X3;$([H2]),$([H1][#6;!$(C=[O,N,S])]),$([#7]([#6;!$(C=[O,N,S	L:[H][#6;A;X4;!$(C([OX2])[O,S,#7,#15]):1][#7;X3;$([H2]),$([H1][#6;!$(C=[… → R:[#6;A;X3;!$(C([OX2])[O,S,#7,#15]):1]=O.[H][#7;X3:2][#16;A;X4:3]([#1,#6…	
proposed	N-Dealkylation of hydrazine	bt:N_DEALKYLATION_OF_HYDRAZINE	xmet:4000043	N-dealkylation	propose:hydrazine N-dealkylation	1	N_DEALKYLATION_OF_HYDRAZINE	[H][#6;A;X4][#7;A;X3;$([H2]),$([H1][#6]),$([H0]([#6])[#6]);!$(NC=[O,N,S])][#7;A;X3;$([H2]),$([H1][#6	L:[H][#6;A;X4:3][#7;A;X3;$([H2]),$([H1][#6]),$([H0]([#6])[#6]);!$(NC=[O,… → R:[#6;A;X3:3]=O.[H][#7;A;X3:2][#7;A;X3;$([H2]),$([H1][#6]),$([H0]([#6])[…	
proposed	N-Dealkylation of hydrazide	bt:N_DEALKYLATION_OF_HYDRAZIDE	xmet:4000043	N-dealkylation	propose:hydrazide N-dealkylation	1	N_DEALKYLATION_OF_HYDRAZIDE	[#1,#6][#7;X3](-[#6;X4][H])[#7;X3](-[#1,#6])[#6;X3]([#1,#6])=[O;X1]	L:[#1,#6:4][#7;X3:3](-[#6;X4:2][H:1])[#7;X3:5](-[#1,#6:6])[#6;X3:7]([#1,… → R:[#6;X3:2]=O.[#1,#6:4][#7;X3:3]([H:1])[#7;X3:5](-[#1,#6:6])[#6;X3:7]([#…	
proposed	N-Dealkylation of dicarboximide	bt:N_DEALKYLATION_OF_DICARBOXIMIDE	xmet:4000043	N-dealkylation	propose:dicarboximide N-dealkylation	1	N_DEALKYLATION_OF_DICARBOXIMIDE	[#6,#1;A]-,:[#6;X3](=[O;R0])[#7;X3](!@-[#6;X4][H])[#6;X3]=[O;R0]	L:[#6,#1;A:7]-,:[#6;X3:6](=[O;R0:8])[#7;X3:3](!@-[#6;X4:2][H:1])[#6;X3:4… → R:[#6;X3:2]=O.[#6,#1;A:7]-,:[#6;X3:6](=[O;R0:8])[#7;X3:3]([H:1])[#6;X3:4…	
proposed	N-Dealkylation of N-alkylnitrosamine	bt:N_DEALKYLATION_OF_N_ALKYLNITROSAMINE	xmet:4000043	N-dealkylation	propose:N-alkylnitrosamine N-dealkylation	1	N_DEALKYLATION_OF_N_ALKYLNITROSAMINE	[H][#6;A;X4][#7;!$(N*=O)]-[#7;X2]=[O;X1]	L:[H][#6;A;X4:4][#7;!$(N*=O):1]-[#7;X2:2]=[O;X1:3]… → R:[#6;A;X3:4]=O.[H][#7:1]-[#7;X2:2]=[O;X1:3]…	
proposed	N-Dealkylation of nitrosodialkylamine	bt:N_DEALKYLATION_OF_NITROSODIALKYLAMINES	xmet:4000043	N-dealkylation	propose:nitrosodialkylamine N-dealkylation	1	N_DEALKYLATION_OF_NITROSODIALKYLAMINES	[H][#6;X4][#7;A;X3]([#6;X4])[#7;X2]=[O;X1]	L:[H][#6;X4:1][#7;A;X3:2]([#6;X4:3])[#7;X2:4]=[O;X1:5]… → R:[#6;X3:1]=O.[H][#7;A;X3:2]([#6;X4:3])[#7;X2:4]=[O;X1:5]…	
proposed	N-Depropargylation of secondary or tertiary amine	bt:N_DEPROPARGYLATION_OF_SEC_AND_TERT_AMINES	xmet:4000043	N-dealkylation	propose:N-depropargylation	1	N_DEPROPARGYLATION_OF_SEC_AND_TERT_AMINES	[H]C#C[C;R0]([H])([H])[#7;A;X3;+0!$([N]~[!#6])!$([N]*~[#7,#8,#15,#16])]([#6])[#1,#6]	L:[H:7][C:6]#[C:5][C;R0:1]([H])([H])[#7;A;X3;+0!$([N]~[!#6])!$([N]*~[#7,… → R:[H][#7;A;X3:2]([#6:3])[#1,#6:4].[H:7][C:6]#[C:5][#6;R0:1]([H])=O…	
proposed	N-Dealkoxylation of N-aryl-N-chloroacetamide	bt:N_DEALKOXYLATION_OF_N_ARYL_N_CHLOROACETAMIDES	xmet:4000043	N-dealkylation	propose:N-dealkoxylation	1	N_DEALKOXYLATION_OF_N_ARYL_N_CHLOROACETAMIDES	[H][#6;X4]-[#8;X2][C;R0]([H])([H])[#7;X3R0](-[#6;R1]=,:1[#6;R1](-[#6;X4])=,:[#6;R1][#6;R1]=,:[#6;R1]	L:[H:1][#6;X4:2]-[#8;X2:3][C;R0:4]([H:5])([H:6])[#7;X3R0:7](-[#6;R1:8]=,… → R:[H:1][#6;X4:2]-[#8;X2:3][C;R0:4]([H:5])([H:6])[H].[H][#7;X3R0:7](-[#6;…	
proposed	N-Glucuronidation of amide	bt:AMIDE_N_GLUCURONIDATION	xmet:4000153	N-glucuronidation	propose:amide N-glucuronidation	1	AMIDE_N_GLUCURONIDATION	[#7;X3;$([H2]),$([H1][#6;!$(C=[O,N,S])])]-[#6](-[#6X4,#7X3])=[O;X1]	L:[H][#7;X3;$([H2]),$([H1][#6;!$(C=[O,N,S])]):1]-[#6:2](-[#6X4,#7X3:3])=… → R:[#8]-[#6]-1-[#6](-[#8])-[#6](-[#7;X3;$([H2]),$([H1][#6;!$(C=[O,N,S])])…	
proposed	N-Glucuronidation of sulfonamide	bt:SULFONAMIDE_N_GLUCURONIDATION	xmet:4000153	N-glucuronidation	propose:sulfonamide N-glucuronidation	1	SULFONAMIDE_N_GLUCURONIDATION	[#6]-[#16;X4](=[#8;X1])(=[#8;X1])-[#7;X3;H1,H2]	L:[#6:1]-[#16;X4:2](=[#8;X1:3])(=[#8;X1:4])-[#7;X3;H1,H2:5]… → R:[#6:1][S;X4:2](=[O;X1:3])(=[O;X1:4])[#7;X3:5]-[#6@H]-1-[#8]-[#6@@H](-[…	
proposed	N-Glucuronidation of 3-substituted pyridine	bt:PYRIDINE_GLUCURONIDATION	xmet:4000153	N-glucuronidation	propose:pyridine N-glucuronidation	1	PYRIDINE_GLUCURONIDATION	[#6]-[#6;R1]=,:1[#6]=,:[#6][#6;R1]=,:[#7;X2][#6;R1]=,:1	L:[#6:7]-[#6;R1:2]=,:1[#6:1]=,:[#6:6][#6;R1:5]=,:[#7;X2:4][#6;R1:3]=,:1… → R:[#6:7]-[#6;R1:2]=,:1[#6:1]=,:[#6:6][#6;R1:5]=,:[#7;X3+:4]([#6;R1:3]=,:…	
proposed	N-Hydroxylation of anilide	bt:N_HYDROXYLATION_OF_ANILIDES	xmet:4000028	hydroxylamine formation	propose:anilide N-hydroxylation	1	N_HYDROXYLATION_OF_ANILIDES	[H][#7;R0](-[#6;R1]=,:1[#6;R1]=,:[#6;R1][#6;R1]=,:[#6;R1][#6;R1]=,:1)-[#6;R0](-[#1,#6])=[O;R0]	L:[H][#7;R0:1](-[#6;R1:2]=,:1[#6;R1:3]=,:[#6;R1:4][#6;R1:5]=,:[#6;R1:6][… → R:[H][#8]-[#7;R0:1](-[#6;R1:2]=,:1[#6;R1:3]=,:[#6;R1:4][#6;R1:5]=,:[#6;R…	
proposed	N-Hydroxylation of secondary arylamide	bt:N_HYDROXYLATION_OF_SECONDARY_ARYLAMIDES	xmet:4000028	hydroxylamine formation	propose:secondary arylamide N-hydroxylation	1	N_HYDROXYLATION_OF_SECONDARY_ARYLAMIDES	[H][#7;R0](-[*;a;R1])-[#6;R0](-[#1,#6])=[O;R0]	L:[H][#7;R0:1](-[*;a;R1:2])-[#6;R0:3](-[#1,#6:4])=[O;R0:5]… → R:[H][#8]-[#7;R0:1](-[*;a;R1:2])-[#6;R0:3](-[#1,#6:4])=[O;R0:5]…	
proposed	N-Hydroxylation of primary or secondary aliphatic amine	bt:N_HYDROXYLATION_OF_PRIM_SEC_ALIPHATIC_AMINES	xmet:4000028	hydroxylamine formation	propose:aliphatic amine N-hydroxylation	1	N_HYDROXYLATION_OF_PRIM_SEC_ALIPHATIC_AMINES	[H][#7;A;X3;+0!$([N]~[!#6])!$([N]*~[#7,#8,#15,#16])]([#6])[#1,#6]	L:[H][#7;A;X3;+0!$([N]~[!#6])!$([N]*~[#7,#8,#15,#16]):1]([#6:2])[#1,#6:3… → R:[H][#8][#7;A;X3;+0!$([N]~[!#6])!$([N]*~[#7,#8,#15,#16]):1]([#6:2])[#1,…	
proposed	N-Hydroxylation of guanidine or aminohydrazone	bt:N_HYDROXYLATION_OF_GUANIDINES_AND_AMINOHYDROAZONES	xmet:4000028	hydroxylamine formation	propose:guanidine N-hydroxylation	1	N_HYDROXYLATION_OF_GUANIDINES_AND_AMINOHYDROAZONES	[H][#7;A;X2]=[#6;X3]([#7;A;X3]([#1,#6,#7])[#1,#6,#7])[#7;A;X3]([#1,#6,#7])[#1,#6,#7]	L:[H][#7;A;X2:3]=[#6;X3:2]([#7;A;v3X3,v4X4+:1])[#7;A;v3X3,v4X4+:4]… → R:[H][#8][#7;A;X2:3]=[#6;X3:2]([#7;A;v3X3,v4X4+:1])[#7;A;v3X3,v4X4+:4]…	
proposed	O-Acetylation of N-hydroxylarylamine	bt:N_HYDROXYARYLAMINE_O_ACETYLATION	xmet:4000165	O-acetylation	propose:N-hydroxylarylamine O-acetylation	1	N_HYDROXYARYLAMINE_O_ACETYLATION	[#8;A;X2H1,X1-][#7;A;H1X3]!@-[#6]=,:1[#6]=,:[#6][#6]=,:[#6][#6]=,:1	L:[H][#8:1][#7;A;H1X3:2]!@-[#6:3]=,:1[#6:4]=,:[#6:5][#6:6]=,:[#6:7][#6:8… → R:[#6]-[#6](=O)-[#8:1][#7;A;H1X3:2]!@-[#6:3]=,:1[#6:4]=,:[#6:5][#6:6]=,:…	
proposed	O-Acetylation of N-hydroxyl-N-arylacetamide	bt:N_HYDROXYL_N_ARYLACETAMIDE_O_ACETYLATION	xmet:4000165	O-acetylation	propose:N-hydroxyl-N-arylacetamide O-acetylation	1	N_HYDROXYL_N_ARYLACETAMIDE_O_ACETYLATION	[H][#8]-[#7;X3](-[#6;X3]([#6;A;H3X4])=[O;X1])!@-[#6;X3]-1=[#6]-[#6]=[#6]-[#6]=[#6]-1	L:[H][#8:8]-[#7;X3:7](-[#6;X3:9]([#6;A;H3X4:11])=[O;X1:10])!@-[#6;X3:6]-… → R:[#6;A;H3X4:11][#6;X3:9](=[O;X1:10])-[#8:8]-[#7;X3:7]!@-[#6;X3:6]-1=[#6…	
proposed	O-Glucuronidation of N-oxide	bt:GLUCURONIDATION_OF_AMINE_OXIDE	xmet:4000149	O-glucuronidation	propose:N-oxide O-glucuronidation	1	GLUCURONIDATION_OF_AMINE_OXIDE	[$([#6][N;X4+]([#6])([#6])[#8;X1-]),$([#6][#7;X3+](=,:[#6])-[#8;X1-])]	L:[#7+:1]-[#8;X1-:2]… → R:[#7+:1]-[#8;X2:2]-[#6]-1-[#8]-[#6](-[#6](-[#8])-[#6](-[#8])-[#6]-1-[#8…	
proposed	GSH-conjugation of acyl chloride	bt:GSH_CONJUGATION_OF_ACYL_CHLORIDE	xmet:4000373	glutathionation with leaving-group displacement	propose:acyl chloride glutathionation	1	GSH_CONJUGATION_OF_ACYL_CHLORIDE	[#6]-[#6;X3](Cl)=[O;X1]	L:[#6:1]-[#6;X3:2](Cl)=[O;X1:3]… → R:[#6:1]-[#6;X3:2](=[O;X1:3])-[#16;X2]-[#6]-[#6@H](-[#7]-[#6](=O)-[#6]-[…	
proposed	GSH-conjugation of isothiocyanate	bt:GSH_CONJUGATION_OF_ISOTHIOCYANATE	xmet:4000373	glutathionation with leaving-group displacement	propose:isothiocyanate glutathionation	1	GSH_CONJUGATION_OF_ISOTHIOCYANATE	[#6]-[#7;X2]=[C;X2]=[S;X1]	L:[#6:4]-[#7;X2:1]=[C;X2:2]=[S;X1:3]… → R:[H][#7;X3:1](-[#6:4])-[#6;X3:2](=[S;X1:3])-[#16;X2]-[#6]-[#6@H](-[#7]-…	
proposed	GSH-conjugation of halo-S-triazine	bt:GSH_CONJUGATION_OF_HALO_S_TRIAZINE	xmet:4000170	halide displacement glutathionation	propose:halo-S-triazine glutathionation	1	GSH_CONJUGATION_OF_HALO_S_TRIAZINE	[F,Cl,Br,I]-[#6;R1]=,:1[#7;R1]=,:[#6;R1][#7;R1]=,:[#6;R1][#7;R1]=,:1	L:[F,Cl,Br,I:7]-[#6;R1:1]=,:1[#7;R1:2]=,:[#6;R1:3][#7;R1:4]=,:[#6;R1:5][… → R:[F,Cl,Br,I:7][H].[#7]-[#6](-[#6]-[#6]-[#6](=O)-[#7]-[#6](-[#6]-[#16]-[…	
proposed	Epoxidation of vinyl ether	bt:EPOXIDATION_OF_VINYL_ETHER	xmet:4000023	alkene epoxidation	propose:vinyl ether epoxidation	1	EPOXIDATION_OF_VINYL_ETHER	[#6]-[#8;X2]-[#6;X3](-[#1,#6])=,:[#6;X3](-[#1,#6])-[#1,#6]	L:[#6:1]-[#8;X2:2]-[#6;X3:3](-[#1,#6:4])=,:[#6;X3:5](-[#1,#6:6])-[#1,#6:… → R:[#6:1]-[#8;X2:2][C;X4:3]1([#1,#6:4])[#8][C;X4:5]1([#1,#6:6])[#1,#6:7]…	
proposed	S-Oxidation of thiocarbamate	bt:S_OXIDATION_OF_THIOCARBAMATE	xmet:4000032	sulfur oxidation	propose:thiocarbamate S-oxidation	1	S_OXIDATION_OF_THIOCARBAMATE	[#6]-[#16;X2]-[#6;X3](=[O;X1])-[#7;X3](-[#1,#6])-[#1,#6]	L:[#6:7]-[#16;X2:1]-[#6;X3:2](=[O;X1:3])-[#7;X3:4](-[#1,#6:5])-[#1,#6:6]… → R:[#6:7][S;X3:1](=O)[#6;X3:2](=[O;X1:3])-[#7;X3:4](-[#1,#6:5])-[#1,#6:6]…	
proposed	S-Oxidation of dithiocarbamate	bt:S_OXIDATION_OF_DITHIOCARBAMATE	xmet:4000032	sulfur oxidation	propose:dithiocarbamate S-oxidation	1	S_OXIDATION_OF_DITHIOCARBAMATE	[#1,#6]-[#16;X2]-[#6;X3](=[S;X1])-[#7;X3](-[#1,#6])-[#1,#6]	L:[#1,#6:7]-[#16;X2:1]-[#6;X3:2](=[S;X1:3])-[#7;X3:4](-[#1,#6:5])-[#1,#6… → R:[#1,#6:7]-[#16;X2:1]-[#6;X3:2](=[S;X2:3]=O)-[#7;X3:4](-[#1,#6:5])-[#1,…	
proposed	S-Oxidation of organosulfurous compounds	bt:S_OXIDATION_OF_ORGANOSULFUROUS_COMPOUNDS	xmet:4000032	sulfur oxidation	propose:organosulfur S-oxidation	1	S_OXIDATION_OF_ORGANOSULFUROUS_COMPOUNDS	[#6]-[#8;X2][S;X3](=[O;X1])[#8;X2]-[#6]	L:[#6:5]-[#8;X2:3][S;X3:1](=[O;X1:2])[#8;X2:4]-[#6:6]… → R:[#6:5]-[#8;X2:3][S;X4:1](=[O;X1:2])(=O)[#8;X2:4]-[#6:6]…	
proposed	Nitroreduction of nitroarene to hydroxylamine	bt:NITROREDUCTION_OF_NITROARENE_TO_HYDROXYLAMINE	xmet:4000096	nitroaromatic reduction	propose:nitroarene to hydroxylamine reduction	1	NITROREDUCTION_OF_NITROARENE_TO_HYDROXYLAMINE_PATTERN1	[#8;X1-]-[#7;X3+](=[O;X1])!@-[#6;R1]1=,:[#6][#6][#6][#6]=,:[#6;H1X3R1]1	L:[#8;X1-:1]-[#7;X3+:2](=[O;X1:3])!@-[#6;R1:4]1=,:[#6:5][#6:6][#6:7][#6:… → R:[H][#8;X2:3][H].[H][#8;X2:1]-[#7;X3:2]([H])!@-[#6;R1:4]1=,:[#6:5][#6:6…	
proposed	6-electron Reduction of nitroguanidine	bt:_6E_REDUCTION_OF_NITROGUANIDINE	xmet:4000094	nitro reduction	propose:nitroguanidine six-electron reduction	1	_6E_REDUCTION_OF_NITROGUANIDINE	[#7][#6;X3](-[#7])=[#7]!@[#7;X3+](-[#8;X1-])=[O;X1]	L:[#7:1][#6;X3:2](-[#7:3])=[#7:4]!@[#7;X3+:5](-[#8;X1-:7])=[O;X1:6]… → R:[O;X1:7]=[O;X1:6].[H][#7;X3:5]([H])!@[#7:4]=[#6;X3:2]([#7:1])-[#7:3]…	
proposed	Reduction of nitroimine	bt:REDUCTION_OF_NITROIMINES	xmet:4000094	nitro reduction	propose:nitroimine reduction	1	REDUCTION_OF_NITROIMINES	[#6]!@-[#7;X3]!@-[#7;X3+](-[#8;X1-])=[O;X1]	L:[#6:4]!@-[#7;X3:3]!@-[#7;X3+:1](-[#8;X1-])=[O;X1:2]… → R:[#6:4]!@-[#7;X3:3]!@-[#7;X2:1]=[O;X1:2]…	
proposed	Formation of iminium from pyrrolidine ring	bt:FORMATION_OF_IMINIUM_IN_PYRROLIDINE_RING	xmet:4000216	amine dehydrogenation	propose:pyrrolidine iminium formation	1	FORMATION_OF_IMINIUM_IN_PYRROLIDINE_RING	[H][#6;R1]-1-[#6;R1]-[#6;R1]-[#6;R1]-[#7;X3R1]-1!@-[#6]	L:[H][#6;R1:5]-1-[#6;R1:1]-[#6;R1:2]-[#6;R1:3]-[#7;X3R1:4]-1!@-[#6:6]… → R:[#6:6]!@-[#7;X3R1+:4]-1=[#6;R1:5]-[#6;R1:1]-[#6;R1:2]-[#6;R1:3]-1…	
proposed	Formation of imminium ion from N-substituted piperidine	bt:FORMATION_OF_IMMINIUM_ION_FROM_N_SUBSTITUTED_PIPERIDINE	xmet:4000216	amine dehydrogenation	propose:piperidine iminium formation	1	FORMATION_OF_IMMINIUM_ION_FROM_N_SUBSTITUTED_PIPERIDINE	[H][#6;R1]-1-[#6;R1]-[#6;R1]-[#6;R1]-[#6;R1]-[#7;X3R1]-1!@-[#6;R0,R1]	L:[H:1][#6;R1:2]-1-[#6;R1:3]-[#6;R1:4]-[#6;R1:5]-[#6;R1:6]-[#7;X3R1:7]-1… → R:[H][H:1].[#6;R0,R1:8]!@-[#7;X3R1+:7]-1=[#6;R1:2]-[#6;R1:3]-[#6;R1:4]-[…	
proposed	Aliphatic hydroxylation of carbon alpha to secondary or tertiary alkyl-N	bt:ALIPHATIC_HYDROXYLATION_OF_CARBON_ALPHA_TO_SECONDARY_OR_TERTIARY_ALKYL_N	xmet:4000014	aliphatic hydroxylation	propose:alpha-to-N aliphatic hydroxylation	1	ALIPHATIC_HYDROXYLATION_OF_CARBON_ALPHA_TO_SECONDARY_OR_TERTIARY_ALKYL_N	[H][C;X4]([#6])([#6,#1;A])[#7;A;X3;+0!$([N]~[!#6])!$([N]*~[#7,#8,#15,#16])]([#6])[#1,#6]	L:[H][C;X4:4]([#6:5])([#6,#1;A:6])[#7;A;X3;+0!$([N]~[!#6])!$([N]*~[#7,#8… → R:[#6:3][#7;A;X3;+0!$([N]~[!#6])!$([N]*~[#7,#8,#15,#16]):2]([#1,#6:1])[C…	
proposed	Glycination of aliphatic acid	bt:GLYCINATION_OF_ALIPHATIC_ACID	xmet:4000180	glycine conjugation	propose:aliphatic acid glycination	1	GLYCINATION_OF_ALIPHATIC_ACID	[H][#8;X2]-[#6;X3](-[#6;$([#7;A;R0]-,=[#6;A;R0]-,=[#6;A;R0]-,=[#6;A;R0]),$([#7]-[#6;A;X3]=[#6;A]-[#6	L:[H][#8;X2]-[#6;X3:1](-[#6;$([#7;A;R0]-,=[#6;A;R0]-,=[#6;A;R0]-,=[#6;A;… → R:[H][#8]-[#6](=O)-[#6]-[#7]([H])-[#6;X3:1](-[#6;$([#7;A;R0]-,=[#6;A;R0]…	
proposed	Glycination of aromatic acid	bt:GLYCINATION_OF_ARYL_ACID	xmet:4000180	glycine conjugation	propose:aromatic acid glycination	1	GLYCINATION_OF_ARYL_ACID	[#8;A;X2H1,X1-][#6;X3](=O)-[#6;R1]=,:1[#6;R1]=,:[#6;R1][#6;R1]=,:[#6;R1][#6;R1]=,:1	L:[H:10][#8;A:3][#6;X3:2](=[O:4])-[#6;R1:1]=,:1[#6;R1:5]=,:[#6;R1:6][#6;… → R:[H:10][#8;A:3][#6](=O)-[#6]-[#7]-[#6;X3:2](=[O:4])-[#6;R1:1]=,:1[#6;R1…	
proposed	3'-Dehydroxylation of substituted benzene	bt:_3P_DEHYDROXYLATION_OF_SUBSTITUTED_BENZENE	xmet:4000128	dehydroxylation	propose:meta-dehydroxylation	1	_3P_DEHYDROXYLATION_OF_SUBSTITUTED_BENZENE	[H][#8]-[#6;R1]1=,:[#6;R1]([H])[#6;R1](-[#6])=,:[#6;R1]([H])[#6;R1]([#8,#1;A])=,:[#6;R1]1[#8,#1;A]	L:[H][#8]-[#6;R1:2]1=,:[#6;R1:4]([H:5])[#6;R1:6](-[#6:7])=,:[#6;R1:8]([H… → R:[H:5][#6;R1:4]1=,:[#6;R1:2]([H])[#6;R1:1]([#8,#1;A:3])=,:[#6;R1:10]([#…	
proposed	4'-Dehydroxylation of substituted benzene	bt:_4P_DEHYDROXYLATION_OF_SUBSTITUTED_BENZENE	xmet:4000128	dehydroxylation	propose:para-dehydroxylation	1	_4P_DEHYDROXYLATION_OF_SUBSTITUTED_BENZENE	[H][#8]-[#6;R1]=,:1[#6;R1]([#8,#1;A])=,:[#6;R1]([H])[#6;R1](-[#6])=,:[#6;R1]([H])[#6;R1]=,:1[#8,#1;A	L:[H][#8]-[#6;R1:3]=,:1[#6;R1:2]([#8,#1;A:11])=,:[#6;R1:1]([H:9])[#6;R1:… → R:[H:8][#6;R1:5]1=,:[#6;R1:6](-[#6:7])[#6;R1:1]([H:9])=,:[#6;R1:2]([#8,#…	
proposed	Hydrolysis of ferulic acid ester	bt:HYDROLYSIS_OF_FERULIC_ACID_ESTER	xmet:4000078	ester hydrolysis	propose:ferulic acid ester hydrolysis	1	HYDROLYSIS_OF_FERULIC_ACID_ESTER	[#6;!$([#6](=[#8])-[#8])]-[#8;X2]-[#6](=O)[#6;H1X3R0]=[#6;H1X3R0][#6;R1]1[#6;R1]=,:[#6;R1][#6;R1]([#	L:[#6;!$([#6](=[#8])-[#8]):1]-[#8;X2:2]-[#6:3](=[O:4])[#6;H1X3R0:5]=[#6;… → R:[H][#8]-[#6:1].[H][#8;X2:2]-[#6:3](=[O:4])[#6;H1X3R0:5]=[#6;H1X3R0:6][…	
proposed	Hydrolysis of galloyl ester	bt:GALLOYL_ESTER_HYDROLYSIS	xmet:4000078	ester hydrolysis	propose:galloyl ester hydrolysis	1	GALLOYL_ESTER_HYDROLYSIS	[#6]-[#8;X2]-[#6;R0](=O)-[#6;R1]=,:1[#6;R1]=,:[#6;R1](-[#8;R0])[#6;R1](-[#8;R0])=,:[#6;R1](-[#8;R0])	L:[#6:13]-[#8;X2:1]-[#6;R0:2](=[O:3])-[#6;R1:4]=,:1[#6;R1:5]=,:[#6;R1:6]… → R:[H][#8;X2:1]-[#6:13].[H][#8]-[#6;R0:2](=[O:3])-[#6;R1:4]=,:1[#6;R1:5]=…	
proposed	Glutathione S-conjugate hydrolysis to cysteinglycine conjugate	bt:GLUTATHIONE_S_CONJUGATE_HYDROLYSIS_PATTERN_1	xmet:4000147	deconjugation	propose:glutathione conjugate to cysteinylglycine	1	GLUTATHIONE_S_CONJUGATE_HYDROLYSIS_PATTERN_1	[#6]-[#16;X2R0][#6;A;H2X4][#6@H;R0]([#7;A;H1X3][#6](=O)[#6;A;H2X4][#6;A;H2X4][#6@H;R0]([#7;A;H2X3])-	L:[H:14][#7;A;X3:8]([#6;A;H2X4:9][#6;R0:10]([#8;A;X2H1,X1-:11])=[O;X1:12… → R:[H:13][#7;A;X3:1]([H])[#6@@H;R0:2]([#6;A;H2X4:3][#16;X2R0:4]-[#6:5])-[…	
proposed	Hydrolysis of cysteinylglycine	bt:CYSTEINYLGLYCINE_HYDROLYSIS	xmet:4000147	deconjugation	propose:cysteinylglycine hydrolysis	1	CYSTEINYLGLYCINE_HYDROLYSIS	[#6]-[#16;X2R0][#6;A;H2X4][#6@H;R0]([#7;A;H2X3])-[#6](=[O;X1])[#7;A;H1X3][#6;A;H2X4][#6;R0]([#8;A;X2	L:[H:8][#7;A;X3:1]([H:9])[#6@@H;R0:2]([#6;A;H2X4:3][#16;X2R0:4]-[#6:5])-… → R:[H][#8]-[#6:6](=[O;X1:7])-[#6@H;R0:2]([#6;A;H2X4:3][#16;X2R0:4]-[#6:5]…	
proposed	Hydrolysis of cyclic secondary carboxamide	bt:HYDROLYSIS_OF_CYCLIC_SECONDARY_CARBOXAMIDE_PATTERN_2	xmet:4000079	amide hydrolysis	propose:cyclic secondary carboxamide hydrolysis	2	HYDROLYSIS_OF_CYCLIC_SECONDARY_CARBOXAMIDE_PATTERN_2|HYDROLYSIS_OF_CYCLIC_SECONDARY_CARBOXAMIDE_PATTERN_1	[#6]@[#6](!@=[O;X1])@[#7;X2]@=,@:[#6] || [H][#7;X3](@-[#6;A;!$(C=[O,N,S])])@-[#6;A;X3](@-[#6])=[O;X1]	L:[#6:3]@[#6:2](!@=[O;X1:1])@[#7;X2:4]@=,@:[#6:5]… → R:[H][#7;X2:4]!@=[#6:5].[H][#8]-[#6:2](!@-[#6:3])!@=[O;X1:1]… || L:[H:1][#7;X3:2](@-[#6;A;!$(C=[O,N,S]):3])@-[#6;A;X3:4](@-[#6:5])=[O;X1:… → R:[H][#7;X3:2]([H:1])[#6;A;!$(C=[O,N,S]):3].[H][#8][#6;A;X3:4]([#6:5])=[…	
proposed	Acylhydrolysis of acrylacylamide	bt:HYDROLISIS_OF_ARYL_ACYLAMIDE	xmet:4000079	amide hydrolysis	propose:acrylacylamide acyl hydrolysis	1	HYDROLISIS_OF_ARYL_ACYLAMIDE	[O;X1]=[#6;A;X3;$([R0][#6]),$([H1R0])][#7;X3;$([H2]),$([H1][#6;!$(C=[O,N,S])]),$([#7]([#6;!$(C=[O,N,	L:[*,#1;#1,$([#6;!$(C=[O,N,S])]):10]-[#7;X3:1]([#6;A;X3;$([R0][#6]),$([H… → R:[H][#8][#6;A;X3:2]=[O;X1:3].[H][#7;X3:1](-[*,#1;#1,$([#6;!$(C=[O,N,S])…	
