old_id	new_id	change_type	note
xmet:0000010	xmet:0000010	relabeled	stable oxygenation under oxidation (kept id; parent → oxidation)
xmet:0000011	xmet:0000011	relabeled	unstable oxygenation under oxidation (kept id; parent → oxidation)
xmet:0000021	xmet:0000020	merged	carbon oxidation merged into oxidation
xmet:0000023	xmet:0000200	merged	C–X oxidative cleavage merged into dealkylation
xmet:0003000		retired	deferred spine wiped (out of scope this redesign version)
xmet:0003001		retired	deferred spine wiped (out of scope this redesign version)
xmet:0003002		retired	deferred spine wiped (out of scope this redesign version)
xmet:0004000		retired	retired process facet (thin structural delta / descriptor cleanup)
xmet:0004003	xmet:0004005	merged	NIH shift merged into arene oxide rearrangement to phenol (chemical preferred label)
xmet:1000000	xmet:1000000	relabeled	relabel metabolism phase → disposition stage
xmet:1000100		retired	deferred spine wiped (out of scope this redesign version)
xmet:1000101		retired	deferred spine wiped (out of scope this redesign version)
xmet:1000102		retired	deferred spine wiped (out of scope this redesign version)
xmet:1100000	xmet:1100000	relabeled	relabel chemical transformation → reaction class
xmet:1100013	xmet:0000208	merged	deamination merged into oxidative deamination
xmet:1200000		retired	deferred spine wiped (out of scope this redesign version)
xmet:1200100	xmet:3001105	merged	CORRECTED: aromatic epoxidation (not arene oxide); prior merge to xmet:0000112 was wrong
xmet:1200101	xmet:1200101	moved	aliphatic epoxidation → under epoxidation
xmet:1200102	xmet:0000120	merged	redundant class node → nitrogen oxidation
xmet:1200103	xmet:0000130	merged	redundant class node → sulfur oxidation
xmet:1200104	xmet:0000208	merged	redundant class node → oxidative deamination
xmet:1200105	xmet:0000310	merged	redundant class node → alcohol oxidation
xmet:1200106	xmet:1200106	moved	amine dehydrogenation → under dehydrogenation
xmet:1200107	xmet:0000401	merged	redundant class node → ester hydrolysis
xmet:1200108	xmet:0000402	merged	redundant class node → amide hydrolysis
xmet:1200109	xmet:0000524	merged	redundant class node → carbonyl reduction
xmet:1200110	xmet:0000511	merged	redundant class node → nitro reduction
xmet:1200111	xmet:0000540	merged	redundant class node → reductive dehalogenation
xmet:1200112	xmet:0000500	merged	redundant class node → hydrogenation
xmet:1200113	xmet:0000310	merged	dropped underspecified aldehyde formation class; nearest chemist home alcohol oxidation
xmet:1200200	xmet:0000101	merged	redundant class node → aromatic hydroxylation
xmet:1200201	xmet:0000102	merged	redundant class node → aliphatic hydroxylation
xmet:1200202	xmet:0000201	merged	redundant class node → N-dealkylation
xmet:1200203	xmet:0000202	merged	redundant class node → O-dealkylation
xmet:1200204	xmet:0000203	merged	redundant class node → S-dealkylation
xmet:1200205	xmet:0000204	merged	redundant class node → C-dealkylation
xmet:1200206	xmet:0000210	merged	redundant class node → oxidative dehalogenation
xmet:1200207	xmet:0000300	merged	redundant class node → quinone formation
xmet:1200208	xmet:0000305	merged	redundant class node → iminium ion formation
xmet:1200209	xmet:0000316	merged	redundant class node → single- to double-bond dehydrogenation
xmet:1200210	xmet:0000317	merged	redundant class node → double- to triple-bond dehydrogenation
xmet:1200211	xmet:0000408	merged	redundant class node → ether hydrolysis
xmet:1200212	xmet:0000409	merged	CORRECTED: cyanide hydrolysis class → cyanide hydrolysis (not nitrile)
xmet:1200213	xmet:0000533	merged	redundant class node → sulfo reduction
xmet:1200214	xmet:0000520	merged	redundant class node → oxygen reduction
xmet:1300000		retired	deferred spine wiped (out of scope this redesign version)
xmet:1300100	xmet:0001001	merged	redundant class node → O-glucuronidation
xmet:1300101	xmet:0001005	merged	redundant class node → N-glucuronidation
xmet:1300102	xmet:0001004	merged	redundant class node → acyl glucuronidation
xmet:1300103	xmet:0001011	merged	redundant class node → O-sulfation
xmet:1300104	xmet:0001014	merged	redundant class node → N-sulfation
xmet:1300105	xmet:0001030	merged	redundant class node → glutathione conjugation
xmet:1300106	xmet:0001041	merged	redundant class node → O-methylation
xmet:1300107	xmet:0001042	merged	redundant class node → N-methylation
xmet:1300108	xmet:0001043	merged	redundant class node → S-methylation
xmet:1300109	xmet:0001021	merged	redundant class node → N-acetylation
xmet:1300110	xmet:0001022	merged	redundant class node → O-acetylation
xmet:1300111	xmet:0001051	merged	redundant class node → glycine conjugation
xmet:1300112	xmet:0001053	merged	redundant class node → taurine conjugation
xmet:1300113	xmet:0001052	merged	redundant class node → glutamine conjugation
xmet:1300114	xmet:1300012	merged	redundant class node → phosphorylation
xmet:1300115	xmet:0001009	merged	redundant class node → carbamoyl glucuronidation
xmet:1300116	xmet:0001006	merged	redundant class node → quaternary N-glucuronidation
xmet:1300117	xmet:0001032	merged	redundant class node → epoxide glutathionation
xmet:1300118	xmet:0001031	merged	redundant class node → Michael glutathionation
xmet:1300119	xmet:0001033	merged	redundant class node → halide displacement glutathionation
xmet:1300120	xmet:0001007	merged	redundant class node → S-glucuronidation
xmet:1300121	xmet:0001008	merged	redundant class node → C-glucuronidation
xmet:1400000		retired	deferred spine wiped (out of scope this redesign version)
xmet:1400010		retired	deferred spine wiped (out of scope this redesign version)
xmet:1400011		retired	deferred spine wiped (out of scope this redesign version)
xmet:1400012		retired	deferred spine wiped (out of scope this redesign version)
xmet:1400013		retired	deferred spine wiped (out of scope this redesign version)
xmet:1400014		retired	deferred spine wiped (out of scope this redesign version)
xmet:1400015		retired	deferred spine wiped (out of scope this redesign version)
xmet:1400016		retired	deferred spine wiped (out of scope this redesign version)
xmet:1400017		retired	deferred spine wiped (out of scope this redesign version)
xmet:1400018		retired	deferred spine wiped (out of scope this redesign version)
xmet:1400019		retired	deferred spine wiped (out of scope this redesign version)
xmet:1400020		retired	deferred spine wiped (out of scope this redesign version)
xmet:1400021		retired	deferred spine wiped (out of scope this redesign version)
xmet:1400022		retired	deferred spine wiped (out of scope this redesign version)
xmet:1400030		retired	deferred spine wiped (out of scope this redesign version)
xmet:1400100		retired	deferred spine wiped (out of scope this redesign version)
xmet:1400101		retired	deferred spine wiped (out of scope this redesign version)
xmet:1400102		retired	deferred spine wiped (out of scope this redesign version)
xmet:1400103		retired	deferred spine wiped (out of scope this redesign version)
xmet:1400104		retired	deferred spine wiped (out of scope this redesign version)
xmet:1400105		retired	deferred spine wiped (out of scope this redesign version)
xmet:1400106		retired	deferred spine wiped (out of scope this redesign version)
xmet:1400107		retired	deferred spine wiped (out of scope this redesign version)
xmet:1400108		retired	deferred spine wiped (out of scope this redesign version)
xmet:1400109		retired	deferred spine wiped (out of scope this redesign version)
xmet:1400110		retired	deferred spine wiped (out of scope this redesign version)
xmet:1400111		retired	deferred spine wiped (out of scope this redesign version)
xmet:1400112		retired	deferred spine wiped (out of scope this redesign version)
xmet:1400113		retired	deferred spine wiped (out of scope this redesign version)
xmet:1400114		retired	deferred spine wiped (out of scope this redesign version)
xmet:1400115		retired	deferred spine wiped (out of scope this redesign version)
xmet:1400116		retired	deferred spine wiped (out of scope this redesign version)
xmet:1400117		retired	deferred spine wiped (out of scope this redesign version)
xmet:1400118		retired	deferred spine wiped (out of scope this redesign version)
xmet:1400119		retired	deferred spine wiped (out of scope this redesign version)
xmet:1400120		retired	deferred spine wiped (out of scope this redesign version)
xmet:1400121		retired	deferred spine wiped (out of scope this redesign version)
xmet:1400122		retired	deferred spine wiped (out of scope this redesign version)
xmet:1400123		retired	deferred spine wiped (out of scope this redesign version)
xmet:1400124		retired	deferred spine wiped (out of scope this redesign version)
xmet:1400125		retired	deferred spine wiped (out of scope this redesign version)
xmet:1400126		retired	deferred spine wiped (out of scope this redesign version)
xmet:1400127		retired	deferred spine wiped (out of scope this redesign version)
xmet:1400128		retired	deferred spine wiped (out of scope this redesign version)
xmet:1400129		retired	deferred spine wiped (out of scope this redesign version)
xmet:1400200		retired	deferred spine wiped (out of scope this redesign version)
xmet:1400201		retired	deferred spine wiped (out of scope this redesign version)
xmet:1400202		retired	deferred spine wiped (out of scope this redesign version)
xmet:1400203		retired	deferred spine wiped (out of scope this redesign version)
xmet:1500000		retired	deferred spine wiped (out of scope this redesign version)
xmet:1500010		retired	deferred spine wiped (out of scope this redesign version)
xmet:1500011		retired	deferred spine wiped (out of scope this redesign version)
xmet:1500012		retired	deferred spine wiped (out of scope this redesign version)
xmet:1500013		retired	deferred spine wiped (out of scope this redesign version)
xmet:1500014		retired	deferred spine wiped (out of scope this redesign version)
xmet:1500015		retired	deferred spine wiped (out of scope this redesign version)
xmet:1500016		retired	deferred spine wiped (out of scope this redesign version)
xmet:1500017		retired	deferred spine wiped (out of scope this redesign version)
xmet:1500018		retired	deferred spine wiped (out of scope this redesign version)
xmet:1500019		retired	deferred spine wiped (out of scope this redesign version)
xmet:1500030		retired	deferred spine wiped (out of scope this redesign version)
xmet:1500031		retired	deferred spine wiped (out of scope this redesign version)
xmet:1500100		retired	deferred spine wiped (out of scope this redesign version)
xmet:1500101		retired	deferred spine wiped (out of scope this redesign version)
xmet:1500102		retired	deferred spine wiped (out of scope this redesign version)
xmet:1500103		retired	deferred spine wiped (out of scope this redesign version)
xmet:1500104		retired	deferred spine wiped (out of scope this redesign version)
xmet:1500105		retired	deferred spine wiped (out of scope this redesign version)
xmet:1500106		retired	deferred spine wiped (out of scope this redesign version)
xmet:1500107		retired	deferred spine wiped (out of scope this redesign version)
xmet:1500108		retired	deferred spine wiped (out of scope this redesign version)
xmet:1500109		retired	deferred spine wiped (out of scope this redesign version)
xmet:1500110		retired	deferred spine wiped (out of scope this redesign version)
xmet:1500111		retired	deferred spine wiped (out of scope this redesign version)
xmet:1500112		retired	deferred spine wiped (out of scope this redesign version)
xmet:1500113		retired	deferred spine wiped (out of scope this redesign version)
xmet:1500114		retired	deferred spine wiped (out of scope this redesign version)
xmet:1500115		retired	deferred spine wiped (out of scope this redesign version)
xmet:1500116		retired	deferred spine wiped (out of scope this redesign version)
xmet:1500117		retired	deferred spine wiped (out of scope this redesign version)
xmet:1500118		retired	deferred spine wiped (out of scope this redesign version)
xmet:1500119		retired	deferred spine wiped (out of scope this redesign version)
xmet:1500120		retired	deferred spine wiped (out of scope this redesign version)
xmet:1500121		retired	deferred spine wiped (out of scope this redesign version)
xmet:1500122		retired	deferred spine wiped (out of scope this redesign version)
xmet:1500123		retired	deferred spine wiped (out of scope this redesign version)
xmet:1500124		retired	deferred spine wiped (out of scope this redesign version)
xmet:1500125		retired	deferred spine wiped (out of scope this redesign version)
xmet:1500126		retired	deferred spine wiped (out of scope this redesign version)
xmet:1500127		retired	deferred spine wiped (out of scope this redesign version)
xmet:1500128		retired	deferred spine wiped (out of scope this redesign version)
xmet:1500129		retired	deferred spine wiped (out of scope this redesign version)
xmet:1500130		retired	deferred spine wiped (out of scope this redesign version)
xmet:1500131		retired	deferred spine wiped (out of scope this redesign version)
xmet:1500132		retired	deferred spine wiped (out of scope this redesign version)
xmet:1500133		retired	deferred spine wiped (out of scope this redesign version)
xmet:1500134		retired	deferred spine wiped (out of scope this redesign version)
xmet:1500200		retired	deferred spine wiped (out of scope this redesign version)
xmet:1500201		retired	deferred spine wiped (out of scope this redesign version)
xmet:1500202		retired	deferred spine wiped (out of scope this redesign version)
xmet:1500203		retired	deferred spine wiped (out of scope this redesign version)
xmet:1500204		retired	deferred spine wiped (out of scope this redesign version)
xmet:1500205		retired	deferred spine wiped (out of scope this redesign version)
xmet:1500206		retired	deferred spine wiped (out of scope this redesign version)
xmet:1500207		retired	deferred spine wiped (out of scope this redesign version)
xmet:1500208		retired	deferred spine wiped (out of scope this redesign version)
xmet:1500209		retired	deferred spine wiped (out of scope this redesign version)
xmet:1500210		retired	deferred spine wiped (out of scope this redesign version)
xmet:1500211		retired	deferred spine wiped (out of scope this redesign version)
xmet:1500212		retired	deferred spine wiped (out of scope this redesign version)
xmet:1500213		retired	deferred spine wiped (out of scope this redesign version)
xmet:1500214		retired	deferred spine wiped (out of scope this redesign version)
xmet:1500215		retired	deferred spine wiped (out of scope this redesign version)
xmet:1500216		retired	deferred spine wiped (out of scope this redesign version)
xmet:1500217		retired	deferred spine wiped (out of scope this redesign version)
xmet:1500218		retired	deferred spine wiped (out of scope this redesign version)
xmet:1500219		retired	deferred spine wiped (out of scope this redesign version)
xmet:1500220		retired	deferred spine wiped (out of scope this redesign version)
xmet:1500221		retired	deferred spine wiped (out of scope this redesign version)
xmet:1500222		retired	deferred spine wiped (out of scope this redesign version)
xmet:1500223		retired	deferred spine wiped (out of scope this redesign version)
xmet:1500224		retired	deferred spine wiped (out of scope this redesign version)
xmet:1500225		retired	deferred spine wiped (out of scope this redesign version)
xmet:1500226		retired	deferred spine wiped (out of scope this redesign version)
xmet:1500227		retired	deferred spine wiped (out of scope this redesign version)
xmet:1500228		retired	deferred spine wiped (out of scope this redesign version)
xmet:1500229		retired	deferred spine wiped (out of scope this redesign version)
xmet:1500230		retired	deferred spine wiped (out of scope this redesign version)
xmet:1500231		retired	deferred spine wiped (out of scope this redesign version)
xmet:1500232		retired	deferred spine wiped (out of scope this redesign version)
xmet:1500233		retired	deferred spine wiped (out of scope this redesign version)
xmet:1500234		retired	deferred spine wiped (out of scope this redesign version)
xmet:1500235		retired	deferred spine wiped (out of scope this redesign version)
xmet:1500236		retired	deferred spine wiped (out of scope this redesign version)
xmet:1600000		retired	deferred spine wiped (out of scope this redesign version)
xmet:1600010		retired	deferred spine wiped (out of scope this redesign version)
xmet:1600011		retired	deferred spine wiped (out of scope this redesign version)
xmet:1600012		retired	deferred spine wiped (out of scope this redesign version)
xmet:1600013		retired	deferred spine wiped (out of scope this redesign version)
xmet:1600014		retired	deferred spine wiped (out of scope this redesign version)
xmet:1600015		retired	deferred spine wiped (out of scope this redesign version)
xmet:1600016		retired	deferred spine wiped (out of scope this redesign version)
xmet:1600017		retired	deferred spine wiped (out of scope this redesign version)
xmet:1600018		retired	deferred spine wiped (out of scope this redesign version)
xmet:1600019		retired	deferred spine wiped (out of scope this redesign version)
xmet:1600020		retired	deferred spine wiped (out of scope this redesign version)
xmet:1600021		retired	deferred spine wiped (out of scope this redesign version)
xmet:1600022		retired	deferred spine wiped (out of scope this redesign version)
xmet:1600100		retired	deferred spine wiped (out of scope this redesign version)
xmet:1600101		retired	deferred spine wiped (out of scope this redesign version)
xmet:1600102		retired	deferred spine wiped (out of scope this redesign version)
xmet:1600103		retired	deferred spine wiped (out of scope this redesign version)
xmet:1600104		retired	deferred spine wiped (out of scope this redesign version)
xmet:1600105		retired	deferred spine wiped (out of scope this redesign version)
xmet:1600106		retired	deferred spine wiped (out of scope this redesign version)
xmet:1600107		retired	deferred spine wiped (out of scope this redesign version)
xmet:1600108		retired	deferred spine wiped (out of scope this redesign version)
xmet:1600109		retired	deferred spine wiped (out of scope this redesign version)
xmet:1600110		retired	deferred spine wiped (out of scope this redesign version)
xmet:1600111		retired	deferred spine wiped (out of scope this redesign version)
xmet:1600112		retired	deferred spine wiped (out of scope this redesign version)
xmet:1600113		retired	deferred spine wiped (out of scope this redesign version)
xmet:1600114		retired	deferred spine wiped (out of scope this redesign version)
xmet:1600115		retired	deferred spine wiped (out of scope this redesign version)
xmet:1600116		retired	deferred spine wiped (out of scope this redesign version)
xmet:1600117		retired	deferred spine wiped (out of scope this redesign version)
xmet:1600118		retired	deferred spine wiped (out of scope this redesign version)
xmet:1600119		retired	deferred spine wiped (out of scope this redesign version)
xmet:1600120		retired	deferred spine wiped (out of scope this redesign version)
xmet:1600121		retired	deferred spine wiped (out of scope this redesign version)
xmet:1600122		retired	deferred spine wiped (out of scope this redesign version)
xmet:1600123		retired	deferred spine wiped (out of scope this redesign version)
xmet:1600124		retired	deferred spine wiped (out of scope this redesign version)
xmet:1600125		retired	deferred spine wiped (out of scope this redesign version)
xmet:1600126		retired	deferred spine wiped (out of scope this redesign version)
xmet:1600127		retired	deferred spine wiped (out of scope this redesign version)
xmet:1600128		retired	deferred spine wiped (out of scope this redesign version)
xmet:1600129		retired	deferred spine wiped (out of scope this redesign version)
xmet:1600130		retired	deferred spine wiped (out of scope this redesign version)
xmet:1600131		retired	deferred spine wiped (out of scope this redesign version)
xmet:1600132		retired	deferred spine wiped (out of scope this redesign version)
xmet:1600133		retired	deferred spine wiped (out of scope this redesign version)
xmet:1600134		retired	deferred spine wiped (out of scope this redesign version)
xmet:1600135		retired	deferred spine wiped (out of scope this redesign version)
xmet:1600136		retired	deferred spine wiped (out of scope this redesign version)
xmet:1600137		retired	deferred spine wiped (out of scope this redesign version)
xmet:1600138		retired	deferred spine wiped (out of scope this redesign version)
xmet:1600139		retired	deferred spine wiped (out of scope this redesign version)
xmet:1600140		retired	deferred spine wiped (out of scope this redesign version)
xmet:1600141		retired	deferred spine wiped (out of scope this redesign version)
xmet:1600142		retired	deferred spine wiped (out of scope this redesign version)
xmet:1600200		retired	deferred spine wiped (out of scope this redesign version)
xmet:1600201		retired	deferred spine wiped (out of scope this redesign version)
xmet:1600210		retired	deferred spine wiped (out of scope this redesign version)
xmet:1700000	xmet:1700000	relabeled	absorbed under reaction descriptor
xmet:1700010		retired	retired formula delta (thin structural delta / descriptor cleanup)
xmet:1700012		retired	retired atom added (thin structural delta / descriptor cleanup)
xmet:1700013		retired	retired atom removed (thin structural delta / descriptor cleanup)
xmet:1700014		retired	retired bond order change (thin structural delta / descriptor cleanup)
xmet:1700015	xmet:3000510	merged	aromaticity change merged into xmet:3000510 / aromaticity-mass thin
xmet:1700016		retired	retired charge change (thin structural delta / descriptor cleanup)
xmet:1700018		retired	retired conjugate moiety added (thin structural delta / descriptor cleanup)
xmet:1700101	xmet:1700100	merged	dioxygenation merged into monooxygenation / aromaticity-mass thin
xmet:1700107	xmet:0004001	merged	aromaticity loss delta merged into dearomatization / aromaticity-mass thin
xmet:1700108	xmet:0004002	merged	aromaticity gain delta merged into rearomatization / aromaticity-mass thin
xmet:1700109		retired	retired bond order increase (thin structural delta / descriptor cleanup)
xmet:1700110		retired	retired bond order decrease (thin structural delta / descriptor cleanup)
xmet:1700111	xmet:0004009	merged	ring expansion/contraction delta merged into skeletal rearrangement term
xmet:1700112	xmet:0004010	merged	ring expansion/contraction delta merged into skeletal rearrangement term
xmet:1800000		retired	deferred spine wiped (out of scope this redesign version)
xmet:1800010		retired	deferred spine wiped (out of scope this redesign version)
xmet:1800011		retired	deferred spine wiped (out of scope this redesign version)
xmet:1800012		retired	deferred spine wiped (out of scope this redesign version)
xmet:1800013		retired	deferred spine wiped (out of scope this redesign version)
xmet:1800014		retired	deferred spine wiped (out of scope this redesign version)
xmet:1800015		retired	deferred spine wiped (out of scope this redesign version)
xmet:1800016		retired	deferred spine wiped (out of scope this redesign version)
xmet:1800017		retired	deferred spine wiped (out of scope this redesign version)
xmet:1800018		retired	deferred spine wiped (out of scope this redesign version)
xmet:1800019		retired	deferred spine wiped (out of scope this redesign version)
xmet:1800100		retired	deferred spine wiped (out of scope this redesign version)
xmet:1800101		retired	deferred spine wiped (out of scope this redesign version)
xmet:1800102		retired	deferred spine wiped (out of scope this redesign version)
xmet:1800103		retired	deferred spine wiped (out of scope this redesign version)
xmet:1800104		retired	deferred spine wiped (out of scope this redesign version)
xmet:1800105		retired	deferred spine wiped (out of scope this redesign version)
xmet:1800106		retired	deferred spine wiped (out of scope this redesign version)
xmet:1800107		retired	deferred spine wiped (out of scope this redesign version)
xmet:1900000		retired	deferred spine wiped (out of scope this redesign version)
xmet:1900010		retired	deferred spine wiped (out of scope this redesign version)
xmet:1900011		retired	deferred spine wiped (out of scope this redesign version)
xmet:1900012		retired	deferred spine wiped (out of scope this redesign version)
xmet:1900013		retired	deferred spine wiped (out of scope this redesign version)
xmet:1900014		retired	deferred spine wiped (out of scope this redesign version)
xmet:1900100		retired	deferred spine wiped (out of scope this redesign version)
xmet:1900101		retired	deferred spine wiped (out of scope this redesign version)
xmet:1900102		retired	deferred spine wiped (out of scope this redesign version)
xmet:1900103		retired	deferred spine wiped (out of scope this redesign version)
xmet:1900104		retired	deferred spine wiped (out of scope this redesign version)
xmet:1900105		retired	deferred spine wiped (out of scope this redesign version)
xmet:1900200		retired	deferred spine wiped (out of scope this redesign version)
xmet:1900201		retired	deferred spine wiped (out of scope this redesign version)
xmet:1900202		retired	deferred spine wiped (out of scope this redesign version)
xmet:1900203		retired	deferred spine wiped (out of scope this redesign version)
xmet:1900204		retired	deferred spine wiped (out of scope this redesign version)
xmet:1900205		retired	deferred spine wiped (out of scope this redesign version)
xmet:1900206		retired	deferred spine wiped (out of scope this redesign version)
xmet:1900207		retired	deferred spine wiped (out of scope this redesign version)
xmet:1900208		retired	deferred spine wiped (out of scope this redesign version)
xmet:1900209		retired	deferred spine wiped (out of scope this redesign version)
xmet:1900210		retired	deferred spine wiped (out of scope this redesign version)
xmet:1900211		retired	deferred spine wiped (out of scope this redesign version)
xmet:1900212		retired	deferred spine wiped (out of scope this redesign version)
xmet:1900213		retired	deferred spine wiped (out of scope this redesign version)
xmet:1900214		retired	deferred spine wiped (out of scope this redesign version)
xmet:1900215		retired	deferred spine wiped (out of scope this redesign version)
xmet:1900216		retired	deferred spine wiped (out of scope this redesign version)
xmet:1900217		retired	deferred spine wiped (out of scope this redesign version)
xmet:1900218		retired	deferred spine wiped (out of scope this redesign version)
xmet:1900219		retired	deferred spine wiped (out of scope this redesign version)
xmet:2000000		retired	deferred spine wiped (out of scope this redesign version)
xmet:2000010		retired	deferred spine wiped (out of scope this redesign version)
xmet:2000011		retired	deferred spine wiped (out of scope this redesign version)
xmet:2000012		retired	deferred spine wiped (out of scope this redesign version)
xmet:2000013		retired	deferred spine wiped (out of scope this redesign version)
xmet:2000014		retired	deferred spine wiped (out of scope this redesign version)
xmet:2000015		retired	deferred spine wiped (out of scope this redesign version)
xmet:2000016		retired	deferred spine wiped (out of scope this redesign version)
xmet:2000017		retired	deferred spine wiped (out of scope this redesign version)
xmet:2000018		retired	deferred spine wiped (out of scope this redesign version)
xmet:2000019		retired	deferred spine wiped (out of scope this redesign version)
xmet:2000020		retired	deferred spine wiped (out of scope this redesign version)
xmet:2000100		retired	deferred spine wiped (out of scope this redesign version)
xmet:2000101		retired	deferred spine wiped (out of scope this redesign version)
xmet:2000102		retired	deferred spine wiped (out of scope this redesign version)
xmet:2000103		retired	deferred spine wiped (out of scope this redesign version)
xmet:2000104		retired	deferred spine wiped (out of scope this redesign version)
xmet:2000105		retired	deferred spine wiped (out of scope this redesign version)
xmet:2000106		retired	deferred spine wiped (out of scope this redesign version)
xmet:2000107		retired	deferred spine wiped (out of scope this redesign version)
xmet:2000108		retired	deferred spine wiped (out of scope this redesign version)
xmet:2000109		retired	deferred spine wiped (out of scope this redesign version)
xmet:2000110		retired	deferred spine wiped (out of scope this redesign version)
xmet:2000111		retired	deferred spine wiped (out of scope this redesign version)
xmet:2000112		retired	deferred spine wiped (out of scope this redesign version)
xmet:2000113		retired	deferred spine wiped (out of scope this redesign version)
xmet:2000114		retired	deferred spine wiped (out of scope this redesign version)
xmet:2000115		retired	deferred spine wiped (out of scope this redesign version)
xmet:2000116		retired	deferred spine wiped (out of scope this redesign version)
xmet:2000117		retired	deferred spine wiped (out of scope this redesign version)
xmet:2000118		retired	deferred spine wiped (out of scope this redesign version)
xmet:2000119		retired	deferred spine wiped (out of scope this redesign version)
xmet:2000120		retired	deferred spine wiped (out of scope this redesign version)
xmet:2000121		retired	deferred spine wiped (out of scope this redesign version)
xmet:2000122		retired	deferred spine wiped (out of scope this redesign version)
xmet:2000123		retired	deferred spine wiped (out of scope this redesign version)
xmet:2000124		retired	deferred spine wiped (out of scope this redesign version)
xmet:2000125		retired	deferred spine wiped (out of scope this redesign version)
xmet:2100000		retired	deferred spine wiped (out of scope this redesign version)
xmet:2100010		retired	deferred spine wiped (out of scope this redesign version)
xmet:2100011		retired	deferred spine wiped (out of scope this redesign version)
xmet:2100012		retired	deferred spine wiped (out of scope this redesign version)
xmet:2100013		retired	deferred spine wiped (out of scope this redesign version)
xmet:2100014		retired	deferred spine wiped (out of scope this redesign version)
xmet:2100100		retired	deferred spine wiped (out of scope this redesign version)
xmet:2100101		retired	deferred spine wiped (out of scope this redesign version)
xmet:2100102		retired	deferred spine wiped (out of scope this redesign version)
xmet:2100103		retired	deferred spine wiped (out of scope this redesign version)
xmet:2100104		retired	deferred spine wiped (out of scope this redesign version)
xmet:2100105		retired	deferred spine wiped (out of scope this redesign version)
xmet:2100106		retired	deferred spine wiped (out of scope this redesign version)
xmet:2100107		retired	deferred spine wiped (out of scope this redesign version)
xmet:2100108		retired	deferred spine wiped (out of scope this redesign version)
xmet:2100109		retired	deferred spine wiped (out of scope this redesign version)
xmet:2100110		retired	deferred spine wiped (out of scope this redesign version)
xmet:2100111		retired	deferred spine wiped (out of scope this redesign version)
xmet:2100112		retired	deferred spine wiped (out of scope this redesign version)
xmet:2100113		retired	deferred spine wiped (out of scope this redesign version)
xmet:2100114		retired	deferred spine wiped (out of scope this redesign version)
xmet:2100115		retired	deferred spine wiped (out of scope this redesign version)
xmet:2100116		retired	deferred spine wiped (out of scope this redesign version)
xmet:2100117		retired	deferred spine wiped (out of scope this redesign version)
xmet:2100118		retired	deferred spine wiped (out of scope this redesign version)
xmet:2100119		retired	deferred spine wiped (out of scope this redesign version)
xmet:2100120		retired	deferred spine wiped (out of scope this redesign version)
xmet:2100121		retired	deferred spine wiped (out of scope this redesign version)
xmet:2100122		retired	deferred spine wiped (out of scope this redesign version)
xmet:2100123		retired	deferred spine wiped (out of scope this redesign version)
xmet:2100124		retired	deferred spine wiped (out of scope this redesign version)
xmet:2100125		retired	deferred spine wiped (out of scope this redesign version)
xmet:2100126		retired	deferred spine wiped (out of scope this redesign version)
xmet:2100127		retired	deferred spine wiped (out of scope this redesign version)
xmet:2100128		retired	deferred spine wiped (out of scope this redesign version)
xmet:2100129		retired	deferred spine wiped (out of scope this redesign version)
xmet:2100200		retired	deferred spine wiped (out of scope this redesign version)
xmet:2100201		retired	deferred spine wiped (out of scope this redesign version)
xmet:2100202		retired	deferred spine wiped (out of scope this redesign version)
xmet:2100203		retired	deferred spine wiped (out of scope this redesign version)
xmet:2100204		retired	deferred spine wiped (out of scope this redesign version)
xmet:2100205		retired	deferred spine wiped (out of scope this redesign version)
xmet:2100206		retired	deferred spine wiped (out of scope this redesign version)
xmet:2100207		retired	deferred spine wiped (out of scope this redesign version)
xmet:2100208		retired	deferred spine wiped (out of scope this redesign version)
xmet:2100209		retired	deferred spine wiped (out of scope this redesign version)
xmet:2100210		retired	deferred spine wiped (out of scope this redesign version)
xmet:2100211		retired	deferred spine wiped (out of scope this redesign version)
xmet:2100212		retired	deferred spine wiped (out of scope this redesign version)
xmet:2100213		retired	deferred spine wiped (out of scope this redesign version)
xmet:2100214		retired	deferred spine wiped (out of scope this redesign version)
xmet:2100215		retired	deferred spine wiped (out of scope this redesign version)
xmet:2100216		retired	deferred spine wiped (out of scope this redesign version)
xmet:2100217		retired	deferred spine wiped (out of scope this redesign version)
xmet:2100218		retired	deferred spine wiped (out of scope this redesign version)
xmet:2100219		retired	deferred spine wiped (out of scope this redesign version)
xmet:2100220		retired	deferred spine wiped (out of scope this redesign version)
xmet:2100221		retired	deferred spine wiped (out of scope this redesign version)
xmet:2100222		retired	deferred spine wiped (out of scope this redesign version)
xmet:2100223		retired	deferred spine wiped (out of scope this redesign version)
xmet:2100224		retired	deferred spine wiped (out of scope this redesign version)
xmet:2100225		retired	deferred spine wiped (out of scope this redesign version)
xmet:2100226		retired	deferred spine wiped (out of scope this redesign version)
xmet:2100227		retired	deferred spine wiped (out of scope this redesign version)
xmet:2100228		retired	deferred spine wiped (out of scope this redesign version)
xmet:2100229		retired	deferred spine wiped (out of scope this redesign version)
xmet:2100230		retired	deferred spine wiped (out of scope this redesign version)
xmet:2100231		retired	deferred spine wiped (out of scope this redesign version)
xmet:2100232		retired	deferred spine wiped (out of scope this redesign version)
xmet:2100233		retired	deferred spine wiped (out of scope this redesign version)
xmet:2100234		retired	deferred spine wiped (out of scope this redesign version)
xmet:2100235		retired	deferred spine wiped (out of scope this redesign version)
xmet:2100300		retired	deferred spine wiped (out of scope this redesign version)
xmet:2100301		retired	deferred spine wiped (out of scope this redesign version)
xmet:2100302		retired	deferred spine wiped (out of scope this redesign version)
xmet:2100310		retired	deferred spine wiped (out of scope this redesign version)
xmet:2100311		retired	deferred spine wiped (out of scope this redesign version)
xmet:2100312		retired	deferred spine wiped (out of scope this redesign version)
xmet:2100313		retired	deferred spine wiped (out of scope this redesign version)
xmet:2100314		retired	deferred spine wiped (out of scope this redesign version)
xmet:2100315		retired	deferred spine wiped (out of scope this redesign version)
xmet:2100316		retired	deferred spine wiped (out of scope this redesign version)
xmet:2100317		retired	deferred spine wiped (out of scope this redesign version)
xmet:2100318		retired	deferred spine wiped (out of scope this redesign version)
xmet:2100320		retired	deferred spine wiped (out of scope this redesign version)
xmet:2100321		retired	deferred spine wiped (out of scope this redesign version)
xmet:2100322		retired	deferred spine wiped (out of scope this redesign version)
xmet:2100323		retired	deferred spine wiped (out of scope this redesign version)
xmet:2200000	xmet:2200000	relabeled	absorbed under reaction descriptor
xmet:2300000		retired	deferred spine wiped (out of scope this redesign version)
xmet:2300010		retired	deferred spine wiped (out of scope this redesign version)
xmet:2300011		retired	deferred spine wiped (out of scope this redesign version)
xmet:2300012		retired	deferred spine wiped (out of scope this redesign version)
xmet:2300014		retired	deferred spine wiped (out of scope this redesign version)
xmet:2300015		retired	deferred spine wiped (out of scope this redesign version)
xmet:2300016		retired	deferred spine wiped (out of scope this redesign version)
xmet:2300017		retired	deferred spine wiped (out of scope this redesign version)
xmet:2300018		retired	deferred spine wiped (out of scope this redesign version)
xmet:2300019		retired	deferred spine wiped (out of scope this redesign version)
xmet:2400000		retired	deferred spine wiped (out of scope this redesign version)
xmet:2400010		retired	deferred spine wiped (out of scope this redesign version)
xmet:2400011		retired	deferred spine wiped (out of scope this redesign version)
xmet:2400012		retired	deferred spine wiped (out of scope this redesign version)
xmet:2400013		retired	deferred spine wiped (out of scope this redesign version)
xmet:2400014		retired	deferred spine wiped (out of scope this redesign version)
xmet:2400015		retired	deferred spine wiped (out of scope this redesign version)
xmet:2500000		retired	deferred spine wiped (out of scope this redesign version)
xmet:3000510		retired	empty aromaticity effect; covered by structural delta + process facet
xmet:3000990	xmet:1100000	retired	empty unplaced reaction-class shelf after rehome
xmet:7000000		retired	retired redox polarity (thin structural delta / descriptor cleanup)
xmet:7000001		retired	retired net oxidation (thin structural delta / descriptor cleanup)
xmet:7000002		retired	retired net reduction (thin structural delta / descriptor cleanup)
xmet:7000003		retired	retired redox-neutral (thin structural delta / descriptor cleanup)
xmet:7000004		retired	retired redox polarity unspecified (thin structural delta / descriptor cleanup)
xmet:7200000		retired	retired bond-edit topology (thin structural delta / descriptor cleanup)
xmet:7200001		retired	retired atom addition (thin structural delta / descriptor cleanup)
xmet:7200002		retired	retired bond cleavage (thin structural delta / descriptor cleanup)
xmet:7200003		retired	retired bond order change (thin structural delta / descriptor cleanup)
xmet:7200004		retired	retired substitution (thin structural delta / descriptor cleanup)
xmet:7200005		retired	retired rearrangement topology (thin structural delta / descriptor cleanup)
xmet:7200007		retired	retired ring opening topology (thin structural delta / descriptor cleanup)
xmet:7200008		retired	retired bond-edit topology unspecified (thin structural delta / descriptor cleanup)
xmet:7300000		retired	retired metabolite cardinality (thin structural delta / descriptor cleanup)
xmet:7300001		retired	retired single-metabolite transformation (thin structural delta / descriptor cleanup)
xmet:7300002		retired	retired fragmenting transformation (thin structural delta / descriptor cleanup)
xmet:7300003		retired	retired metabolite cardinality unspecified (thin structural delta / descriptor cleanup)
xmet:7400000		retired	retired oxygenation outcome (thin structural delta / descriptor cleanup)
xmet:7400001		retired	retired stable oxygen addition (thin structural delta / descriptor cleanup)
xmet:7400002		retired	retired oxygen-triggered cleavage (thin structural delta / descriptor cleanup)
xmet:7400003		retired	retired non-oxygenative transformation (thin structural delta / descriptor cleanup)
xmet:7400004		retired	retired oxygenation outcome unspecified (thin structural delta / descriptor cleanup)
xmet:7600000		retired	retired ring fate (thin structural delta / descriptor cleanup)
xmet:7600001		retired	retired ring preserved (thin structural delta / descriptor cleanup)
xmet:7600002		retired	retired ring opened (thin structural delta / descriptor cleanup)
xmet:7600003		retired	retired ring formed (thin structural delta / descriptor cleanup)
xmet:7600004		retired	retired ring expanded (thin structural delta / descriptor cleanup)
xmet:7600005		retired	retired ring contracted (thin structural delta / descriptor cleanup)
xmet:7600006		retired	retired ring fate unspecified (thin structural delta / descriptor cleanup)
xmet:7700000		retired	retired formula-delta class (thin structural delta / descriptor cleanup)
xmet:7700001		retired	retired oxygen gain (thin structural delta / descriptor cleanup)
xmet:7700002		retired	retired oxygen loss (thin structural delta / descriptor cleanup)
xmet:7700003		retired	retired hydrogenation delta (thin structural delta / descriptor cleanup)
xmet:7700004		retired	retired dehydrogenation delta (thin structural delta / descriptor cleanup)
xmet:7700005		retired	retired water addition delta (thin structural delta / descriptor cleanup)
xmet:7700006		retired	retired water loss delta (thin structural delta / descriptor cleanup)
xmet:7700007		retired	retired alkyl loss delta (thin structural delta / descriptor cleanup)
xmet:7700008		retired	retired conjugate gain delta (thin structural delta / descriptor cleanup)
xmet:7700009		retired	retired halogen loss delta (thin structural delta / descriptor cleanup)
xmet:7700010		retired	retired no heavy-atom delta (thin structural delta / descriptor cleanup)
xmet:7700011		retired	retired formula-delta unspecified (thin structural delta / descriptor cleanup)
xmet:7900000		retired	retired pathway-step role (thin structural delta / descriptor cleanup)
xmet:7900001		retired	retired direct one-step transformation (thin structural delta / descriptor cleanup)
xmet:7900002		retired	retired multi-step pathway member (thin structural delta / descriptor cleanup)
xmet:7900003		retired	retired preparatory intermediate step (thin structural delta / descriptor cleanup)
xmet:7900004		retired	retired terminal observable step (thin structural delta / descriptor cleanup)
xmet:7900005		retired	retired pathway-step role unspecified (thin structural delta / descriptor cleanup)
xmet:8000000		retired	deferred aromatic and conjugated-system impact shelf wiped
xmet:8000001		retired	deferred aromaticity loss shelf wiped
xmet:8000002		retired	deferred aromaticity gain shelf wiped
xmet:8000003		retired	deferred aromatic ring substitution impact shelf wiped
xmet:8000004		retired	deferred conjugated π-system engagement shelf wiped
xmet:8000005		retired	deferred quinoid π-system formation shelf wiped
xmet:8000006		retired	deferred heteroaromatic oxidation impact shelf wiped
xmet:8000007		retired	deferred arene oxide pathway shelf wiped
xmet:8000008		retired	deferred conjugated adduct formation shelf wiped
	xmet:3001159	minted	Forest pattern home: epoxide methyl-sulfone sulfation
	xmet:3001160	minted	Forest pattern home: thiol glutathionation
	xmet:3001161	minted	Forest pattern home: alkene glutathionation
	xmet:3001162	minted	Forest pattern home: carbonyl glutathionation
	xmet:3001163	minted	Forest pattern home: mesylate glutathionation
	xmet:3001188	minted	tagger scope child: carbon oxidation
	xmet:3001189	minted	tagger scope child: dioxygenation
	xmet:3001190	minted	tagger scope child: tertiary N-dealkylation
	xmet:3001191	minted	tagger scope child: secondary N-dealkylation
xmet:1100016		retired	ring oxidation removed (descriptor-ish; not reaction-class leaf)
	xmet:3001192	minted	antonym of (concept relation)
	xmet:3001193	minted	unflatten shelf: dealkylation by carbon class
	xmet:3001194	minted	unflatten shelf: demethylation
	xmet:3001195	minted	unflatten shelf: methylene dealkylation
	xmet:3001196	minted	unflatten shelf: methine dealkylation
	xmet:3001198	minted	unflatten shelf: N-dealkylation by amine degree
	xmet:3001199	minted	unflatten shelf: N-dealkylation by carbon class
	xmet:3001200	minted	unflatten shelf: N-demethylation
	xmet:3001201	minted	unflatten shelf: N-methylene dealkylation
	xmet:3001202	minted	unflatten shelf: N-methine dealkylation
	xmet:3001203	minted	unflatten shelf: carboxylate ester hydrolysis
	xmet:3001204	minted	unflatten shelf: carboxamide hydrolysis
	xmet:3001205	minted	unflatten shelf: ether bond hydrolysis
	xmet:3001206	minted	unflatten shelf: nitrile bond hydrolysis
	xmet:3001207	minted	unflatten shelf: hydrolytic deacylation
	xmet:3001208	minted	unflatten shelf: isoredox addition
	xmet:3001209	minted	unflatten shelf: isoredox removal
	xmet:3001210	minted	unflatten shelf: oxygen-centered leaving fragment
	xmet:3001211	minted	unflatten shelf: nitrogen-centered leaving fragment
	xmet:3001212	minted	unflatten shelf: sulfur-centered leaving fragment
	xmet:3001213	minted	unflatten shelf: small inorganic leaving group
	xmet:3001214	minted	unflatten shelf: quinone product class
	xmet:3001215	minted	unflatten shelf: quinone formation mechanism
	xmet:3001217	minted	unflatten shelf: thiol and glutathione adduct pathway
	xmet:3001218	minted	unflatten shelf: cyanide adduct pathway
	xmet:3001219	minted	unflatten shelf: macromolecular adduct formation
	xmet:3001220	minted	unflatten shelf: adduct-forming addition mechanism
	xmet:3001221	minted	unflatten shelf: acyl transfer conjugation
	xmet:3001222	minted	unflatten shelf: heteroatom transfer conjugation
	xmet:3001223	minted	unflatten shelf: epoxide and aziridine glutathionation
	xmet:3001224	minted	unflatten shelf: Michael-type glutathionation
	xmet:3001225	minted	unflatten shelf: displacement glutathionation
	xmet:3001226	minted	unflatten shelf: special-electrophile glutathionation
	xmet:3001227	minted	unflatten shelf: nitro reduction path
	xmet:3001228	minted	unflatten shelf: azo reduction path
	xmet:3001229	minted	unflatten shelf: other nitrogen reduction
	xmet:3001230	minted	unflatten shelf: chain-position hydroxylation
	xmet:3001231	minted	unflatten shelf: activated-carbon hydroxylation
	xmet:3001232	minted	unflatten shelf: aliphatic framework hydroxylation
	xmet:3001233	minted	unique-home / composite: epoxide CH glutathionation
	xmet:3001234	minted	unique-home / composite: epoxide CH2 glutathionation
	xmet:3001235	minted	unique-home / composite: epoxide C glutathionation
	xmet:3001236	minted	unique-home / composite: aziridine CH glutathionation
	xmet:3001237	minted	unique-home / composite: aziridine CH2 glutathionation
	xmet:3001238	minted	unique-home / composite: aziridine C glutathionation
	xmet:3001239	minted	unique-home / composite: charged nitro N–O cleavage
	xmet:3001240	minted	unique-home / composite: nitro-anion N–O cleavage
	xmet:3001241	minted	unique-home / composite: neutral nitro N–O cleavage
	xmet:3001242	minted	unique-home / composite: dual nitro N–O cleavage
	xmet:3001243	minted	unique-home / composite: unspecified nitro N–O cleavage
	xmet:3001244	minted	unique-home / composite: alkene to vicinal diol pathway
xmet:3001216		retired	unflatten shelf removed; step-count → multistep descriptor
	xmet:3001245	minted	reaction descriptor: multistep (step count)
	xmet:3001246	minted	narrow classical quinone formation under quinone-like products
	xmet:3001247	minted	carbon–carbon dehydrogenation shelf under dehydrogenation
xmet:0000205	xmet:3001200	merged	duplicate N-demethylation; tagger home → N-dealkylation shelf
xmet:3001176	xmet:0000100	merged	representation twin: OH-only hydroxylation tagger → hydroxylation
xmet:3001177	xmet:0000100	merged	representation twin: OH/O− hydroxylation tagger → hydroxylation
xmet:3001178	xmet:0000101	merged	representation twin: phenol-only → aromatic hydroxylation
xmet:3001179	xmet:0000101	merged	representation twin: phenol/phenolate → aromatic hydroxylation
xmet:3001180	xmet:0000102	merged	representation twin: aliphatic OH-only → aliphatic hydroxylation
xmet:3001181	xmet:0000102	merged	representation twin: aliphatic OH/O− → aliphatic hydroxylation
xmet:3001184	xmet:0000310	merged	representation twin: alcohol ox from OH → alcohol oxidation
xmet:3001185	xmet:0000310	merged	representation twin: alcohol ox from OH/O− → alcohol oxidation
xmet:3001186	xmet:0000311	merged	representation twin: primary alcohol ox from OH → primary alcohol oxidation
xmet:3001187	xmet:0000311	merged	representation twin: primary alcohol ox from OH/O− → primary alcohol oxidation
xmet:3001182	xmet:0000110	merged	representation twin: site-mapped epoxidation → epoxidation
xmet:3001183	xmet:0000110	merged	representation twin: unmapped epoxidation → epoxidation
xmet:3001164	xmet:0000513	merged	representation twin: charged nitroaromatic → nitroaromatic reduction
xmet:3001165	xmet:0000513	merged	representation twin: neutral nitroaromatic → nitroaromatic reduction
	xmet:3001248	minted	aldehyde leaving group under carbonyl leaving fragment
	xmet:3001249	minted	cleaved-carbon oxidation state
	xmet:3001250	minted	alcohol-level cleaved carbon
	xmet:3001251	minted	aldehyde-level cleaved carbon
	xmet:3001252	minted	ketone-level cleaved carbon
	xmet:3001253	minted	carboxylic-level cleaved carbon
	xmet:3001254	minted	carboxylic acid leaving fragment
	xmet:3001255	minted	formic acid leaving fragment
	xmet:3001256	minted	acetic acid leaving fragment
xmet:3001168	xmet:3001200	merged	N-dealk ox-state leaf → site shelf; alwaysWith on Forest SSSOM
xmet:3001167	xmet:3001200	merged	N-dealk ox-state leaf → site shelf; alwaysWith on Forest SSSOM
xmet:3001166	xmet:3001200	merged	N-dealk ox-state leaf → site shelf; alwaysWith on Forest SSSOM
xmet:3001171	xmet:3001201	merged	N-dealk ox-state leaf → site shelf; alwaysWith on Forest SSSOM
xmet:3001170	xmet:3001201	merged	N-dealk ox-state leaf → site shelf; alwaysWith on Forest SSSOM
xmet:3001169	xmet:3001201	merged	N-dealk ox-state leaf → site shelf; alwaysWith on Forest SSSOM
xmet:3001173	xmet:3001202	merged	N-dealk ox-state leaf → site shelf; alwaysWith on Forest SSSOM
xmet:3001172	xmet:3001202	merged	N-dealk ox-state leaf → site shelf; alwaysWith on Forest SSSOM
xmet:3001134	xmet:3001194	merged	Dealkylation ox-state leaf → site shelf; alwaysWith on Forest SSSOM
xmet:3001135	xmet:3001194	merged	Dealkylation ox-state leaf → site shelf; alwaysWith on Forest SSSOM
xmet:3001136	xmet:3001194	merged	Dealkylation ox-state leaf → site shelf; alwaysWith on Forest SSSOM
xmet:3001137	xmet:3001195	merged	Dealkylation ox-state leaf → site shelf; alwaysWith on Forest SSSOM
xmet:3001138	xmet:3001195	merged	Dealkylation ox-state leaf → site shelf; alwaysWith on Forest SSSOM
xmet:3001139	xmet:3001195	merged	Dealkylation ox-state leaf → site shelf; alwaysWith on Forest SSSOM
xmet:3001140	xmet:3001196	merged	Dealkylation ox-state leaf → site shelf; alwaysWith on Forest SSSOM
xmet:3001141	xmet:3001196	merged	Dealkylation ox-state leaf → site shelf; alwaysWith on Forest SSSOM
xmet:3001143	xmet:0000204	merged	Dealkylation ox-state leaf → C-dealkylation; alwaysWith on Forest SSSOM
xmet:3001144	xmet:0000204	merged	Dealkylation ox-state leaf → C-dealkylation; alwaysWith on Forest SSSOM
xmet:3001197	xmet:0000204	merged	drop invented C–C dealkylation shelf → C-dealkylation (Forest cc_* home)
