subject_id	predicate_id	object_id	mapping_justification	subject_label	object_label
xrm:0000000	skos:closeMatch	mesh:D001711	semapv:ManualMappingCuration	xenobiotic biotransformation	Biotransformation
xrm:0000001	skos:broadMatch	mesh:D050216	semapv:ManualMappingCuration	phase I	Metabolic Detoxication, Phase I
xrm:0000002	skos:broadMatch	mesh:D050217	semapv:ManualMappingCuration	phase II	Metabolic Detoxication, Phase II
xrm:0003000	skos:relatedMatch	mesh:D001711	semapv:ManualMappingCuration	bioactivation	Biotransformation
xrm:0003001	skos:relatedMatch	mesh:D050216	semapv:ManualMappingCuration	detoxication	Metabolic Detoxication, Phase I
xrm:0000100	skos:relatedMatch	mesh:D006900	semapv:ManualMappingCuration	hydroxylation	Hydroxylation
xrm:0000200	skos:relatedMatch	mesh:D003654	semapv:ManualMappingCuration	dealkylation	Dealkylation
xrm:0001040	skos:relatedMatch	mesh:D008748	semapv:ManualMappingCuration	methylation	Methylation
xrm:0000013	skos:relatedMatch	mesh:D006868	semapv:ManualMappingCuration	hydrolysis	Hydrolysis
xrm:0000014	skos:relatedMatch	mesh:D012044	semapv:ManualMappingCuration	reduction	Oxidation-Reduction
xrm:0000020	skos:relatedMatch	mesh:D010100	semapv:ManualMappingCuration	oxidation	Oxidation-Reduction
xrm:1400012	skos:relatedMatch	mesh:D001711	semapv:ManualMappingCuration	bioactivation	Biotransformation
xrm:2100000	skos:relatedMatch	mesh:D013997	semapv:ManualMappingCuration	biological context	Toxicokinetics
