source	term	term_norm	count	confidence	match_method	score	xrm_id	preferred_label	spine	matched_label	compositional_head	candidates	notes
metxbiodb	O-glucuronidation	o-glucuronidation	262	alias	alias_table		xrm:0001001	O-glucuronidation	metabolism phase	O-glucuronidation			casing
metxbiodb	Aliphatic Hydroxylation	aliphatic hydroxylation	213	alias	alias_table		xrm:0000102	aliphatic hydroxylation	chemical transformation	Aliphatic Hydroxylation			casing
metxbiodb	Aromatic Hydroxylation	aromatic hydroxylation	117	alias	alias_table		xrm:0000101	aromatic hydroxylation	chemical transformation	Aromatic Hydroxylation			casing
metxbiodb	Aromatic -OH glucuronidation	aromatic -oh glucuronidation	99	compositional	compositional_head	100	xrm:0001001	O-glucuronidation	metabolism phase	O-glucuronidation	o-glucuronidation		head=o-glucuronidation
metxbiodb	Aromatic hydroxylation of fused benzene ring	aromatic hydroxylation of fused benzene ring	68	compositional	compositional_head	100	xrm:0000101	aromatic hydroxylation	chemical transformation	aromatic hydroxylation	aromatic hydroxylation		head=aromatic hydroxylation
metxbiodb	O-sulfonation	o-sulfonation	58	alias	alias_table		xrm:0001011	O-sulfation	metabolism phase	O-sulfonation			MetX spelling variant of O-sulfation
metxbiodb	O-Demethylation	o-demethylation	48	alias	alias_table		xrm:0000209	O-demethylation	chemical transformation	O-Demethylation			casing
metxbiodb	Hydroxylation of alicyclic secondary carbon	hydroxylation of alicyclic secondary carbon	46	compositional	compositional_head	100	xrm:0000100	hydroxylation	chemical transformation	hydroxylation	hydroxylation		head=hydroxylation
metxbiodb	N-dealkylation of alicyclic tertiary amine	n-dealkylation of alicyclic tertiary amine	34	compositional	compositional_head	100	xrm:0000201	N-dealkylation	chemical transformation	N-dealkylation	n-dealkylation		head=n-dealkylation
metxbiodb	N-dealkylation of acyclic tertiary amine	n-dealkylation of acyclic tertiary amine	26	compositional	compositional_head	100	xrm:0000201	N-dealkylation	chemical transformation	N-dealkylation	n-dealkylation		head=n-dealkylation
metxbiodb	GSH-conjugation	gsh-conjugation	26	alias	alias_table		xrm:0001030	glutathionation	metabolism phase	GSH-conjugation			hyphenated GSH form
metxbiodb	N-dealkylation of acyclic secondary amine	n-dealkylation of acyclic secondary amine	25	compositional	compositional_head	100	xrm:0000201	N-dealkylation	chemical transformation	N-dealkylation	n-dealkylation		head=n-dealkylation
metxbiodb	Aliphatic hydroxylation of methyl carbon adjacent to aromatic ring	aliphatic hydroxylation of methyl carbon adjacent to aromatic ring	25	compositional	compositional_head	100	xrm:0000102	aliphatic hydroxylation	chemical transformation	aliphatic hydroxylation	aliphatic hydroxylation		head=aliphatic hydroxylation
metxbiodb	N-demethylation	n-demethylation	25	alias	alias_table		xrm:0000205	N-demethylation	chemical transformation	N-demethylation			casing
metxbiodb	p-Hydroxylation of monosubstituted benzene	para-hydroxylation of monosubstituted benzene	24	compositional	compositional_head	100	xrm:0000103	para-hydroxylation	chemical transformation	para-hydroxylation	para-hydroxylation		head=para-hydroxylation
metxbiodb	S-Oxidation	s-oxidation	24	alias	alias_table		xrm:0000130	sulfur oxidation	chemical transformation	S-Oxidation			already synonym; alias for robustness
metxbiodb	N-Dealkylation	n-dealkylation	24	alias	alias_table		xrm:0000201	N-dealkylation	chemical transformation	N-Dealkylation			casing
metxbiodb	O-dealkylation	o-dealkylation	22	alias	alias_table		xrm:0000202	O-dealkylation	chemical transformation	O-dealkylation			casing
metxbiodb	Epoxidation	epoxidation	22	alias	alias_table		xrm:0000110	epoxidation	chemical transformation	Epoxidation			casing
metxbiodb	Hydroxylation of terminal methyl	hydroxylation of terminal methyl	21	compositional	compositional_head	100	xrm:0000100	hydroxylation	chemical transformation	hydroxylation	hydroxylation		head=hydroxylation
metxbiodb	N-dealkylation	n-dealkylation	21	alias	alias_table		xrm:0000201	N-dealkylation	chemical transformation	N-dealkylation			casing
metxbiodb	O-aryl dealkylation not adjacent to substituted carbon	o-aryl dealkylation not adjacent to substituted carbon	19	compositional	compositional_head_unmatched						o-aryl dealkylation	carbon-carbon dealkylation:52:xrm:0000204 || penultimate carbon hydroxylation:51:xrm:0000109 || oxidative n-dealkylation:49:xrm:0000201 || oxidative o-dealkylation:49:xrm:0000202 || aromatic ring substitution impact:48:xrm:8000003	head=o-aryl dealkylation (head not in ontology index)
metxbiodb	Alkyl-OH glucuronidation	alkyl-oh glucuronidation	19	compositional	compositional_head	100	xrm:0001001	O-glucuronidation	metabolism phase	O-glucuronidation	o-glucuronidation		head=o-glucuronidation
metxbiodb	Dehydrogenation	dehydrogenation	18	exact_pref	exact	100	xrm:0000012	dehydrogenation	chemical transformation	dehydrogenation			
metxbiodb	N-Oxidation	n-oxidation	17	alias	alias_table		xrm:0000120	nitrogen oxidation	chemical transformation	N-Oxidation			already synonym; alias for robustness
metxbiodb	O-demethylation	o-demethylation	17	alias	alias_table		xrm:0000209	O-demethylation	chemical transformation	O-demethylation			casing
metxbiodb	O-glucuronidation of aliphatic acid	o-glucuronidation of aliphatic acid	17	compositional	compositional_head	100	xrm:0001001	O-glucuronidation	metabolism phase	O-glucuronidation	o-glucuronidation		head=o-glucuronidation
metxbiodb	O-aryl demethylation	o-aryl demethylation	16	unmatched	none	78.8						demethylation:79:xrm:0000205 || thiol methylation:76:xrm:0001043 || n-demethylation:74:xrm:0000205 || o-demethylation:74:xrm:0000209 || s-demethylation:74:xrm:0000217	best below mid threshold
metxbiodb	N-Demethylation	n-demethylation	14	alias	alias_table		xrm:0000205	N-demethylation	chemical transformation	N-Demethylation			casing
metxbiodb	Alpha hydroxylation of carbonyl group	alpha hydroxylation of carbonyl group	14	fuzzy_mid	fuzzy_token_sort	91.2	xrm:0000721	alpha-hydroxylation	chemical transformation	alpha hydroxylation of carbonyl	alpha hydroxylation	alpha hydroxylation of carbonyl:91:xrm:0000721 || hydration of carbonyl:72:xrm:0004013 || aliphatic hydroxylation:67:xrm:0000102 || aliphatic hydroxylation class:67:xrm:1200201 || -carbon hydroxylation cleavage:66:xrm:0000023	margin=18.8; needs review
metxbiodb	Hydroxylation of aromatic carbon ortho to halide group	hydroxylation of aromatic carbon ortho to halide group	14	compositional	compositional_head	100	xrm:0000100	hydroxylation	chemical transformation	hydroxylation	hydroxylation		head=hydroxylation
metxbiodb	N-hydroxylation of primary arylamine	n-hydroxylation of primary arylamine	14	compositional	compositional_head	100	xrm:0000122	hydroxylamine formation	chemical transformation	N-hydroxylation	n-hydroxylation		head=n-hydroxylation
metxbiodb	EPOXIDATION_OF_12_DISUBSTITUTED_ALKLENE	epoxidation of 12 disubstituted alklene	12	compositional	compositional_head	100	xrm:0000110	epoxidation	chemical transformation	epoxidation	epoxidation		head=epoxidation
metxbiodb	N-acetylation of arylamine	n-acetylation of arylamine	12	compositional	compositional_head	100	xrm:0001021	N-acetylation	metabolism phase	N-acetylation	n-acetylation		head=n-acetylation
metxbiodb	Hydroxylation of benzene on carbon para to a strongly electron donating group	hydroxylation of benzene on carbon para to a strongly electron donating group	11	compositional	compositional_head	100	xrm:0000100	hydroxylation	chemical transformation	hydroxylation	hydroxylation		head=hydroxylation
metxbiodb	N-glucuronidation of tertiary aliphatic amine	n-glucuronidation of tertiary aliphatic amine	11	compositional	compositional_head	100	xrm:0001005	N-glucuronidation	metabolism phase	N-glucuronidation	n-glucuronidation		head=n-glucuronidation
metxbiodb	Allylic hydroxylation	allylic hydroxylation	10	exact_pref	exact	100	xrm:0000107	allylic hydroxylation	chemical transformation	allylic hydroxylation			
metxbiodb	HYDROXYLATION_OF_AROMATIC_CARBON	hydroxylation of aromatic carbon	10	compositional	compositional_head	100	xrm:0000100	hydroxylation	chemical transformation	hydroxylation	hydroxylation		head=hydroxylation
metxbiodb	Hydroxylation of heteroalicyclic secondary carbon	hydroxylation of heteroalicyclic secondary carbon	10	compositional	compositional_head	100	xrm:0000100	hydroxylation	chemical transformation	hydroxylation	hydroxylation		head=hydroxylation
metxbiodb	O-aryl dealkylation adjacent to substituted carbon	o-aryl dealkylation adjacent to substituted carbon	10	compositional	compositional_head_unmatched						o-aryl dealkylation	carbon-carbon dealkylation:55:xrm:0000204 || oxidative n-dealkylation:51:xrm:0000201 || oxidative o-dealkylation:51:xrm:0000202 || penultimate carbon hydroxylation:51:xrm:0000109 || oxidative dealkylation:50:xrm:0000200	head=o-aryl dealkylation (head not in ontology index)
metxbiodb	N-Dementhylation	n-dementhylation	10	fuzzy_mid	fuzzy_token_sort	96.8	xrm:0000205	N-demethylation	chemical transformation	N-demethylation		n-demethylation:97:xrm:0000205 || n-deethylation:93:xrm:0000206 || o-demethylation:90:xrm:0000209 || s-demethylation:90:xrm:0000217 || demethylation:90:xrm:0000205	margin=3.4; needs review
metxbiodb	N_DEALKYLATION_OF_ALIPHATIC_TERTIARY_AMINES_PATTERN1; N_DEALKYLATION_OF_ACYCLIC_TERTIARY_AMINES	n-dealkylation of aliphatic tertiary amines pattern1 n-dealkylation of acyclic tertiary amines	9	compositional	compositional_head	100	xrm:0000201	N-dealkylation	chemical transformation	N-dealkylation	n-dealkylation		head=n-dealkylation
metxbiodb	O-dealkylation of dialkylether	o-dealkylation of dialkylether	9	compositional	compositional_head	100	xrm:0000202	O-dealkylation	chemical transformation	O-dealkylation	o-dealkylation		head=o-dealkylation
metxbiodb	N-dealkylation of mixed tertiary amine	n-dealkylation of mixed tertiary amine	9	compositional	compositional_head	100	xrm:0000201	N-dealkylation	chemical transformation	N-dealkylation	n-dealkylation		head=n-dealkylation
metxbiodb	HYDROXYLATION_OF_HETEROAROMATIC_CARBON	hydroxylation of heteroaromatic carbon	9	compositional	compositional_head	100	xrm:0000100	hydroxylation	chemical transformation	hydroxylation	hydroxylation		head=hydroxylation
metxbiodb	ARENE_EPOXIDATION	arene epoxidation	8	exact_synonym	exact	100	xrm:1200100	aromatic epoxidation	phase I reaction family	arene epoxidation			
metxbiodb	C-Oxidation	c-oxidation	8	alias	alias_table		xrm:0000021	carbon oxidation	chemical transformation	C-Oxidation			AMD umbrella → carbon oxidation
metxbiodb	N-dealkylation of tertiary carboxamide	n-dealkylation of tertiary carboxamide	8	compositional	compositional_head	100	xrm:0000201	N-dealkylation	chemical transformation	N-dealkylation	n-dealkylation		head=n-dealkylation
metxbiodb	Hydroxylation of acyclic aliphatic secondary carbon	hydroxylation of acyclic aliphatic secondary carbon	8	compositional	compositional_head	100	xrm:0000100	hydroxylation	chemical transformation	hydroxylation	hydroxylation		head=hydroxylation
metxbiodb	Sulfation of primary alcohol	sulfation of primary alcohol	8	compositional	compositional_head	100	xrm:0001010	sulfation	metabolism phase	sulfation	sulfation		head=sulfation
metxbiodb	N-acetylation	n-acetylation	8	exact_pref	exact	100	xrm:0001021	N-acetylation	metabolism phase	N-acetylation			
metxbiodb	S-oxidation of sulfoxide to sulfone	s-oxidation of sulfoxide to sulfone	7	compositional	compositional_head	100	xrm:1200103	S-oxidation	phase I reaction family	S-oxidation	s-oxidation		head=s-oxidation
metxbiodb	Hydroxylation of penultimate aliphatic tertiary carbon	hydroxylation of penultimate aliphatic tertiary carbon	7	compositional	compositional_head	100	xrm:0000100	hydroxylation	chemical transformation	hydroxylation	hydroxylation		head=hydroxylation
metxbiodb	Hydroxylation of carbon gamma to conjugated carbonyl	hydroxylation of carbon gamma to conjugated carbonyl	7	compositional	compositional_head	100	xrm:0000100	hydroxylation	chemical transformation	hydroxylation	hydroxylation		head=hydroxylation
metxbiodb	Aliphatic hydroxylation of acyclic 1,2-disubstituted alkene	aliphatic hydroxylation of acyclic 1 2-disubstituted alkene	7	compositional	compositional_head	100	xrm:0000102	aliphatic hydroxylation	chemical transformation	aliphatic hydroxylation	aliphatic hydroxylation		head=aliphatic hydroxylation
metxbiodb	Hydroxylation of penultimate aliphatic secondary carbon	hydroxylation of penultimate aliphatic secondary carbon	7	compositional	compositional_head	100	xrm:0000100	hydroxylation	chemical transformation	hydroxylation	hydroxylation		head=hydroxylation
metxbiodb	4-OH sulfonation of phenolic compound	4-oh sulfonation of phenolic compound	7	compositional	compositional_head_unmatched						4-oh sulfonation	phenolic sulfation:65:xrm:0001012 || alcoholic sulfation:61:xrm:0001013 || alcoholic glucuronidation:52:xrm:0001003 || sulfonic acid metabolite:49:xrm:1500209 || o-desulfation:48:xrm:0000701	head=4-oh sulfonation (head not in ontology index)
metxbiodb	Glucuronidation of primary aromatic amine	glucuronidation of primary aromatic amine	7	compositional	compositional_head	100	xrm:0001000	glucuronidation	metabolism phase	glucuronidation	glucuronidation		head=glucuronidation
metxbiodb	O-glucuronidation of aromatic acid	o-glucuronidation of aromatic acid	7	compositional	compositional_head	100	xrm:0001001	O-glucuronidation	metabolism phase	O-glucuronidation	o-glucuronidation		head=o-glucuronidation
metxbiodb	GSH-conjugation of organohalide	gsh-conjugation of organohalide	7	compositional	compositional_head_unmatched						gsh-conjugation	formyl conjugation:65:xrm:0000670 || glycine conjugation:64:xrm:0001051 || glucuronide conjugation:63:xrm:0001000 || glutathione conjugation:63:xrm:0001030 || conjugation phase:62:xrm:0000002	head=gsh-conjugation (head not in ontology index)
metxbiodb	N-glucuronidation	n-glucuronidation	7	exact_pref	exact	100	xrm:0001005	N-glucuronidation	metabolism phase	N-glucuronidation			
metxbiodb	N-deisopropylation	n-deisopropylation	6	fuzzy_mid	fuzzy_token_sort	90.9	xrm:0000207	N-depropylation	chemical transformation	N-depropylation		n-depropylation:91:xrm:0000207 || n-deformylation:79:xrm:0000671 || n-dearylation:77:xrm:0000720 || n-decarboxylation:74:xrm:0000620 || n-dehydroxylation:74:xrm:0000650	margin=12.1; needs review
metxbiodb	Dearylation of organphosphosulfur compound	dearylation of organphosphosulfur compound	6	compositional	compositional_head	100	xrm:0000720	dearylation	chemical transformation	dearylation	dearylation		head=dearylation
metxbiodb	N-desmethylation	n-desmethylation	6	fuzzy_mid	fuzzy_token_sort	96.8	xrm:0000205	N-demethylation	chemical transformation	N-demethylation		n-demethylation:97:xrm:0000205 || n-deethylation:93:xrm:0000206 || o-demethylation:90:xrm:0000209 || s-demethylation:90:xrm:0000217 || demethylation:90:xrm:0000205	margin=3.4; needs review
metxbiodb	N-oxidation of alicyclic tertiary amine	n-oxidation of alicyclic tertiary amine	6	compositional	compositional_head	100	xrm:1200102	N-oxidation	phase I reaction family	N-oxidation	n-oxidation		head=n-oxidation
metxbiodb	O-dementhylation	o-dementhylation	6	fuzzy_mid	fuzzy_token_sort	96.8	xrm:0000209	O-demethylation	chemical transformation	O-demethylation		o-demethylation:97:xrm:0000209 || o-deethylation:93:xrm:0000211 || n-demethylation:90:xrm:0000205 || s-demethylation:90:xrm:0000217 || demethylation:90:xrm:0000205	margin=3.4; needs review
metxbiodb	O-methylation	o-methylation	6	exact_pref	exact	100	xrm:0001041	O-methylation	metabolism phase	O-methylation			
metxbiodb	O-acetylation of N-hydroxylarylamine	o-acetylation of n-hydroxylarylamine	6	compositional	compositional_head	100	xrm:0001022	O-acetylation	metabolism phase	O-acetylation	o-acetylation		head=o-acetylation
metxbiodb	N-glucuronidation of azole	n-glucuronidation of azole	6	compositional	compositional_head	100	xrm:0001005	N-glucuronidation	metabolism phase	N-glucuronidation	n-glucuronidation		head=n-glucuronidation
metxbiodb	Hydroxylation of benzene on carbon orhto to a strongly electron donating group	hydroxylation of benzene on carbon orhto to a strongly electron donating group	5	compositional	compositional_head	100	xrm:0000100	hydroxylation	chemical transformation	hydroxylation	hydroxylation		head=hydroxylation
metxbiodb	Thiophene S-oxidation	thiophene s-oxidation	5	exact_pref	exact	100	xrm:0000133	thiophene S-oxidation	chemical transformation	thiophene S-oxidation			
metxbiodb	Hydroxlation of methyl carbon adjacent to an aliphatic ring	hydroxylation of methyl carbon adjacent to an aliphatic ring	5	compositional	compositional_head	100	xrm:0000100	hydroxylation	chemical transformation	hydroxylation	hydroxylation		head=hydroxylation
metxbiodb	Hydroxylation of aromatic carbon meta to halide group	hydroxylation of aromatic carbon meta to halide group	5	compositional	compositional_head	100	xrm:0000100	hydroxylation	chemical transformation	hydroxylation	hydroxylation		head=hydroxylation
metxbiodb	AROMATIC HYDROXYLATION	aromatic hydroxylation	5	alias	alias_table		xrm:0000101	aromatic hydroxylation	chemical transformation	AROMATIC HYDROXYLATION			casing
metxbiodb	Terminal desaturation	terminal desaturation	5	unmatched	none	72.7						desaturation:73:xrm:0000012 || desaturation to alkene:65:xrm:0000314 || terminal methyl hydroxylation:64:xrm:0000108 || carbocation intermediate:62:xrm:1500204 || terminal methyl:61:xrm:1600129	best below mid threshold
metxbiodb	N-DEMETHYLATION	n-demethylation	5	alias	alias_table		xrm:0000205	N-demethylation	chemical transformation	N-DEMETHYLATION			casing
metxbiodb	S-oxidation of diarylthioether to sulfoxide	s-oxidation of diarylthioether to sulfoxide	5	compositional	compositional_head	100	xrm:1200103	S-oxidation	phase I reaction family	S-oxidation	s-oxidation		head=s-oxidation
metxbiodb	N-dementhylation	n-dementhylation	5	fuzzy_mid	fuzzy_token_sort	96.8	xrm:0000205	N-demethylation	chemical transformation	N-demethylation		n-demethylation:97:xrm:0000205 || n-deethylation:93:xrm:0000206 || o-demethylation:90:xrm:0000209 || s-demethylation:90:xrm:0000217 || demethylation:90:xrm:0000205	margin=3.4; needs review
metxbiodb	N-dechloroethylation	n-dechloroethylation	5	fuzzy_mid	fuzzy_token_sort	82.4	xrm:0000206	N-deethylation	chemical transformation	N-deethylation		n-deethylation:82:xrm:0000206 || n-demethylation:80:xrm:0000205 || o-deethylation:76:xrm:0000211 || n-decarboxylation:76:xrm:0000620 || n-dehydroxylation:76:xrm:0000650	margin=2.4; needs review
metxbiodb	S-oxidation of dialkylthioether to sulfoxide	s-oxidation of dialkylthioether to sulfoxide	5	compositional	compositional_head	100	xrm:1200103	S-oxidation	phase I reaction family	S-oxidation	s-oxidation		head=s-oxidation
metxbiodb	O-Dementhylation	o-dementhylation	5	fuzzy_mid	fuzzy_token_sort	96.8	xrm:0000209	O-demethylation	chemical transformation	O-demethylation		o-demethylation:97:xrm:0000209 || o-deethylation:93:xrm:0000211 || n-demethylation:90:xrm:0000205 || s-demethylation:90:xrm:0000217 || demethylation:90:xrm:0000205	margin=3.4; needs review
metxbiodb	N-Glucuronidation	n-glucuronidation	5	exact_pref	exact	100	xrm:0001005	N-glucuronidation	metabolism phase	N-glucuronidation			
metxbiodb	Oxidation of halotrifluoroethane	oxidation of halotrifluoroethane	4	compositional	compositional_head	100	xrm:0000020	oxidation	chemical transformation	oxidation	oxidation		head=oxidation
metxbiodb	Dehydrogenation of 4-aryl substituted 1,4-dihydropyridine	dehydrogenation of 4-aryl substituted 1 4-dihydropyridine	4	compositional	compositional_head	100	xrm:0000012	dehydrogenation	chemical transformation	dehydrogenation	dehydrogenation		head=dehydrogenation
metxbiodb	3-Hydroxylation of 5-aryl-1,4-benzodiazepine	3-hydroxylation of 5-aryl-1 4-benzodiazepine	4	compositional	compositional_head_unmatched						3-hydroxylation	omega-1 hydroxylation:58:xrm:0000109 || monooxygenation hydroxylation:55:xrm:0000100 || terminal methyl hydroxylation:55:xrm:0000108 || secondary carbon hydroxylation:54:xrm:0000141 || primary carbon hydroxylation:53:xrm:0000140	head=3-hydroxylation (head not in ontology index)
metxbiodb	N-dealkylation of secondary arylalkylamine	n-dealkylation of secondary arylalkylamine	4	compositional	compositional_head	100	xrm:0000201	N-dealkylation	chemical transformation	N-dealkylation	n-dealkylation		head=n-dealkylation
metxbiodb	m-Hydroxylation of monosubstituted benzene	meta-hydroxylation of monosubstituted benzene	4	compositional	compositional_head	100	xrm:0000105	meta-hydroxylation	chemical transformation	meta-hydroxylation	meta-hydroxylation		head=meta-hydroxylation
metxbiodb	N-dealkylation of N-acylurea	n-dealkylation of n-acylurea	4	compositional	compositional_head	100	xrm:0000201	N-dealkylation	chemical transformation	N-dealkylation	n-dealkylation		head=n-dealkylation
metxbiodb	O-DEMETHYLATION	o-demethylation	4	alias	alias_table		xrm:0000209	O-demethylation	chemical transformation	O-DEMETHYLATION			casing
metxbiodb	Hydroxylation of benzene on carbon ortho to an electron donating group	hydroxylation of benzene on carbon ortho to an electron donating group	4	compositional	compositional_head	100	xrm:0000100	hydroxylation	chemical transformation	hydroxylation	hydroxylation		head=hydroxylation
metxbiodb	Hydroxylation of benzene on carbon para to an electron donating group	hydroxylation of benzene on carbon para to an electron donating group	4	compositional	compositional_head	100	xrm:0000100	hydroxylation	chemical transformation	hydroxylation	hydroxylation		head=hydroxylation
metxbiodb	Oxidation	oxidation	4	alias	alias_table		xrm:0000020	oxidation	chemical transformation	Oxidation			casing
metxbiodb	Hydroxylation of alkyl methine	hydroxylation of alkyl methine	4	compositional	compositional_head	100	xrm:0000100	hydroxylation	chemical transformation	hydroxylation	hydroxylation		head=hydroxylation
metxbiodb	O-desmethylation	o-desmethylation	4	fuzzy_mid	fuzzy_token_sort	96.8	xrm:0000209	O-demethylation	chemical transformation	O-demethylation		o-demethylation:97:xrm:0000209 || o-deethylation:93:xrm:0000211 || n-demethylation:90:xrm:0000205 || s-demethylation:90:xrm:0000217 || demethylation:90:xrm:0000205	margin=3.4; needs review
metxbiodb	ALKENE_EPXODATION	alkene epxodation	4	fuzzy_mid	fuzzy_token_sort	91.4	xrm:0000111	alkene epoxidation	chemical transformation	alkene epoxidation		alkene epoxidation:91:xrm:0000111 || arene epoxidation:82:xrm:1200100 || alkene formation:79:xrm:0000314 || alkene hydrogenation:70:xrm:0000501 || aldehyde oxidation:69:xrm:0000313	margin=9.1; needs review
metxbiodb	3-OH sulfonation of phenolic compound	3-oh sulfonation of phenolic compound	4	compositional	compositional_head_unmatched						3-oh sulfonation	phenolic sulfation:65:xrm:0001012 || alcoholic sulfation:61:xrm:0001013 || alcoholic glucuronidation:52:xrm:0001003 || sulfonic acid metabolite:49:xrm:1500209 || o-desulfation:48:xrm:0000701	head=3-oh sulfonation (head not in ontology index)
metxbiodb	Dehydroxylation of catechol	dehydroxylation of catechol	4	compositional	compositional_head	100	xrm:0000650	dehydroxylation	chemical transformation	dehydroxylation	dehydroxylation		head=dehydroxylation
metxbiodb	Reduction of halotrifluoroethane	reduction of halotrifluoroethane	3	compositional	compositional_head	100	xrm:0000014	reduction	chemical transformation	reduction	reduction		head=reduction
metxbiodb	O-Desmethylation	o-desmethylation	3	fuzzy_mid	fuzzy_token_sort	96.8	xrm:0000209	O-demethylation	chemical transformation	O-demethylation		o-demethylation:97:xrm:0000209 || o-deethylation:93:xrm:0000211 || n-demethylation:90:xrm:0000205 || s-demethylation:90:xrm:0000217 || demethylation:90:xrm:0000205	margin=3.4; needs review
metxbiodb	Hydroxylation of non-terminal aliphatic carbon adjacent to aromatic ring	hydroxylation of non-terminal aliphatic carbon adjacent to aromatic ring	3	compositional	compositional_head	100	xrm:0000100	hydroxylation	chemical transformation	hydroxylation	hydroxylation		head=hydroxylation
metxbiodb	HYDROLYSIS_OF_CARBOXYLIC_ESTER	hydrolysis of carboxylic ester	3	compositional	compositional_head	100	xrm:0000013	hydrolysis	chemical transformation	hydrolysis	hydrolysis		head=hydrolysis
metxbiodb	ALIPHATIC HYDROXYLATION	aliphatic hydroxylation	3	alias	alias_table		xrm:0000102	aliphatic hydroxylation	chemical transformation	ALIPHATIC HYDROXYLATION			casing
metxbiodb	REDUCTION_OF_NITRO_TO_AMINE	reduction of nitro to amine	3	compositional	compositional_head	100	xrm:0000014	reduction	chemical transformation	reduction	reduction		head=reduction
metxbiodb	Bisallylic hydroxylation	bisallylic hydroxylation	3	fuzzy_high	fuzzy_token_sort	93.3	xrm:0000107	allylic hydroxylation	chemical transformation	allylic hydroxylation		allylic hydroxylation:93:xrm:0000107 || alicyclic hydroxylation:85:xrm:0000143 || alkyl hydroxylation:84:xrm:0000102 || benzylic hydroxylation:83:xrm:0000106 || aryl hydroxylation:81:xrm:0000101	margin=8.2
metxbiodb	Desulfuration of organophosphothioates	desulfuration of organophosphothioates	3	compositional	compositional_head	100	xrm:0000690	desulfuration	chemical transformation	desulfuration	desulfuration		head=desulfuration
metxbiodb	N_DEALKYLATION_OF_ALIPHATIC_TERTIARY_AMINES_PATTERN1	n-dealkylation of aliphatic tertiary amines pattern1	3	compositional	compositional_head	100	xrm:0000201	N-dealkylation	chemical transformation	N-dealkylation	n-dealkylation		head=n-dealkylation
metxbiodb	N-dealkylation of secondary carboxamide	n-dealkylation of secondary carboxamide	3	compositional	compositional_head	100	xrm:0000201	N-dealkylation	chemical transformation	N-dealkylation	n-dealkylation		head=n-dealkylation
metxbiodb	Hydroxylation	hydroxylation	3	exact_pref	exact	100	xrm:0000100	hydroxylation	chemical transformation	hydroxylation			
metxbiodb	Hydrogenation	hydrogenation	3	exact_pref	exact	100	xrm:0000500	hydrogenation	chemical transformation	hydrogenation			
metxbiodb	p-Hydroxylation of phenol	para-hydroxylation of phenol	3	compositional	compositional_head	100	xrm:0000103	para-hydroxylation	chemical transformation	para-hydroxylation	para-hydroxylation		head=para-hydroxylation
metxbiodb	Desulfurization of thioamide into amide	desulfurization of thioamide into amide	3	compositional	compositional_head	100	xrm:0000690	desulfuration	chemical transformation	desulfurization	desulfurization		head=desulfurization
metxbiodb	EPOXIDATION	epoxidation	3	alias	alias_table		xrm:0000110	epoxidation	chemical transformation	EPOXIDATION			casing
metxbiodb	N-oxdation of aliphatic tertiary amine	n-oxidation of aliphatic tertiary amine	3	compositional	compositional_head	100	xrm:1200102	N-oxidation	phase I reaction family	N-oxidation	n-oxidation		head=n-oxidation
metxbiodb	N-dealkoxylation of N-aryl-N-chloroacetamide	n-dealkoxylation of n-aryl-n-chloroacetamide	3	compositional	compositional_head_unmatched						n-dealkoxylation	aromatic o-dealkylation:60:xrm:0000212 || aliphatic o-dealkylation:59:xrm:0000213 || carbon-carbon dealkylation:57:xrm:0000204 || n-dealkylation class:56:xrm:1200202 || -carbon hydroxylation cleavage:54:xrm:0000023	head=n-dealkoxylation (head not in ontology index)
metxbiodb	N-demethoxymethylation	n-demethoxymethylation	3	fuzzy_mid	fuzzy_token_sort	81.1	xrm:0000205	N-demethylation	chemical transformation	N-demethylation		n-demethylation:81:xrm:0000205 || n-deethylation:78:xrm:0000206 || o-demethylation:76:xrm:0000209 || s-demethylation:76:xrm:0000217 || demethylation:74:xrm:0000205	margin=3.3; needs review
metxbiodb	o-Hydroxylation of phenol	ortho-hydroxylation of phenol	3	compositional	compositional_head	100	xrm:0000104	ortho-hydroxylation	chemical transformation	ortho-hydroxylation	ortho-hydroxylation		head=ortho-hydroxylation
metxbiodb	N-Dealkylatiion	n-dealkylatiion	3	fuzzy_high	fuzzy_token_sort	96.6	xrm:0000201	N-dealkylation	chemical transformation	N-dealkylation		n-dealkylation:97:xrm:0000201 || c-dealkylation:90:xrm:0000204 || o-dealkylation:90:xrm:0000202 || s-dealkylation:90:xrm:0000203 || dealkylation:89:xrm:0000200	margin=6.9
metxbiodb	17-OH glucuronidation of sterol	17-oh glucuronidation of sterol	3	compositional	compositional_head	100	xrm:0001001	O-glucuronidation	metabolism phase	O-glucuronidation	o-glucuronidation		head=o-glucuronidation
metxbiodb	Sulfation of secondary alcohol	sulfation of secondary alcohol	3	compositional	compositional_head	100	xrm:0001010	sulfation	metabolism phase	sulfation	sulfation		head=sulfation
metxbiodb	Hydroxylamine O-sulfonation	hydroxylamine o-sulfonation	3	unmatched	none	71.4						monooxygenation hydroxylation:71:xrm:0000100 || hydroxylamine metabolite:67:xrm:1500111 || hydroxylamine:65:xrm:1500018 || hydroxylation:65:xrm:0000100 || o-sulfation class:64:xrm:1300103	best below mid threshold
metxbiodb	N-Hydroxylation	n-hydroxylation	2	exact_synonym	exact	100	xrm:0000122	hydroxylamine formation	chemical transformation	N-hydroxylation			
metxbiodb	Methylenedioxy ring opening	methylenedioxy ring opening	2	unmatched	none	61.5						ring opening:62:xrm:0004008 || ring expansion delta:55:xrm:1700111 || ring expansion:54:xrm:0004009 || epoxide opening:52:xrm:0000400 || terminal methyl:52:xrm:1600129	best below mid threshold
metxbiodb	S-OXIDATION	s-oxidation	2	alias	alias_table		xrm:0000130	sulfur oxidation	chemical transformation	S-OXIDATION			already synonym; alias for robustness
metxbiodb	O-deisopropylation	o-deisopropylation	2	fuzzy_mid	fuzzy_token_sort	84.8	xrm:0000207	N-depropylation	chemical transformation	N-depropylation		n-depropylation:85:xrm:0000207 || o-dearylation:77:xrm:0000720 || n-deformylation:73:xrm:0000671 || deformylation:71:xrm:0000671 || n-dearylation:71:xrm:0000720	margin=7.4; needs review
metxbiodb	2,4-thiazolidinedione ring opening	2 4-thiazolidinedione ring opening	2	unmatched	none	52.2						ring opening:52:xrm:0004008 || epoxide opening:49:xrm:0000400 || aldehyde forming:48:xrm:1400022 || ring oxidation:46:xrm:1100016 || ring-forming cyclization:45:xrm:0000640	best below mid threshold
metxbiodb	HYDROXYLATION_OF_AROMATIC_CARBON; HYDROXYLATION_OF_BENZENE_PARA_TO_EDG	hydroxylation of aromatic carbon hydroxylation of benzene para to edg	2	compositional	compositional_head	100	xrm:0000100	hydroxylation	chemical transformation	hydroxylation	hydroxylation		head=hydroxylation
metxbiodb	N-hydroxylation of primary or secondary aliphatic amine	n-hydroxylation of primary or secondary aliphatic amine	2	compositional	compositional_head	100	xrm:0000122	hydroxylamine formation	chemical transformation	N-hydroxylation	n-hydroxylation		head=n-hydroxylation
metxbiodb	N-hydroxylation of secondary arylamide	n-hydroxylation of secondary arylamide	2	compositional	compositional_head	100	xrm:0000122	hydroxylamine formation	chemical transformation	N-hydroxylation	n-hydroxylation		head=n-hydroxylation
metxbiodb	O-Deethylation	o-deethylation	2	exact_pref	exact	100	xrm:0000211	O-deethylation	chemical transformation	O-deethylation			
metxbiodb	Reduction	reduction	2	alias	alias_table		xrm:0000014	reduction	chemical transformation	Reduction			casing
metxbiodb	p-Hydroxylation of anilide	para-hydroxylation of anilide	2	compositional	compositional_head	100	xrm:0000103	para-hydroxylation	chemical transformation	para-hydroxylation	para-hydroxylation		head=para-hydroxylation
metxbiodb	Hydroxylation of carbon alpha to conjugated carbonyl	hydroxylation of carbon alpha to conjugated carbonyl	2	compositional	compositional_head	100	xrm:0000100	hydroxylation	chemical transformation	hydroxylation	hydroxylation		head=hydroxylation
metxbiodb	N-dealkylation of urea	n-dealkylation of urea	2	compositional	compositional_head	100	xrm:0000201	N-dealkylation	chemical transformation	N-dealkylation	n-dealkylation		head=n-dealkylation
metxbiodb	2-Hydroxylation of 1,4-disubstituted benzene	2-hydroxylation of 1 4-disubstituted benzene	2	compositional	compositional_head_unmatched						2-hydroxylation	toluene side-chain hydroxylation:58:xrm:0000106 || penultimate carbon hydroxylation:53:xrm:0000109 || single- to double-bond dehydrogenation:51:xrm:0000316 || -1 hydroxylation:50:xrm:0000109 || monooxygenation hydroxylation:49:xrm:0000100	head=2-hydroxylation (head not in ontology index)
metxbiodb	Hydroxylation of  carbon next to amide	hydroxylation of carbon next to amide	2	compositional	compositional_head	100	xrm:0000100	hydroxylation	chemical transformation	hydroxylation	hydroxylation		head=hydroxylation
metxbiodb	7-Hydroxylation of coumarin	7-hydroxylation of coumarin	2	compositional	compositional_head_unmatched						7-hydroxylation	omega-1 hydroxylation:71:xrm:0000109 || -hydroxylation:68:xrm:0000108 || toluene side-chain hydroxylation:68:xrm:0000106 || c-hydroxylation:67:xrm:0000100 || n-hydroxylation:67:xrm:0000122	head=7-hydroxylation (head not in ontology index)
metxbiodb	N-desalkylation	n-desalkylation	2	fuzzy_high	fuzzy_token_sort	96.6	xrm:0000201	N-dealkylation	chemical transformation	N-dealkylation		n-dealkylation:97:xrm:0000201 || c-dealkylation:90:xrm:0000204 || o-dealkylation:90:xrm:0000202 || s-dealkylation:90:xrm:0000203 || dealkylation:89:xrm:0000200	margin=6.9
metxbiodb	Oxidation of primary alcohol to aldehyde	oxidation of primary alcohol to aldehyde	2	compositional	compositional_head	100	xrm:0000020	oxidation	chemical transformation	oxidation	oxidation		head=oxidation
metxbiodb	4-alkyl hydroxylation of oxoazaphosphorine	4-alkyl hydroxylation of oxoazaphosphorine	2	compositional	compositional_head_unmatched						4-alkyl hydroxylation	alkyl hydroxylation:62:xrm:0000102 || alpha hydroxylation of carbonyl:58:xrm:0000721 || allylic hydroxylation:57:xrm:0000107 || aryl hydroxylation:57:xrm:0000101 || monooxygenation hydroxylation:56:xrm:0000100	head=4-alkyl hydroxylation (head not in ontology index)
metxbiodb	Oxidation of secondary alcohol to ketone	oxidation of secondary alcohol to ketone	2	compositional	compositional_head	100	xrm:0000020	oxidation	chemical transformation	oxidation	oxidation		head=oxidation
metxbiodb	OXIDATION_OF_PRIM_ALCOHOL_TO_CARBOXYLIC_ACID	oxidation of prim alcohol to carboxylic acid	2	compositional	compositional_head	100	xrm:0000020	oxidation	chemical transformation	oxidation	oxidation		head=oxidation
metxbiodb	N-OXIDATION	n-oxidation	2	alias	alias_table		xrm:0000120	nitrogen oxidation	chemical transformation	N-OXIDATION			already synonym; alias for robustness
metxbiodb	S-oxidation of alkylarylthioether to sulfoxide	s-oxidation of alkylarylthioether to sulfoxide	2	compositional	compositional_head	100	xrm:1200103	S-oxidation	phase I reaction family	S-oxidation	s-oxidation		head=s-oxidation
metxbiodb	Oxidation of nitrogen in a strained ring system	oxidation of nitrogen in a strained ring system	2	compositional	compositional_head	100	xrm:0000020	oxidation	chemical transformation	oxidation	oxidation		head=oxidation
metxbiodb	N-desethylation	n-desethylation	2	fuzzy_mid	fuzzy_token_sort	96.6	xrm:0000206	N-deethylation	chemical transformation	N-deethylation		n-deethylation:97:xrm:0000206 || n-demethylation:93:xrm:0000205 || o-deethylation:90:xrm:0000211 || o-demethylation:87:xrm:0000209 || s-demethylation:87:xrm:0000217	margin=3.2; needs review
metxbiodb	Aldehyde oxidation	aldehyde oxidation	2	exact_pref	exact	100	xrm:0000313	aldehyde oxidation	chemical transformation	aldehyde oxidation			
metxbiodb	Unknown reaction	unknown reaction	2	unmatched	none	66.7						quinone formation:67:xrm:0000300 || sulfo reduction:65:xrm:0000533 || sulfone formation:61:xrm:0000132 || para-quinone formation:58:xrm:0000302 || n-nitroso formation:57:xrm:0000680	best below mid threshold
metxbiodb	Epoxidation of thiophene	epoxidation of thiophene	2	compositional	compositional_head	100	xrm:0000110	epoxidation	chemical transformation	epoxidation	epoxidation		head=epoxidation
metxbiodb	o-Hydroxylation of monosubstituted benzene	ortho-hydroxylation of monosubstituted benzene	2	compositional	compositional_head	100	xrm:0000104	ortho-hydroxylation	chemical transformation	ortho-hydroxylation	ortho-hydroxylation		head=ortho-hydroxylation
metxbiodb	N-oxidation of pyrimidine	n-oxidation of pyrimidine	2	compositional	compositional_head	100	xrm:1200102	N-oxidation	phase I reaction family	N-oxidation	n-oxidation		head=n-oxidation
metxbiodb	N-demethylations	n-demethylations	2	fuzzy_mid	fuzzy_token_sort	96.8	xrm:0000205	N-demethylation	chemical transformation	N-demethylation		n-demethylation:97:xrm:0000205 || n-deethylation:93:xrm:0000206 || o-demethylation:90:xrm:0000209 || s-demethylation:90:xrm:0000217 || demethylation:90:xrm:0000205	margin=3.4; needs review
metxbiodb	Desulfuration of organophosphorodithioate	desulfuration of organophosphorodithioate	2	compositional	compositional_head	100	xrm:0000690	desulfuration	chemical transformation	desulfuration	desulfuration		head=desulfuration
metxbiodb	C-DE-ESTERIFICATION	c-de-esterification	2	exact_synonym	exact	100	xrm:0000401	ester hydrolysis	chemical transformation	C-de-esterification			
metxbiodb	Hydroxylamine O-glucuronidation	hydroxylamine o-glucuronidation	2	unmatched	none	74.1						o-glucuronidation class:74:xrm:1300100 || aliphatic o-glucuronidation:72:xrm:0001003 || alcoholic glucuronidation:71:xrm:0001003 || carbamoyl glucuronidation:71:xrm:0001009 || deglucuronidation:71:xrm:0000700	best below mid threshold
metxbiodb	N-acetylation of Hydrazine derivative	n-acetylation of hydrazine derivative	2	compositional	compositional_head	100	xrm:0001021	N-acetylation	metabolism phase	N-acetylation	n-acetylation		head=n-acetylation
metxbiodb	3-OH glucuronidation of sterol	3-oh glucuronidation of sterol	2	compositional	compositional_head	100	xrm:0001001	O-glucuronidation	metabolism phase	O-glucuronidation	o-glucuronidation		head=o-glucuronidation
metxbiodb	GSH-conjugatoon	gsh-conjugatoon	2	unmatched	none	76.9						conjugation:77:xrm:0000024 || sulfo-conjugation:75:xrm:0001010 || deconjugation:71:xrm:0000732 || coa conjugation:67:xrm:0001061 || gsh conjugation:67:xrm:0001030	best below mid threshold
metxbiodb	Flavan-3-ol C-ring fission	flavan-3-ol c-ring fission	2	unmatched	none	45.8						carbinolamine cleavage:46:xrm:0004006 || conjugation family:45:xrm:1300000 || formyl conjugation:45:xrm:0000670 || isocyanate leaving fragment:45:xrm:2200036 || n-carbamoyl glucuronidation:45:xrm:0001009	best below mid threshold
metxbiodb	4'-Deydroxylation of substitued benzene	4 -dehydroxylation of substitued benzene	2	compositional	compositional_head_unmatched						4 -dehydroxylation	penultimate carbon hydroxylation:58:xrm:0000109 || double- to triple-bond dehydrogenation:56:xrm:0000317 || n-dehydroxylation:56:xrm:0000650 || toluene side-chain hydroxylation:56:xrm:0000106 || monooxygenation hydroxylation:55:xrm:0000100	head=4 -dehydroxylation (head not in ontology index)
metxbiodb	Glycoside hydrolysis	glycoside hydrolysis	2	exact_synonym	exact	100	xrm:0000702	deglycosidation	chemical transformation	glycoside hydrolysis			
metxbiodb	Anthocyanidin C-ring fission	anthocyanidin c-ring fission	2	unmatched	none	53.1						cyanide incorporation:53:xrm:0000600 || aromatic ring substitution impact:52:xrm:8000003 || amino acid conjugation:52:xrm:0001050 || fused aromatic ring site:50:xrm:1600201 || ring-forming cyclization:50:xrm:0000640	best below mid threshold
metxbiodb	Reduction of alpha,beta unsaturated carbon-carbon double bond adjacent to an electron withdrawing group	reduction of alpha beta unsaturated carbon-carbon double bond adjacent to an electron withdrawing group	2	compositional	compositional_head	100	xrm:0000014	reduction	chemical transformation	reduction	reduction		head=reduction
metxbiodb	Keto hydrolysis	keto hydrolysis	2	fuzzy_mid	fuzzy_token_sort	80.0	xrm:0000013	hydrolysis	chemical transformation	hydrolysis		hydrolysis:80:xrm:0000013 || urea hydrolysis:80:xrm:0000406 || lactone hydrolysis:79:xrm:0000403 || lactam hydrolysis:75:xrm:0000404 || nitrile hydrolysis:73:xrm:0000411	margin=0.0; needs review
metxbiodb	Reduction of azobenzene	reduction of azobenzene	2	compositional	compositional_head	100	xrm:0000014	reduction	chemical transformation	reduction	reduction		head=reduction
metxbiodb	Lysis of choline to trimethylamine	lysis of choline to trimethylamine	2	compositional	compositional_head_unmatched						lysis	o-methylation class:57:xrm:1300106 || catechol o-methylation:54:xrm:0001041 || n-methylation class:53:xrm:1300107 || s-methylation class:53:xrm:1300108 || less active metabolite:50:xrm:2300018	head=lysis (head not in ontology index)
metxbiodb	Oxidation of p-substituted anilides	oxidation of para-substituted anilides	1	compositional	compositional_head	100	xrm:0000020	oxidation	chemical transformation	oxidation	oxidation		head=oxidation
metxbiodb	Reduction of terminal aliphatic trihalide	reduction of terminal aliphatic trihalide	1	compositional	compositional_head	100	xrm:0000014	reduction	chemical transformation	reduction	reduction		head=reduction
metxbiodb	Alphatic Hydroxylation	alphatic hydroxylation	1	fuzzy_high	fuzzy_token_sort	97.8	xrm:0000102	aliphatic hydroxylation	chemical transformation	aliphatic hydroxylation		aliphatic hydroxylation:98:xrm:0000102 || alpha-hydroxylation:88:xrm:0000721 || aromatic hydroxylation:86:xrm:0000101 || aliphatic hydroxylation class:86:xrm:1200201 || allylic hydroxylation:84:xrm:0000107	margin=10.0
metxbiodb	EPOXIDATION_OF_112_TRISUBSTITUTED_ALKLENE	epoxidation of 112 trisubstituted alklene	1	compositional	compositional_head	100	xrm:0000110	epoxidation	chemical transformation	epoxidation	epoxidation		head=epoxidation
metxbiodb	HYDROXYLATION_OF_AROMATIC_CARBON; HYDROXYLATION_OF_BENZENE_ORTHO_TO_EDG	hydroxylation of aromatic carbon hydroxylation of benzene ortho to edg	1	compositional	compositional_head	100	xrm:0000100	hydroxylation	chemical transformation	hydroxylation	hydroxylation		head=hydroxylation
metxbiodb	C-DEALKLYATION	c-dealklyation	1	fuzzy_high	fuzzy_token_sort	92.9	xrm:0000204	C-dealkylation	chemical transformation	C-dealkylation		c-dealkylation:93:xrm:0000204 || n-dealkylation:86:xrm:0000201 || o-dealkylation:86:xrm:0000202 || s-dealkylation:86:xrm:0000203 || c-alkylation:85:xrm:0000614	margin=7.1
metxbiodb	Aliphatic hydroxylation of carbon alpha to secondary or tertiary alkyl-N	aliphatic hydroxylation of carbon alpha to secondary or tertiary alkyl-n	1	compositional	compositional_head	100	xrm:0000102	aliphatic hydroxylation	chemical transformation	aliphatic hydroxylation	aliphatic hydroxylation		head=aliphatic hydroxylation
metxbiodb	N-HYDROXYLATION	n-hydroxylation	1	exact_synonym	exact	100	xrm:0000122	hydroxylamine formation	chemical transformation	N-hydroxylation			
metxbiodb	N_DEHYDROGENATION_OF_ALICYCLIC_TERTIARY_AMINES_PATTERN1	n-dehydrogenation of alicyclic tertiary amines pattern1	1	compositional	compositional_head_unmatched						n-dehydrogenation	tertiary amine n-oxidation:57:xrm:0000121 || amine dehydrogenation:55:xrm:1200106 || tertiary carbon hydroxylation:55:xrm:0000142 || quaternary n-glucuronidation class:54:xrm:1300116 || double-to-triple bond dehydrogenation class:53:xrm:1200210	head=n-dehydrogenation (head not in ontology index)
metxbiodb	Hydroxylation of aromatic carbon para to halide group	hydroxylation of aromatic carbon para to halide group	1	compositional	compositional_head	100	xrm:0000100	hydroxylation	chemical transformation	hydroxylation	hydroxylation		head=hydroxylation
metxbiodb	PYRROLE_EPOXIDATION	pyrrole epoxidation	1	unmatched	none	73.3						epoxidation:73:xrm:0000110 || thiol oxidation:71:xrm:0000134 || thiophene epoxidation:70:xrm:0000113 || ring oxidation:67:xrm:1100016 || oxidation:64:xrm:0000020	best below mid threshold
metxbiodb	O-Dealklyation	o-dealklyation	1	fuzzy_high	fuzzy_token_sort	92.9	xrm:0000202	O-dealkylation	chemical transformation	O-dealkylation		o-dealkylation:93:xrm:0000202 || c-dealkylation:86:xrm:0000204 || n-dealkylation:86:xrm:0000201 || s-dealkylation:86:xrm:0000203 || dealkylation:85:xrm:0000200	margin=7.1
metxbiodb	N-Hydroxylation; N-Oxidation	n-hydroxylation n-oxidation	1	unmatched	none	78.6						monooxygenation hydroxylation:79:xrm:0000100 || n-hydroxylation:71:xrm:0000122 || oxidative n-dealkylation:71:xrm:0000201 || oxidative n-demethylation:69:xrm:0000205 || -hydroxylation:68:xrm:0000108	best below mid threshold
metxbiodb	Epoxidation of arene	epoxidation of arene	1	compositional	compositional_head	100	xrm:0000110	epoxidation	chemical transformation	epoxidation	epoxidation		head=epoxidation
metxbiodb	HYDROXYLATION_OF_ALICYCLIC_SECONDARY_CARBON; HYDROXYLATION_OF_ALICYCLIC_SECONDARY_CARBON_PATTERN1	hydroxylation of alicyclic secondary carbon hydroxylation of alicyclic secondary carbon pattern1	1	compositional	compositional_head	100	xrm:0000100	hydroxylation	chemical transformation	hydroxylation	hydroxylation		head=hydroxylation
metxbiodb	N-deethylation	n-deethylation	1	exact_pref	exact	100	xrm:0000206	N-deethylation	chemical transformation	N-deethylation			
metxbiodb	N-hydroxylation of anilide	n-hydroxylation of anilide	1	compositional	compositional_head	100	xrm:0000122	hydroxylamine formation	chemical transformation	N-hydroxylation	n-hydroxylation		head=n-hydroxylation
metxbiodb	EPOXIDATION_OF_MONOSUBSTITUTED_ALKENE	epoxidation of monosubstituted alkene	1	compositional	compositional_head	100	xrm:0000110	epoxidation	chemical transformation	epoxidation	epoxidation		head=epoxidation
metxbiodb	Epoxidation of vinyl ether	epoxidation of vinyl ether	1	compositional	compositional_head	100	xrm:0000110	epoxidation	chemical transformation	epoxidation	epoxidation		head=epoxidation
metxbiodb	N-dealkylation of hydrazide	n-dealkylation of hydrazide	1	compositional	compositional_head	100	xrm:0000201	N-dealkylation	chemical transformation	N-dealkylation	n-dealkylation		head=n-dealkylation
metxbiodb	N-dealkylation of hydrazine	n-dealkylation of hydrazine	1	compositional	compositional_head	100	xrm:0000201	N-dealkylation	chemical transformation	N-dealkylation	n-dealkylation		head=n-dealkylation
metxbiodb	Dehydrogenation of alpha,beta-unsaturated amide	dehydrogenation of alpha beta-unsaturated amide	1	compositional	compositional_head	100	xrm:0000012	dehydrogenation	chemical transformation	dehydrogenation	dehydrogenation		head=dehydrogenation
metxbiodb	O-Debenzylation	o-debenzylation	1	fuzzy_mid	fuzzy_token_sort	82.8	xrm:0000211	O-deethylation	chemical transformation	O-deethylation		o-deethylation:83:xrm:0000211 || o-demethylation:80:xrm:0000209 || o-dearylation:79:xrm:0000720 || n-deethylation:76:xrm:0000206 || o-dealkylation:76:xrm:0000202	margin=2.8; needs review
metxbiodb	HYDROXYLATION_OF_AROMATIC_CARBON_ADJACENT_TO_N	hydroxylation of aromatic carbon adjacent to n	1	compositional	compositional_head	100	xrm:0000100	hydroxylation	chemical transformation	hydroxylation	hydroxylation		head=hydroxylation
metxbiodb	N-oxidation	n-oxidation	1	alias	alias_table		xrm:0000120	nitrogen oxidation	chemical transformation	N-oxidation			already synonym; alias for robustness
metxbiodb	O-demethylenation	o-demethylenation	1	fuzzy_mid	fuzzy_token_sort	93.8	xrm:0000209	O-demethylation	chemical transformation	O-demethylation		o-demethylation:94:xrm:0000209 || o-deethylation:90:xrm:0000211 || n-demethylation:88:xrm:0000205 || s-demethylation:88:xrm:0000217 || demethylation:87:xrm:0000205	margin=3.4; needs review
metxbiodb	N-Desalkylation	n-desalkylation	1	fuzzy_high	fuzzy_token_sort	96.6	xrm:0000201	N-dealkylation	chemical transformation	N-dealkylation		n-dealkylation:97:xrm:0000201 || c-dealkylation:90:xrm:0000204 || o-dealkylation:90:xrm:0000202 || s-dealkylation:90:xrm:0000203 || dealkylation:89:xrm:0000200	margin=6.9
metxbiodb	S-Dealkylation	s-dealkylation	1	alias	alias_table		xrm:0000203	S-dealkylation	chemical transformation	S-Dealkylation			casing
metxbiodb	OXIDATIVE_DEAMINATION_OF_TERTIARY_AMINES; N_DEALKYLATION_OF_ALICYCLIC_TERTIARY_AMINES_PATTERN1	oxidative deamination of tertiary amines n-dealkylation of alicyclic tertiary amines pattern1	1	compositional	compositional_head	100	xrm:0000208	oxidative deamination	chemical transformation	oxidative deamination	oxidative deamination		head=oxidative deamination
metxbiodb	Aliphatic Hydroxylation (14-(R)-hydroxylation)	aliphatic hydroxylation 14- r -hydroxylation	1	unmatched	none	68.7						aliphatic hydroxylation:69:xrm:0000102 || aliphatic hydroxylation class:63:xrm:1200201 || aromatic hydroxylation class:61:xrm:1200200 || aromatic hydroxylation:61:xrm:0000101 || monooxygenation hydroxylation:60:xrm:0000100	best below mid threshold
metxbiodb	O-Detrifluoromethylation	o-detrifluoromethylation	1	unmatched	none	76.9						o-demethylation:77:xrm:0000209 || o-deethylation:74:xrm:0000211 || n-deformylation:72:xrm:0000671 || n-demethylation:72:xrm:0000205 || s-demethylation:72:xrm:0000217	best below mid threshold
metxbiodb	N-hydroxylation of aniline to hydroxylamine	n-hydroxylation of aniline to hydroxylamine	1	compositional	compositional_head	100	xrm:0000122	hydroxylamine formation	chemical transformation	N-hydroxylation	n-hydroxylation		head=n-hydroxylation
metxbiodb	N-DESISOPROPYLATION	n-desisopropylation	1	fuzzy_mid	fuzzy_token_sort	88.2	xrm:0000207	N-depropylation	chemical transformation	N-depropylation		n-depropylation:88:xrm:0000207 || n-deformylation:76:xrm:0000671 || n-dearylation:75:xrm:0000720 || n-decarboxylation:72:xrm:0000620 || n-dehydroxylation:72:xrm:0000650	margin=11.8; needs review
metxbiodb	Pyridine N-oxidation	pyridine n-oxidation	1	unmatched	none	76.5						ring oxidation:76:xrm:1100016 || n-oxidation:71:xrm:1200102 || thiophene s-oxidation:68:xrm:0000133 || primary amine n-oxidation:67:xrm:0000124 || s-oxidation:65:xrm:1200103	best below mid threshold
metxbiodb	Alipathic Hydroxylation	alipathic hydroxylation	1	fuzzy_high	fuzzy_token_sort	95.7	xrm:0000102	aliphatic hydroxylation	chemical transformation	aliphatic hydroxylation		aliphatic hydroxylation:96:xrm:0000102 || aliphatic hydroxylation class:85:xrm:1200201 || aromatic hydroxylation:84:xrm:0000101 || alicyclic hydroxylation:83:xrm:0000143 || allylic hydroxylation:82:xrm:0000107	margin=11.0
metxbiodb	ALKYL_HYDROXYLATION	alkyl hydroxylation	1	exact_synonym	exact	100	xrm:0000102	aliphatic hydroxylation	chemical transformation	alkyl hydroxylation			
metxbiodb	Oxidization	oxidization	1	fuzzy_mid	fuzzy_token_sort	90.0	xrm:0000020	oxidation	chemical transformation	oxidation		oxidation:90:xrm:0000020 || epoxidation:82:xrm:0000110 || n-oxidation:82:xrm:1200102 || s-oxidation:82:xrm:1200103 || net oxidation:75:xrm:7000001	margin=8.2; needs review
metxbiodb	oxidative defluorination	oxidative defluorination	1	exact_pref	exact	100	xrm:0000214	oxidative defluorination	chemical transformation	oxidative defluorination			
metxbiodb	N-hyroxylation of guanidine or aminohydrazone	n-hyroxylation of guanidine or aminohydrazone	1	compositional	compositional_head_unmatched						n-hyroxylation	alpha hydroxylation of carbonyl:58:xrm:0000721 || arene hydroxylation:56:xrm:0000101 || aromatic dehydroxylation:55:xrm:0000650 || benzene hydroxylation:55:xrm:0000101 || aromatic hydroxylation:54:xrm:0000101	head=n-hyroxylation (head not in ontology index)
metxbiodb	Formation of pyridinium from 4-substituted piperidine	formation of pyridinium from 4-substituted piperidine	1	compositional	compositional_head_unmatched						formation	quinoid -system formation:51:xrm:8000005 || iminium formation class:50:xrm:1200208 || mercapturic acid formation:48:xrm:0001037 || protein adduct formation:47:xrm:1500233 || quinone methide formation:46:xrm:0000304	head=formation (head not in ontology index)
metxbiodb	N-Deethylation	n-deethylation	1	exact_pref	exact	100	xrm:0000206	N-deethylation	chemical transformation	N-deethylation			
metxbiodb	O-DEETHYLATION	o-deethylation	1	exact_pref	exact	100	xrm:0000211	O-deethylation	chemical transformation	O-deethylation			
metxbiodb	Ring opening of N-substituted piperidine	ring opening of n-substituted piperidine	1	compositional	compositional_head	100	xrm:0004008	ring opening	chemical transformation	ring opening	ring opening		head=ring opening
metxbiodb	N-Desmethylation	n-desmethylation	1	fuzzy_mid	fuzzy_token_sort	96.8	xrm:0000205	N-demethylation	chemical transformation	N-demethylation		n-demethylation:97:xrm:0000205 || n-deethylation:93:xrm:0000206 || o-demethylation:90:xrm:0000209 || s-demethylation:90:xrm:0000217 || demethylation:90:xrm:0000205	margin=3.4; needs review
metxbiodb	N-dehydroxyethylation	n-dehydroxyethylation	1	fuzzy_mid	fuzzy_token_sort	89.5	xrm:0000650	dehydroxylation	chemical transformation	N-dehydroxylation		n-dehydroxylation:89:xrm:0000650 || dehydroxylation:83:xrm:0000650 || n-hydroxylation:83:xrm:0000122 || -hydroxylation:80:xrm:0000108 || n-deethylation:80:xrm:0000206	margin=6.1; needs review
metxbiodb	N_DEALKYLATION	n-dealkylation	1	alias	alias_table		xrm:0000201	N-dealkylation	chemical transformation	N_DEALKYLATION			casing
metxbiodb	OXIDATION_OF_METHYL_TO_CARBOXYLIC_ACID	oxidation of methyl to carboxylic acid	1	compositional	compositional_head	100	xrm:0000020	oxidation	chemical transformation	oxidation	oxidation		head=oxidation
metxbiodb	Aliphatic hydroxylation of methyl carbon adjacent to alkyne ring	aliphatic hydroxylation of methyl carbon adjacent to alkyne ring	1	compositional	compositional_head	100	xrm:0000102	aliphatic hydroxylation	chemical transformation	aliphatic hydroxylation	aliphatic hydroxylation		head=aliphatic hydroxylation
metxbiodb	Nifedipine Oxidation	nifedipine oxidation	1	unmatched	none	73.7						nitrogen oxidation:74:xrm:0000120 || net oxidation:73:xrm:7000001 || epoxidation:71:xrm:0000110 || arene epoxidation:70:xrm:1200100 || aldehyde oxidation:68:xrm:0000313	best below mid threshold
metxbiodb	Oxidation of alkyl formamide	oxidation of alkyl formamide	1	compositional	compositional_head	100	xrm:0000020	oxidation	chemical transformation	oxidation	oxidation		head=oxidation
metxbiodb	Formation of iminium from pyrrolidine ring	formation of iminium from pyrrolidine ring	1	compositional	compositional_head_unmatched						formation	iminium ion formation:63:xrm:0000305 || iminium formation:58:xrm:0000305 || imine methide formation:55:xrm:0000306 || imine-methide formation:55:xrm:0000306 || quinone imine formation:55:xrm:0000303	head=formation (head not in ontology index)
metxbiodb	N_DEALKYLATION_OF_CYCLIC_TERTIARY_AMINES; N_DEALKYLATION_OF_ALICYCLIC_TERTIARY_AMINES_PATTERN1	n-dealkylation of cyclic tertiary amines n-dealkylation of alicyclic tertiary amines pattern1	1	compositional	compositional_head	100	xrm:0000201	N-dealkylation	chemical transformation	N-dealkylation	n-dealkylation		head=n-dealkylation
metxbiodb	Desulfation	desulfation	1	exact_pref	exact	100	xrm:0000701	desulfation	chemical transformation	desulfation			
metxbiodb	DIHYDROXYLATION_OF_DOUBLE_BOND	dihydroxylation of double bond	1	compositional	compositional_head_unmatched						dihydroxylation	penultimate carbon hydroxylation:68:xrm:0000109 || secondary carbon hydroxylation:67:xrm:0000141 || double-to-triple bond dehydrogenation class:66:xrm:1200210 || alpha hydroxylation of carbonyl:66:xrm:0000721 || tertiary carbon hydroxylation:64:xrm:0000142	head=dihydroxylation (head not in ontology index)
metxbiodb	Desethylation	desethylation	1	fuzzy_mid	fuzzy_token_sort	92.3	xrm:0000205	N-demethylation	chemical transformation	demethylation		demethylation:92:xrm:0000205 || n-deethylation:89:xrm:0000206 || o-deethylation:89:xrm:0000211 || n-demethylation:86:xrm:0000205 || o-demethylation:86:xrm:0000209	margin=3.4; needs review
metxbiodb	O-deacetylation	o-deacetylation	1	antonym_of	negation_prefix	100	xrm:0001022	O-acetylation	metabolism phase	O-acetylation			antonym_of=O-acetylation; source_is_negative=True; mint_or_link_inverse
metxbiodb	N-Despropylation	n-despropylation	1	fuzzy_high	fuzzy_token_sort	96.8	xrm:0000207	N-depropylation	chemical transformation	N-depropylation		n-depropylation:97:xrm:0000207 || n-dearylation:83:xrm:0000720 || n-decarboxylation:79:xrm:0000620 || n-dehydroxylation:79:xrm:0000650 || n-deformylation:77:xrm:0000671	margin=14.0
metxbiodb	S-oxidation of thiocarbamate	s-oxidation of thiocarbamate	1	compositional	compositional_head	100	xrm:1200103	S-oxidation	phase I reaction family	S-oxidation	s-oxidation		head=s-oxidation
metxbiodb	S-REDUCTION	s-reduction	1	fuzzy_mid	fuzzy_token_sort	90.0	xrm:0000014	reduction	chemical transformation	reduction		reduction:90:xrm:0000014 || s-introduction:80:xrm:0000691 || azo reduction:75:xrm:0000514 || net reduction:75:xrm:7000002 || n-oxide reduction:71:xrm:0000515	margin=10.0; needs review
metxbiodb	N-depropargylation of secondary or tertiary amine	n-depropargylation of secondary or tertiary amine	1	compositional	compositional_head_unmatched						n-depropargylation	tertiary amine n-oxidation:61:xrm:0000121 || secondary carbon hydroxylation:58:xrm:0000141 || tertiary carbon hydroxylation:56:xrm:0000142 || primary amine n-oxidation:54:xrm:0000124 || tertiary amine site:50:xrm:1600021	head=n-depropargylation (head not in ontology index)
metxbiodb	Unknown Reduction	unknown reduction	1	unmatched	none	75.0						sulfo reduction:75:xrm:0000533 || reduction:69:xrm:0000014 || sulfoxide reduction:67:xrm:0000531 || sulfur reduction:67:xrm:0000530 || s-oxide reduction:65:xrm:0000533	best below mid threshold
metxbiodb	N-dealkylation of sulfonamide	n-dealkylation of sulfonamide	1	compositional	compositional_head	100	xrm:0000201	N-dealkylation	chemical transformation	N-dealkylation	n-dealkylation		head=n-dealkylation
metxbiodb	Denitrosation	denitrosation	1	exact_pref	exact	100	xrm:0000681	denitrosation	chemical transformation	denitrosation			
metxbiodb	HYDROXYLATION_OF_HETEROAROMATIC_CARBON; HYDROXYLATION_OF_AROMATIC_CARBON_ADJACENT_TO_N	hydroxylation of heteroaromatic carbon hydroxylation of aromatic carbon adjacent to n	1	compositional	compositional_head	100	xrm:0000100	hydroxylation	chemical transformation	hydroxylation	hydroxylation		head=hydroxylation
metxbiodb	Formation of imminium ion from N-substituted piperidine	formation of imminium ion from n-substituted piperidine	1	compositional	compositional_head_unmatched						formation	iminium ion formation:55:xrm:0000305 || aromatic ring substitution impact:52:xrm:8000003 || imine methide formation:51:xrm:0000306 || quinone imine formation:51:xrm:0000303 || quinone species formation:50:xrm:0000300	head=formation (head not in ontology index)
metxbiodb	Deamino	deamino	1	unmatched	none	77.8						deamination:78:xrm:1100013 || amination:62:xrm:0000661 || deacylation:56:xrm:0002005 || dearylation:56:xrm:0000720 || dehydration:56:xrm:0000550	best below mid threshold
metxbiodb	N-Dealylation	n-dealylation	1	fuzzy_mid	fuzzy_token_sort	96.3	xrm:0000201	N-dealkylation	chemical transformation	N-dealkylation		n-dealkylation:96:xrm:0000201 || n-dearylation:92:xrm:0000720 || c-dealkylation:89:xrm:0000204 || o-dealkylation:89:xrm:0000202 || s-dealkylation:89:xrm:0000203	margin=4.0; needs review
metxbiodb	Demethylenation	demethylenation	1	fuzzy_high	fuzzy_token_sort	92.9	xrm:0000205	N-demethylation	chemical transformation	demethylation		demethylation:93:xrm:0000205 || n-demethylation:87:xrm:0000205 || o-demethylation:87:xrm:0000209 || s-demethylation:87:xrm:0000217 || methylation:85:xrm:0001040	margin=6.2
metxbiodb	Aromatic Oxidation	aromatic oxidation	1	fuzzy_high	fuzzy_token_sort	94.7	xrm:1200100	aromatic epoxidation	phase I reaction family	aromatic epoxidation		aromatic epoxidation:95:xrm:1200100 || aromatic amine n-oxidation:82:xrm:0000125 || aromatic hydroxylation:80:xrm:0000101 || aromatic o-dealkylation:78:xrm:0000212 || aromatization:77:xrm:0000315	margin=12.9
metxbiodb	S-oxidation of dithiocarbamate	s-oxidation of dithiocarbamate	1	compositional	compositional_head	100	xrm:1200103	S-oxidation	phase I reaction family	S-oxidation	s-oxidation		head=s-oxidation
metxbiodb	N-dealkylation of nitrosodialkylamine	n-dealkylation of nitrosodialkylamine	1	compositional	compositional_head	100	xrm:0000201	N-dealkylation	chemical transformation	N-dealkylation	n-dealkylation		head=n-dealkylation
metxbiodb	Hydroxylation of sp3-carbon adjacent to N in nitrosamine	hydroxylation of sp3-carbon adjacent to n-in nitrosamine	1	compositional	compositional_head	100	xrm:0000100	hydroxylation	chemical transformation	hydroxylation	hydroxylation		head=hydroxylation
metxbiodb	N-dealkylation of N-alkylnitrosamine	n-dealkylation of n-alkylnitrosamine	1	compositional	compositional_head	100	xrm:0000201	N-dealkylation	chemical transformation	N-dealkylation	n-dealkylation		head=n-dealkylation
metxbiodb	O-deethylation	o-deethylation	1	exact_pref	exact	100	xrm:0000211	O-deethylation	chemical transformation	O-deethylation			
metxbiodb	C-DEALYLATION	c-dealylation	1	fuzzy_high	fuzzy_token_sort	96.3	xrm:0000204	C-dealkylation	chemical transformation	C-dealkylation		c-dealkylation:96:xrm:0000204 || n-dealkylation:89:xrm:0000201 || o-dealkylation:89:xrm:0000202 || s-dealkylation:89:xrm:0000203 || c-alkylation:88:xrm:0000614	margin=7.4
metxbiodb	Formation of cycloguanide	formation of cycloguanide	1	compositional	compositional_head_unmatched						formation	acyl-coa formation:70:xrm:0001061 || arene oxide formation:65:xrm:0000112 || cyanide incorporation:65:xrm:0000600 || disulfide formation:64:xrm:0000135 || alkene formation:63:xrm:0000314	head=formation (head not in ontology index)
metxbiodb	Hydrogenation;Reduction	hydrogenation reduction	1	unmatched	none	76.6						reductive dehalogenation:77:xrm:0000540 || nitrogen reduction:73:xrm:0000510 || dehydrogenation delta:73:xrm:7700004 || hydrogenation:72:xrm:0000500 || ketone reduction:72:xrm:0000521	best below mid threshold
metxbiodb	Alipathic Hydroxylation (6ÃŽÂ²-hydroxylation)	alipathic hydroxylation 6 -hydroxylation	1	unmatched	none	69.8						aliphatic hydroxylation:70:xrm:0000102 || aromatic hydroxylation class:65:xrm:1200200 || aromatic hydroxylation:65:xrm:0000101 || aliphatic hydroxylation class:64:xrm:1200201 || monooxygenation hydroxylation:64:xrm:0000100	best below mid threshold
metxbiodb	EPOXIDATION_OF_1122_TETRASUBSTITUTED_ALKLENE	epoxidation of 1122 tetrasubstituted alklene	1	compositional	compositional_head	100	xrm:0000110	epoxidation	chemical transformation	epoxidation	epoxidation		head=epoxidation
metxbiodb	Hydroxylation of carbon adjacent to halogen	hydroxylation of carbon adjacent to halogen	1	compositional	compositional_head	100	xrm:0000100	hydroxylation	chemical transformation	hydroxylation	hydroxylation		head=hydroxylation
metxbiodb	N-O bond cleavage	n-o-bond cleavage	1	unmatched	none	74.3						n-nitroso cleavage:74:xrm:0000681 || conjugate cleavage:63:xrm:0000732 || nitrile cleavage:61:xrm:0000601 || n-dealkylative cleavage:60:xrm:0000201 || ether cleavage:58:xrm:0000407	best below mid threshold
metxbiodb	O-Demethylenation	o-demethylenation	1	fuzzy_mid	fuzzy_token_sort	93.8	xrm:0000209	O-demethylation	chemical transformation	O-demethylation		o-demethylation:94:xrm:0000209 || o-deethylation:90:xrm:0000211 || n-demethylation:88:xrm:0000205 || s-demethylation:88:xrm:0000217 || demethylation:87:xrm:0000205	margin=3.4; needs review
metxbiodb	N-dealkylation of dicarboximide	n-dealkylation of dicarboximide	1	compositional	compositional_head	100	xrm:0000201	N-dealkylation	chemical transformation	N-dealkylation	n-dealkylation		head=n-dealkylation
metxbiodb	_2_ELECTRON_OXIDATION_OF_P_AMINOPHENOLS_TO_QUINONE_IMINES_PATTERN1	2 electron oxidation of p aminophenols to quinone imines pattern1	1	compositional	compositional_head_unmatched						2 electron oxidation	phenolic or alcoholic o-glucuronidation:46:xrm:1300100 || tertiary amine n-oxidation:46:xrm:0000121 || primary amine n-oxidation:44:xrm:0000124 || aromatic amine n-oxidation:44:xrm:0000125 || para-quinone formation:44:xrm:0000302	head=2 electron oxidation (head not in ontology index)
metxbiodb	Oxidation of 4-substituted phenol	oxidation of 4-substituted phenol	1	compositional	compositional_head	100	xrm:0000020	oxidation	chemical transformation	oxidation	oxidation		head=oxidation
metxbiodb	NS-cleavage	ns-cleavage	1	unmatched	none	75.0						bond cleavage:75:xrm:7200002 || azo cleavage:70:xrm:0000412 || ether cleavage:64:xrm:0000407 || nitrile cleavage:59:xrm:0000601 || conjugate cleavage:55:xrm:0000732	best below mid threshold
metxbiodb	Oxidation of S adjacent to an aliphatic nitrogen	oxidation of s-adjacent to an aliphatic nitrogen	1	compositional	compositional_head	100	xrm:0000020	oxidation	chemical transformation	oxidation	oxidation		head=oxidation
metxbiodb	S-oxidation of organosulfurous compounds	s-oxidation of organosulfurous compounds	1	compositional	compositional_head	100	xrm:1200103	S-oxidation	phase I reaction family	S-oxidation	s-oxidation		head=s-oxidation
metxbiodb	Reduction of nitroimine	reduction of nitroimine	1	compositional	compositional_head	100	xrm:0000014	reduction	chemical transformation	reduction	reduction		head=reduction
metxbiodb	Reduction of aldehyde to alcohol	reduction of aldehyde to alcohol	1	compositional	compositional_head	100	xrm:0000014	reduction	chemical transformation	reduction	reduction		head=reduction
metxbiodb	HYDROXYLATION_OF_ALIPHATIC_SECONDARY_CARBON	hydroxylation of aliphatic secondary carbon	1	compositional	compositional_head	100	xrm:0000100	hydroxylation	chemical transformation	hydroxylation	hydroxylation		head=hydroxylation
metxbiodb	ALIPHATIC_HYDROXYLATION_OF_CARBON_ADJACENT_TO_OXYGEN	aliphatic hydroxylation of carbon adjacent to oxygen	1	compositional	compositional_head	100	xrm:0000102	aliphatic hydroxylation	chemical transformation	aliphatic hydroxylation	aliphatic hydroxylation		head=aliphatic hydroxylation
metxbiodb	ESTERIFICATION	esterification	1	exact_pref	exact	100	xrm:0000630	esterification	chemical transformation	esterification			
metxbiodb	REDUCTION_OF_KETONES_TO_ALCOHOL	reduction of ketones to alcohol	1	compositional	compositional_head	100	xrm:0000014	reduction	chemical transformation	reduction	reduction		head=reduction
metxbiodb	N_HYDROXYLATION_OF_ALICYCLIC_TERTIARY_AMINE	n-hydroxylation of alicyclic tertiary amine	1	compositional	compositional_head	100	xrm:0000122	hydroxylamine formation	chemical transformation	N-hydroxylation	n-hydroxylation		head=n-hydroxylation
metxbiodb	Dehydroxylation	dehydroxylation	1	exact_pref	exact	100	xrm:0000650	dehydroxylation	chemical transformation	dehydroxylation			
metxbiodb	Glycination of aromatic acid	glycination of aromatic acid	1	compositional	compositional_head_unmatched						glycination	aromatic amine n-oxidation:67:xrm:0000125 || amino acid conjugation:64:xrm:0001050 || aromatic o-dealkylation:63:xrm:0000212 || aromatic epoxidation:62:xrm:1200100 || ortho aromatic carbon:61:xrm:1600133	head=glycination (head not in ontology index)
metxbiodb	Bile acid C24 acyl glucuronidation	bile acid c24 acyl glucuronidation	1	unmatched	none	74.1						acyl glucuronidation:74:xrm:0001004 || acyl glucuronidation class:73:xrm:1300102 || alcoholic glucuronidation:71:xrm:0001003 || c glucuronidation class:70:xrm:1300121 || aliphatic o-glucuronidation:69:xrm:0001003	best below mid threshold
metxbiodb	6-OH glucuronidation of sterol	6-oh glucuronidation of sterol	1	compositional	compositional_head	100	xrm:0001001	O-glucuronidation	metabolism phase	O-glucuronidation	o-glucuronidation		head=o-glucuronidation
metxbiodb	O-acetylation	o-acetylation	1	exact_pref	exact	100	xrm:0001022	O-acetylation	metabolism phase	O-acetylation			
metxbiodb	GSH-conjugation of benzene substituted with an electron donating group	gsh-conjugation of benzene substituted with an electron donating group	1	compositional	compositional_head_unmatched						gsh-conjugation	aromatic and conjugated-system impact:45:xrm:8000000 || aromatic ring substitution impact:45:xrm:8000003 || nucleophilic aromatic substitution:44:xrm:0004015 || benzoyl glycine conjugation:43:xrm:0001051 || gsh nucleophilic aromatic/aliphatic substitution:42:xrm:0001033	head=gsh-conjugation (head not in ontology index)
metxbiodb	O-sulfation	o-sulfation	1	alias	alias_table		xrm:0001011	O-sulfation	metabolism phase	O-sulfation			casing
metxbiodb	3-OH-glucuronidation of a phenolic compound	3-oh-glucuronidation of a phenolic compound	1	compositional	compositional_head_unmatched						3-oh-glucuronidation	phenolic glucuronidation:72:xrm:0001002 || phenolic or alcoholic o-glucuronidation:71:xrm:1300100 || c-glucuronidation class:58:xrm:1300121 || n-carbamoyl glucuronidation:57:xrm:0001009 || o-glucuronidation:57:xrm:0001001	head=3-oh-glucuronidation (head not in ontology index)
metxbiodb	GSH-conjugation of epoxide	gsh-conjugation of epoxide	1	compositional	compositional_head_unmatched						gsh-conjugation	epoxide glutathionation:69:xrm:0001032 || deconjugation:67:xrm:0000732 || epoxide hydration:65:xrm:0000400 || coa conjugation:63:xrm:0001061 || sulfo-conjugation:60:xrm:0001010	head=gsh-conjugation (head not in ontology index)
metxbiodb	Taurine conjugation of aliphatic acid	taurine conjugation of aliphatic acid	1	compositional	compositional_head	100	xrm:0001053	taurine conjugation	metabolism phase	taurine conjugation	taurine conjugation		head=taurine conjugation
metxbiodb	O-sulfonation oxidation	o-sulfonation oxidation	1	unmatched	none	73.9						oxidative desulfuration:74:xrm:0000690 || sulfoxidation:72:xrm:0000131 || nitrogen oxidation:68:xrm:0000120 || oxidative dechlorination:68:xrm:0000215 || oxidative defluorination:68:xrm:0000214	best below mid threshold
metxbiodb	N-hydroxy glucuronidation	n-hydroxy glucuronidation	1	fuzzy_mid	fuzzy_token_sort	80.8	xrm:0001009	carbamoyl glucuronidation	metabolism phase	N-carbamoyl glucuronidation		n-carbamoyl glucuronidation:81:xrm:0001009 || glucuronidation:75:xrm:0001000 || phenolic glucuronidation:73:xrm:0001002 || glucuronide hydrolysis:72:xrm:0000700 || quaternary n-glucuronidation:72:xrm:0001006	margin=5.8; needs review
metxbiodb	7-O-glucuronidation of isoflavone	7-o-glucuronidation of isoflavone	1	compositional	compositional_head_unmatched						7-o-glucuronidation	o-glucuronidation:68:xrm:0001001 || c-glucuronidation class:68:xrm:1300121 || o-deglucuronidation:65:xrm:0000700 || c-glucuronidation:64:xrm:0001008 || n-glucuronidation:64:xrm:0001005	head=7-o-glucuronidation (head not in ontology index)
metxbiodb	Aromatic O-glucuronidation	aromatic o-glucuronidation	1	fuzzy_mid	fuzzy_token_sort	86.8	xrm:0001003	alcoholic glucuronidation	metabolism phase	aliphatic O-glucuronidation		aliphatic o-glucuronidation:87:xrm:0001003 || c-glucuronidation:79:xrm:0001008 || o-glucuronidation:79:xrm:0001001 || alcoholic glucuronidation:78:xrm:0001003 || acyl glucuronidation:78:xrm:0001004	margin=7.7; needs review
metxbiodb	3-OH-sulfation of sterol	3-oh-sulfation of sterol	1	compositional	compositional_head_unmatched						3-oh-sulfation	o-sulfation:63:xrm:0001011 || o-desulfation:59:xrm:0000701 || n-sulfation:57:xrm:0001014 || oxidative desulfuration:55:xrm:0000690 || sulfation:55:xrm:0001010	head=3-oh-sulfation (head not in ontology index)
metxbiodb	GSH-conjugation of apha,beta-unsaturated carbonyl	gsh-conjugation of apha beta-unsaturated carbonyl	1	compositional	compositional_head_unmatched						gsh-conjugation	alpha hydroxylation of carbonyl:60:xrm:0000721 || hydration of carbonyl:51:xrm:0004013 || benzoyl glycine conjugation:50:xrm:0001051 || amino acid conjugation:48:xrm:0001050 || radical recombination metabolite:47:xrm:0004016	head=gsh-conjugation (head not in ontology index)
metxbiodb	Dehydration of isoflavanone	dehydration of isoflavanone	1	compositional	compositional_head	100	xrm:0000550	dehydration	chemical transformation	dehydration	dehydration		head=dehydration
metxbiodb	Isoflavan-4-ol dehydroxylation	isoflavan-4-ol dehydroxylation	1	unmatched	none	66.7						dehydroxylation:67:xrm:0000650 || omega-1 hydroxylation:67:xrm:0000109 || n-dehydroxylation:64:xrm:0000650 || toluene side-chain hydroxylation:61:xrm:0000106 || hydroxylation:60:xrm:0000100	best below mid threshold
metxbiodb	Rhamnohydrolysis of alpha-L-rhamnoside	rhamnohydrolysis of alpha-l-rhamnoside	1	compositional	compositional_head_unmatched						rhamnohydrolysis	amide hydrolysis:59:xrm:0000402 || glycoside hydrolysis:59:xrm:0000702 || cyanide hydrolysis class:58:xrm:1200212 || cyanide hydrolysis:57:xrm:0000409 || epoxide hydrolysis:57:xrm:0000400	head=rhamnohydrolysis (head not in ontology index)
metxbiodb	Flavonoid C-ring reduction	flavonoid c-ring reduction	1	unmatched	none	65.1						n-oxide reduction:65:xrm:0000515 || quinone reduction:65:xrm:0000523 || carbonyl reduction class:64:xrm:1200109 || nitro reduction class:64:xrm:1200110 || carbonyl reduction:64:xrm:0000524	best below mid threshold
metxbiodb	3'-Deydroxylation of substitued benzene	3 -dehydroxylation of substitued benzene	1	compositional	compositional_head_unmatched						3 -dehydroxylation	penultimate carbon hydroxylation:58:xrm:0000109 || double- to triple-bond dehydrogenation:56:xrm:0000317 || n-dehydroxylation:56:xrm:0000650 || toluene side-chain hydroxylation:56:xrm:0000106 || monooxygenation hydroxylation:55:xrm:0000100	head=3 -dehydroxylation (head not in ontology index)
metxbiodb	Alpha-oxidation of carboxylic acid	alpha-oxidation of carboxylic acid	1	compositional	compositional_head_unmatched						alpha-oxidation	aldehyde to carboxylic acid:72:xrm:0000313 || carboxylic acid from alcohol:71:xrm:1500228 || carboxylic acid:61:xrm:1600120 || primary amine n-oxidation:58:xrm:0000124 || carboxylic acid metabolite:57:xrm:1500121	head=alpha-oxidation (head not in ontology index)
metxbiodb	Reduction of isoflavone to isoflavanone	reduction of isoflavone to isoflavanone	1	compositional	compositional_head	100	xrm:0000014	reduction	chemical transformation	reduction	reduction		head=reduction
metxbiodb	Isoflavanone C-ring fission	isoflavanone c-ring fission	1	unmatched	none	52.0						quinone imine formation:52:xrm:0000303 || carbinolamine cleavage:49:xrm:0004006 || phosphorylation conjugation:48:xrm:1300114 || glutathione conjugation:48:xrm:0001030 || quinone formation class:48:xrm:1200207	best below mid threshold
