review_priority	source	term	count	confidence	match_method	score	xrm_id	preferred_label	spine	matched_label	compositional_head	candidates	notes	decision	adj_xrm_id	adj_preferred_label	adj_note
required	metxbiodb	Aromatic -OH glucuronidation	99	compositional	compositional_head	100	xmet:4000149	O-glucuronidation	metabolism phase	O-glucuronidation	o-glucuronidation		head=o-glucuronidation				
required	metxbiodb	Aromatic hydroxylation of fused benzene ring	68	compositional	compositional_head	100	xmet:4000013	aromatic hydroxylation	chemical transformation	aromatic hydroxylation	aromatic hydroxylation		head=aromatic hydroxylation				
required	metxbiodb	Hydroxylation of alicyclic secondary carbon	46	compositional	compositional_head	100	xmet:4000012	hydroxylation	chemical transformation	hydroxylation	hydroxylation		head=hydroxylation				
required	metxbiodb	N-dealkylation of alicyclic tertiary amine	34	compositional	compositional_head	100	xmet:4000043	N-dealkylation	chemical transformation	N-dealkylation	n-dealkylation		head=n-dealkylation				
required	metxbiodb	N-dealkylation of acyclic tertiary amine	26	compositional	compositional_head	100	xmet:4000043	N-dealkylation	chemical transformation	N-dealkylation	n-dealkylation		head=n-dealkylation				
required	metxbiodb	Aliphatic hydroxylation of methyl carbon adjacent to aromatic ring	25	compositional	compositional_head	100	xmet:4000014	aliphatic hydroxylation	chemical transformation	aliphatic hydroxylation	aliphatic hydroxylation		head=aliphatic hydroxylation				
required	metxbiodb	N-dealkylation of acyclic secondary amine	25	compositional	compositional_head	100	xmet:4000043	N-dealkylation	chemical transformation	N-dealkylation	n-dealkylation		head=n-dealkylation				
required	metxbiodb	p-Hydroxylation of monosubstituted benzene	24	compositional	compositional_head	100	xmet:4000015	para-hydroxylation	chemical transformation	para-hydroxylation	para-hydroxylation		head=para-hydroxylation				
required	metxbiodb	Hydroxylation of terminal methyl	21	compositional	compositional_head	100	xmet:4000012	hydroxylation	chemical transformation	hydroxylation	hydroxylation		head=hydroxylation				
required	metxbiodb	Alkyl-OH glucuronidation	19	compositional	compositional_head	100	xmet:4000149	O-glucuronidation	metabolism phase	O-glucuronidation	o-glucuronidation		head=o-glucuronidation				
required	metxbiodb	O-aryl dealkylation not adjacent to substituted carbon	19	compositional	compositional_head_unmatched						o-aryl dealkylation	carbon-carbon dealkylation:52:xmet:4000046 || penultimate carbon hydroxylation:51:xmet:4000021 || oxidative n-dealkylation:49:xmet:4000043 || oxidative o-dealkylation:49:xmet:4000044 || aromatic ring substitution impact:48:xmet:8000003	head=o-aryl dealkylation (head not in ontology index)				
required	metxbiodb	O-glucuronidation of aliphatic acid	17	compositional	compositional_head	100	xmet:4000149	O-glucuronidation	metabolism phase	O-glucuronidation	o-glucuronidation		head=o-glucuronidation				
required	metxbiodb	Alpha hydroxylation of carbonyl group	14	fuzzy_mid	fuzzy_token_sort	91.2	xmet:4000144	alpha-hydroxylation	chemical transformation	alpha hydroxylation of carbonyl	alpha hydroxylation	alpha hydroxylation of carbonyl:91:xmet:4000144 || hydration of carbonyl:72:xmet:4000205 || aliphatic hydroxylation:67:xmet:4000014 || aliphatic hydroxylation class:67:xmet:4000014 || -carbon hydroxylation cleavage:66:xmet:4000042	margin=18.8; needs review				
required	metxbiodb	Hydroxylation of aromatic carbon ortho to halide group	14	compositional	compositional_head	100	xmet:4000012	hydroxylation	chemical transformation	hydroxylation	hydroxylation		head=hydroxylation				
required	metxbiodb	N-hydroxylation of primary arylamine	14	compositional	compositional_head	100	xmet:4000028	hydroxylamine formation	chemical transformation	N-hydroxylation	n-hydroxylation		head=n-hydroxylation				
required	metxbiodb	EPOXIDATION_OF_12_DISUBSTITUTED_ALKLENE	12	compositional	compositional_head	100	xmet:4000022	epoxidation	chemical transformation	epoxidation	epoxidation		head=epoxidation				
required	metxbiodb	N-acetylation of arylamine	12	compositional	compositional_head	100	xmet:4000164	N-acetylation	metabolism phase	N-acetylation	n-acetylation		head=n-acetylation				
required	metxbiodb	Hydroxylation of benzene on carbon para to a strongly electron donating group	11	compositional	compositional_head	100	xmet:4000012	hydroxylation	chemical transformation	hydroxylation	hydroxylation		head=hydroxylation				
required	metxbiodb	N-glucuronidation of tertiary aliphatic amine	11	compositional	compositional_head	100	xmet:4000153	N-glucuronidation	metabolism phase	N-glucuronidation	n-glucuronidation		head=n-glucuronidation				
required	metxbiodb	HYDROXYLATION_OF_AROMATIC_CARBON	10	compositional	compositional_head	100	xmet:4000012	hydroxylation	chemical transformation	hydroxylation	hydroxylation		head=hydroxylation				
required	metxbiodb	Hydroxylation of heteroalicyclic secondary carbon	10	compositional	compositional_head	100	xmet:4000012	hydroxylation	chemical transformation	hydroxylation	hydroxylation		head=hydroxylation				
required	metxbiodb	N-Dementhylation	10	fuzzy_mid	fuzzy_token_sort	96.8	xmet:4000349	N-demethylation	chemical transformation	N-demethylation		n-demethylation:97:xmet:4000349 || n-deethylation:93:xmet:4000047 || o-demethylation:90:xmet:4000050 || s-demethylation:90:xmet:4000058 || demethylation:90:xmet:4000349	margin=3.4; needs review				
required	metxbiodb	O-aryl dealkylation adjacent to substituted carbon	10	compositional	compositional_head_unmatched						o-aryl dealkylation	carbon-carbon dealkylation:55:xmet:4000046 || oxidative n-dealkylation:51:xmet:4000043 || oxidative o-dealkylation:51:xmet:4000044 || penultimate carbon hydroxylation:51:xmet:4000021 || oxidative dealkylation:50:xmet:4000042	head=o-aryl dealkylation (head not in ontology index)				
required	metxbiodb	HYDROXYLATION_OF_HETEROAROMATIC_CARBON	9	compositional	compositional_head	100	xmet:4000012	hydroxylation	chemical transformation	hydroxylation	hydroxylation		head=hydroxylation				
required	metxbiodb	N-dealkylation of mixed tertiary amine	9	compositional	compositional_head	100	xmet:4000043	N-dealkylation	chemical transformation	N-dealkylation	n-dealkylation		head=n-dealkylation				
required	metxbiodb	N_DEALKYLATION_OF_ALIPHATIC_TERTIARY_AMINES_PATTERN1; N_DEALKYLATION_OF_ACYCLIC_TERTIARY_AMINES	9	compositional	compositional_head	100	xmet:4000043	N-dealkylation	chemical transformation	N-dealkylation	n-dealkylation		head=n-dealkylation				
required	metxbiodb	O-dealkylation of dialkylether	9	compositional	compositional_head	100	xmet:4000044	O-dealkylation	chemical transformation	O-dealkylation	o-dealkylation		head=o-dealkylation				
required	metxbiodb	Hydroxylation of acyclic aliphatic secondary carbon	8	compositional	compositional_head	100	xmet:4000012	hydroxylation	chemical transformation	hydroxylation	hydroxylation		head=hydroxylation				
required	metxbiodb	N-dealkylation of tertiary carboxamide	8	compositional	compositional_head	100	xmet:4000043	N-dealkylation	chemical transformation	N-dealkylation	n-dealkylation		head=n-dealkylation				
required	metxbiodb	Sulfation of primary alcohol	8	compositional	compositional_head	100	xmet:4000158	sulfation	metabolism phase	sulfation	sulfation		head=sulfation				
required	metxbiodb	4-OH sulfonation of phenolic compound	7	compositional	compositional_head_unmatched						4-oh sulfonation	phenolic sulfation:65:xmet:4000160 || alcoholic sulfation:61:xmet:4000161 || alcoholic glucuronidation:52:xmet:4000151 || sulfonic acid metabolite:49:xmet:1500209 || o-desulfation:48:xmet:4000138	head=4-oh sulfonation (head not in ontology index)				
required	metxbiodb	Aliphatic hydroxylation of acyclic 1,2-disubstituted alkene	7	compositional	compositional_head	100	xmet:4000014	aliphatic hydroxylation	chemical transformation	aliphatic hydroxylation	aliphatic hydroxylation		head=aliphatic hydroxylation				
required	metxbiodb	GSH-conjugation of organohalide	7	compositional	compositional_head_unmatched						gsh-conjugation	formyl conjugation:65:xmet:4000131 || glycine conjugation:64:xmet:4000180 || glucuronide conjugation:63:xmet:4000148 || glutathione conjugation:63:xmet:4000167 || conjugation phase:62:xmet:4000002	head=gsh-conjugation (head not in ontology index)				
required	metxbiodb	Glucuronidation of primary aromatic amine	7	compositional	compositional_head	100	xmet:4000148	glucuronidation	metabolism phase	glucuronidation	glucuronidation		head=glucuronidation				
required	metxbiodb	Hydroxylation of carbon gamma to conjugated carbonyl	7	compositional	compositional_head	100	xmet:4000012	hydroxylation	chemical transformation	hydroxylation	hydroxylation		head=hydroxylation				
required	metxbiodb	Hydroxylation of penultimate aliphatic secondary carbon	7	compositional	compositional_head	100	xmet:4000012	hydroxylation	chemical transformation	hydroxylation	hydroxylation		head=hydroxylation				
required	metxbiodb	Hydroxylation of penultimate aliphatic tertiary carbon	7	compositional	compositional_head	100	xmet:4000012	hydroxylation	chemical transformation	hydroxylation	hydroxylation		head=hydroxylation				
required	metxbiodb	O-glucuronidation of aromatic acid	7	compositional	compositional_head	100	xmet:4000149	O-glucuronidation	metabolism phase	O-glucuronidation	o-glucuronidation		head=o-glucuronidation				
required	metxbiodb	S-oxidation of sulfoxide to sulfone	7	compositional	compositional_head	100	xmet:4000032	S-oxidation	phase I reaction family	S-oxidation	s-oxidation		head=s-oxidation				
required	metxbiodb	Dearylation of organphosphosulfur compound	6	compositional	compositional_head	100	xmet:4000143	dearylation	chemical transformation	dearylation	dearylation		head=dearylation				
required	metxbiodb	N-deisopropylation	6	fuzzy_mid	fuzzy_token_sort	90.9	xmet:4000048	N-depropylation	chemical transformation	N-depropylation		n-depropylation:91:xmet:4000048 || n-deformylation:79:xmet:4000132 || n-dearylation:77:xmet:4000143 || n-decarboxylation:74:xmet:4000121 || n-dehydroxylation:74:xmet:4000128	margin=12.1; needs review				
required	metxbiodb	N-desmethylation	6	fuzzy_mid	fuzzy_token_sort	96.8	xmet:4000349	N-demethylation	chemical transformation	N-demethylation		n-demethylation:97:xmet:4000349 || n-deethylation:93:xmet:4000047 || o-demethylation:90:xmet:4000050 || s-demethylation:90:xmet:4000058 || demethylation:90:xmet:4000349	margin=3.4; needs review				
required	metxbiodb	N-glucuronidation of azole	6	compositional	compositional_head	100	xmet:4000153	N-glucuronidation	metabolism phase	N-glucuronidation	n-glucuronidation		head=n-glucuronidation				
required	metxbiodb	N-oxidation of alicyclic tertiary amine	6	compositional	compositional_head	100	xmet:4000026	N-oxidation	phase I reaction family	N-oxidation	n-oxidation		head=n-oxidation				
required	metxbiodb	O-acetylation of N-hydroxylarylamine	6	compositional	compositional_head	100	xmet:4000165	O-acetylation	metabolism phase	O-acetylation	o-acetylation		head=o-acetylation				
required	metxbiodb	O-dementhylation	6	fuzzy_mid	fuzzy_token_sort	96.8	xmet:4000050	O-demethylation	chemical transformation	O-demethylation		o-demethylation:97:xmet:4000050 || o-deethylation:93:xmet:4000052 || n-demethylation:90:xmet:4000349 || s-demethylation:90:xmet:4000058 || demethylation:90:xmet:4000349	margin=3.4; needs review				
required	metxbiodb	Hydroxlation of methyl carbon adjacent to an aliphatic ring	5	compositional	compositional_head	100	xmet:4000012	hydroxylation	chemical transformation	hydroxylation	hydroxylation		head=hydroxylation				
required	metxbiodb	Hydroxylation of aromatic carbon meta to halide group	5	compositional	compositional_head	100	xmet:4000012	hydroxylation	chemical transformation	hydroxylation	hydroxylation		head=hydroxylation				
required	metxbiodb	Hydroxylation of benzene on carbon orhto to a strongly electron donating group	5	compositional	compositional_head	100	xmet:4000012	hydroxylation	chemical transformation	hydroxylation	hydroxylation		head=hydroxylation				
required	metxbiodb	N-dechloroethylation	5	fuzzy_mid	fuzzy_token_sort	82.4	xmet:4000047	N-deethylation	chemical transformation	N-deethylation		n-deethylation:82:xmet:4000047 || n-demethylation:80:xmet:4000349 || o-deethylation:76:xmet:4000052 || n-decarboxylation:76:xmet:4000121 || n-dehydroxylation:76:xmet:4000128	margin=2.4; needs review				
required	metxbiodb	N-dementhylation	5	fuzzy_mid	fuzzy_token_sort	96.8	xmet:4000349	N-demethylation	chemical transformation	N-demethylation		n-demethylation:97:xmet:4000349 || n-deethylation:93:xmet:4000047 || o-demethylation:90:xmet:4000050 || s-demethylation:90:xmet:4000058 || demethylation:90:xmet:4000349	margin=3.4; needs review				
required	metxbiodb	O-Dementhylation	5	fuzzy_mid	fuzzy_token_sort	96.8	xmet:4000050	O-demethylation	chemical transformation	O-demethylation		o-demethylation:97:xmet:4000050 || o-deethylation:93:xmet:4000052 || n-demethylation:90:xmet:4000349 || s-demethylation:90:xmet:4000058 || demethylation:90:xmet:4000349	margin=3.4; needs review				
required	metxbiodb	S-oxidation of dialkylthioether to sulfoxide	5	compositional	compositional_head	100	xmet:4000032	S-oxidation	phase I reaction family	S-oxidation	s-oxidation		head=s-oxidation				
required	metxbiodb	S-oxidation of diarylthioether to sulfoxide	5	compositional	compositional_head	100	xmet:4000032	S-oxidation	phase I reaction family	S-oxidation	s-oxidation		head=s-oxidation				
required	metxbiodb	3-Hydroxylation of 5-aryl-1,4-benzodiazepine	4	compositional	compositional_head_unmatched						3-hydroxylation	omega-1 hydroxylation:58:xmet:4000021 || monooxygenation hydroxylation:55:xmet:4000012 || terminal methyl hydroxylation:55:xmet:4000020 || secondary carbon hydroxylation:54:xmet:4000039 || primary carbon hydroxylation:53:xmet:4000038	head=3-hydroxylation (head not in ontology index)				
required	metxbiodb	3-OH sulfonation of phenolic compound	4	compositional	compositional_head_unmatched						3-oh sulfonation	phenolic sulfation:65:xmet:4000160 || alcoholic sulfation:61:xmet:4000161 || alcoholic glucuronidation:52:xmet:4000151 || sulfonic acid metabolite:49:xmet:1500209 || o-desulfation:48:xmet:4000138	head=3-oh sulfonation (head not in ontology index)				
required	metxbiodb	ALKENE_EPXODATION	4	fuzzy_mid	fuzzy_token_sort	91.4	xmet:4000023	alkene epoxidation	chemical transformation	alkene epoxidation		alkene epoxidation:91:xmet:4000023 || arene epoxidation:82:xmet:4000287 || alkene formation:79:xmet:4000073 || alkene hydrogenation:70:xmet:4000091 || aldehyde oxidation:69:xmet:4000072	margin=9.1; needs review				
required	metxbiodb	Dehydrogenation of 4-aryl substituted 1,4-dihydropyridine	4	compositional	compositional_head	100	xmet:4000006	dehydrogenation	chemical transformation	dehydrogenation	dehydrogenation		head=dehydrogenation				
required	metxbiodb	Dehydroxylation of catechol	4	compositional	compositional_head	100	xmet:4000128	dehydroxylation	chemical transformation	dehydroxylation	dehydroxylation		head=dehydroxylation				
required	metxbiodb	Hydroxylation of alkyl methine	4	compositional	compositional_head	100	xmet:4000012	hydroxylation	chemical transformation	hydroxylation	hydroxylation		head=hydroxylation				
required	metxbiodb	Hydroxylation of benzene on carbon ortho to an electron donating group	4	compositional	compositional_head	100	xmet:4000012	hydroxylation	chemical transformation	hydroxylation	hydroxylation		head=hydroxylation				
required	metxbiodb	Hydroxylation of benzene on carbon para to an electron donating group	4	compositional	compositional_head	100	xmet:4000012	hydroxylation	chemical transformation	hydroxylation	hydroxylation		head=hydroxylation				
required	metxbiodb	N-dealkylation of N-acylurea	4	compositional	compositional_head	100	xmet:4000043	N-dealkylation	chemical transformation	N-dealkylation	n-dealkylation		head=n-dealkylation				
required	metxbiodb	N-dealkylation of secondary arylalkylamine	4	compositional	compositional_head	100	xmet:4000043	N-dealkylation	chemical transformation	N-dealkylation	n-dealkylation		head=n-dealkylation				
required	metxbiodb	O-desmethylation	4	fuzzy_mid	fuzzy_token_sort	96.8	xmet:4000050	O-demethylation	chemical transformation	O-demethylation		o-demethylation:97:xmet:4000050 || o-deethylation:93:xmet:4000052 || n-demethylation:90:xmet:4000349 || s-demethylation:90:xmet:4000058 || demethylation:90:xmet:4000349	margin=3.4; needs review				
required	metxbiodb	Oxidation of halotrifluoroethane	4	compositional	compositional_head	100	xmet:4000009	oxidation	chemical transformation	oxidation	oxidation		head=oxidation				
required	metxbiodb	m-Hydroxylation of monosubstituted benzene	4	compositional	compositional_head	100	xmet:4000017	meta-hydroxylation	chemical transformation	meta-hydroxylation	meta-hydroxylation		head=meta-hydroxylation				
required	metxbiodb	17-OH glucuronidation of sterol	3	compositional	compositional_head	100	xmet:4000149	O-glucuronidation	metabolism phase	O-glucuronidation	o-glucuronidation		head=o-glucuronidation				
required	metxbiodb	Desulfuration of organophosphothioates	3	compositional	compositional_head	100	xmet:4000135	desulfuration	chemical transformation	desulfuration	desulfuration		head=desulfuration				
required	metxbiodb	Desulfurization of thioamide into amide	3	compositional	compositional_head	100	xmet:4000135	desulfuration	chemical transformation	desulfurization	desulfurization		head=desulfurization				
required	metxbiodb	HYDROLYSIS_OF_CARBOXYLIC_ESTER	3	compositional	compositional_head	100	xmet:4000007	hydrolysis	chemical transformation	hydrolysis	hydrolysis		head=hydrolysis				
required	metxbiodb	Hydroxylation of non-terminal aliphatic carbon adjacent to aromatic ring	3	compositional	compositional_head	100	xmet:4000012	hydroxylation	chemical transformation	hydroxylation	hydroxylation		head=hydroxylation				
required	metxbiodb	N-dealkoxylation of N-aryl-N-chloroacetamide	3	compositional	compositional_head_unmatched						n-dealkoxylation	aromatic o-dealkylation:60:xmet:4000053 || aliphatic o-dealkylation:59:xmet:4000054 || carbon-carbon dealkylation:57:xmet:4000046 || n-dealkylation class:56:xmet:4000043 || -carbon hydroxylation cleavage:54:xmet:4000042	head=n-dealkoxylation (head not in ontology index)				
required	metxbiodb	N-dealkylation of secondary carboxamide	3	compositional	compositional_head	100	xmet:4000043	N-dealkylation	chemical transformation	N-dealkylation	n-dealkylation		head=n-dealkylation				
required	metxbiodb	N-demethoxymethylation	3	fuzzy_mid	fuzzy_token_sort	81.1	xmet:4000349	N-demethylation	chemical transformation	N-demethylation		n-demethylation:81:xmet:4000349 || n-deethylation:78:xmet:4000047 || o-demethylation:76:xmet:4000050 || s-demethylation:76:xmet:4000058 || demethylation:74:xmet:4000349	margin=3.3; needs review				
required	metxbiodb	N-oxdation of aliphatic tertiary amine	3	compositional	compositional_head	100	xmet:4000026	N-oxidation	phase I reaction family	N-oxidation	n-oxidation		head=n-oxidation				
required	metxbiodb	N_DEALKYLATION_OF_ALIPHATIC_TERTIARY_AMINES_PATTERN1	3	compositional	compositional_head	100	xmet:4000043	N-dealkylation	chemical transformation	N-dealkylation	n-dealkylation		head=n-dealkylation				
required	metxbiodb	O-Desmethylation	3	fuzzy_mid	fuzzy_token_sort	96.8	xmet:4000050	O-demethylation	chemical transformation	O-demethylation		o-demethylation:97:xmet:4000050 || o-deethylation:93:xmet:4000052 || n-demethylation:90:xmet:4000349 || s-demethylation:90:xmet:4000058 || demethylation:90:xmet:4000349	margin=3.4; needs review				
required	metxbiodb	REDUCTION_OF_NITRO_TO_AMINE	3	compositional	compositional_head	100	xmet:4000008	reduction	chemical transformation	reduction	reduction		head=reduction				
required	metxbiodb	Reduction of halotrifluoroethane	3	compositional	compositional_head	100	xmet:4000008	reduction	chemical transformation	reduction	reduction		head=reduction				
required	metxbiodb	Sulfation of secondary alcohol	3	compositional	compositional_head	100	xmet:4000158	sulfation	metabolism phase	sulfation	sulfation		head=sulfation				
required	metxbiodb	o-Hydroxylation of phenol	3	compositional	compositional_head	100	xmet:4000016	ortho-hydroxylation	chemical transformation	ortho-hydroxylation	ortho-hydroxylation		head=ortho-hydroxylation				
required	metxbiodb	p-Hydroxylation of phenol	3	compositional	compositional_head	100	xmet:4000015	para-hydroxylation	chemical transformation	para-hydroxylation	para-hydroxylation		head=para-hydroxylation				
required	metxbiodb	2-Hydroxylation of 1,4-disubstituted benzene	2	compositional	compositional_head_unmatched						2-hydroxylation	toluene side-chain hydroxylation:58:xmet:4000018 || penultimate carbon hydroxylation:53:xmet:4000021 || single- to double-bond dehydrogenation:51:xmet:4000075 || -1 hydroxylation:50:xmet:4000021 || monooxygenation hydroxylation:49:xmet:4000012	head=2-hydroxylation (head not in ontology index)				
required	metxbiodb	3-OH glucuronidation of sterol	2	compositional	compositional_head	100	xmet:4000149	O-glucuronidation	metabolism phase	O-glucuronidation	o-glucuronidation		head=o-glucuronidation				
required	metxbiodb	4'-Deydroxylation of substitued benzene	2	compositional	compositional_head_unmatched						4 -dehydroxylation	penultimate carbon hydroxylation:58:xmet:4000021 || double- to triple-bond dehydrogenation:56:xmet:4000076 || n-dehydroxylation:56:xmet:4000128 || toluene side-chain hydroxylation:56:xmet:4000018 || monooxygenation hydroxylation:55:xmet:4000012	head=4 -dehydroxylation (head not in ontology index)				
required	metxbiodb	4-alkyl hydroxylation of oxoazaphosphorine	2	compositional	compositional_head_unmatched						4-alkyl hydroxylation	alkyl hydroxylation:62:xmet:4000014 || alpha hydroxylation of carbonyl:58:xmet:4000144 || allylic hydroxylation:57:xmet:4000019 || aryl hydroxylation:57:xmet:4000013 || monooxygenation hydroxylation:56:xmet:4000012	head=4-alkyl hydroxylation (head not in ontology index)				
required	metxbiodb	7-Hydroxylation of coumarin	2	compositional	compositional_head_unmatched						7-hydroxylation	omega-1 hydroxylation:71:xmet:4000021 || -hydroxylation:68:xmet:4000020 || toluene side-chain hydroxylation:68:xmet:4000018 || c-hydroxylation:67:xmet:4000012 || n-hydroxylation:67:xmet:4000028	head=7-hydroxylation (head not in ontology index)				
required	metxbiodb	Desulfuration of organophosphorodithioate	2	compositional	compositional_head	100	xmet:4000135	desulfuration	chemical transformation	desulfuration	desulfuration		head=desulfuration				
required	metxbiodb	Epoxidation of thiophene	2	compositional	compositional_head	100	xmet:4000022	epoxidation	chemical transformation	epoxidation	epoxidation		head=epoxidation				
required	metxbiodb	HYDROXYLATION_OF_AROMATIC_CARBON; HYDROXYLATION_OF_BENZENE_PARA_TO_EDG	2	compositional	compositional_head	100	xmet:4000012	hydroxylation	chemical transformation	hydroxylation	hydroxylation		head=hydroxylation				
required	metxbiodb	Hydroxylation of  carbon next to amide	2	compositional	compositional_head	100	xmet:4000012	hydroxylation	chemical transformation	hydroxylation	hydroxylation		head=hydroxylation				
required	metxbiodb	Hydroxylation of carbon alpha to conjugated carbonyl	2	compositional	compositional_head	100	xmet:4000012	hydroxylation	chemical transformation	hydroxylation	hydroxylation		head=hydroxylation				
required	metxbiodb	Keto hydrolysis	2	fuzzy_mid	fuzzy_token_sort	80.0	xmet:4000007	hydrolysis	chemical transformation	hydrolysis		hydrolysis:80:xmet:4000007 || urea hydrolysis:80:xmet:4000083 || lactone hydrolysis:79:xmet:4000080 || lactam hydrolysis:75:xmet:4000081 || nitrile hydrolysis:73:xmet:4000088	margin=0.0; needs review				
required	metxbiodb	Lysis of choline to trimethylamine	2	compositional	compositional_head_unmatched						lysis	o-methylation class:57:xmet:4000176 || catechol o-methylation:54:xmet:4000176 || n-methylation class:53:xmet:4000177 || s-methylation class:53:xmet:4000178 || less active metabolite:50:xmet:2300018	head=lysis (head not in ontology index)				
required	metxbiodb	N-acetylation of Hydrazine derivative	2	compositional	compositional_head	100	xmet:4000164	N-acetylation	metabolism phase	N-acetylation	n-acetylation		head=n-acetylation				
required	metxbiodb	N-dealkylation of urea	2	compositional	compositional_head	100	xmet:4000043	N-dealkylation	chemical transformation	N-dealkylation	n-dealkylation		head=n-dealkylation				
required	metxbiodb	N-demethylations	2	fuzzy_mid	fuzzy_token_sort	96.8	xmet:4000349	N-demethylation	chemical transformation	N-demethylation		n-demethylation:97:xmet:4000349 || n-deethylation:93:xmet:4000047 || o-demethylation:90:xmet:4000050 || s-demethylation:90:xmet:4000058 || demethylation:90:xmet:4000349	margin=3.4; needs review				
required	metxbiodb	N-desethylation	2	fuzzy_mid	fuzzy_token_sort	96.6	xmet:4000047	N-deethylation	chemical transformation	N-deethylation		n-deethylation:97:xmet:4000047 || n-demethylation:93:xmet:4000349 || o-deethylation:90:xmet:4000052 || o-demethylation:87:xmet:4000050 || s-demethylation:87:xmet:4000058	margin=3.2; needs review				
required	metxbiodb	N-hydroxylation of primary or secondary aliphatic amine	2	compositional	compositional_head	100	xmet:4000028	hydroxylamine formation	chemical transformation	N-hydroxylation	n-hydroxylation		head=n-hydroxylation				
required	metxbiodb	N-hydroxylation of secondary arylamide	2	compositional	compositional_head	100	xmet:4000028	hydroxylamine formation	chemical transformation	N-hydroxylation	n-hydroxylation		head=n-hydroxylation				
required	metxbiodb	N-oxidation of pyrimidine	2	compositional	compositional_head	100	xmet:4000026	N-oxidation	phase I reaction family	N-oxidation	n-oxidation		head=n-oxidation				
required	metxbiodb	O-deisopropylation	2	fuzzy_mid	fuzzy_token_sort	84.8	xmet:4000048	N-depropylation	chemical transformation	N-depropylation		n-depropylation:85:xmet:4000048 || o-dearylation:77:xmet:4000143 || n-deformylation:73:xmet:4000132 || deformylation:71:xmet:4000132 || n-dearylation:71:xmet:4000143	margin=7.4; needs review				
required	metxbiodb	OXIDATION_OF_PRIM_ALCOHOL_TO_CARBOXYLIC_ACID	2	compositional	compositional_head	100	xmet:4000009	oxidation	chemical transformation	oxidation	oxidation		head=oxidation				
required	metxbiodb	Oxidation of nitrogen in a strained ring system	2	compositional	compositional_head	100	xmet:4000009	oxidation	chemical transformation	oxidation	oxidation		head=oxidation				
required	metxbiodb	Oxidation of primary alcohol to aldehyde	2	compositional	compositional_head	100	xmet:4000009	oxidation	chemical transformation	oxidation	oxidation		head=oxidation				
required	metxbiodb	Oxidation of secondary alcohol to ketone	2	compositional	compositional_head	100	xmet:4000009	oxidation	chemical transformation	oxidation	oxidation		head=oxidation				
required	metxbiodb	Reduction of alpha,beta unsaturated carbon-carbon double bond adjacent to an electron withdrawing group	2	compositional	compositional_head	100	xmet:4000008	reduction	chemical transformation	reduction	reduction		head=reduction				
required	metxbiodb	Reduction of azobenzene	2	compositional	compositional_head	100	xmet:4000008	reduction	chemical transformation	reduction	reduction		head=reduction				
required	metxbiodb	S-oxidation of alkylarylthioether to sulfoxide	2	compositional	compositional_head	100	xmet:4000032	S-oxidation	phase I reaction family	S-oxidation	s-oxidation		head=s-oxidation				
required	metxbiodb	o-Hydroxylation of monosubstituted benzene	2	compositional	compositional_head	100	xmet:4000016	ortho-hydroxylation	chemical transformation	ortho-hydroxylation	ortho-hydroxylation		head=ortho-hydroxylation				
required	metxbiodb	p-Hydroxylation of anilide	2	compositional	compositional_head	100	xmet:4000015	para-hydroxylation	chemical transformation	para-hydroxylation	para-hydroxylation		head=para-hydroxylation				
required	metxbiodb	3'-Deydroxylation of substitued benzene	1	compositional	compositional_head_unmatched						3 -dehydroxylation	penultimate carbon hydroxylation:58:xmet:4000021 || double- to triple-bond dehydrogenation:56:xmet:4000076 || n-dehydroxylation:56:xmet:4000128 || toluene side-chain hydroxylation:56:xmet:4000018 || monooxygenation hydroxylation:55:xmet:4000012	head=3 -dehydroxylation (head not in ontology index)				
required	metxbiodb	3-OH-glucuronidation of a phenolic compound	1	compositional	compositional_head_unmatched						3-oh-glucuronidation	phenolic glucuronidation:72:xmet:4000150 || phenolic or alcoholic o-glucuronidation:71:xmet:4000149 || c-glucuronidation class:58:xmet:4000156 || n-carbamoyl glucuronidation:57:xmet:4000157 || o-glucuronidation:57:xmet:4000149	head=3-oh-glucuronidation (head not in ontology index)				
required	metxbiodb	3-OH-sulfation of sterol	1	compositional	compositional_head_unmatched						3-oh-sulfation	o-sulfation:63:xmet:4000159 || o-desulfation:59:xmet:4000138 || n-sulfation:57:xmet:4000162 || oxidative desulfuration:55:xmet:4000135 || sulfation:55:xmet:4000158	head=3-oh-sulfation (head not in ontology index)				
required	metxbiodb	6-OH glucuronidation of sterol	1	compositional	compositional_head	100	xmet:4000149	O-glucuronidation	metabolism phase	O-glucuronidation	o-glucuronidation		head=o-glucuronidation				
required	metxbiodb	7-O-glucuronidation of isoflavone	1	compositional	compositional_head_unmatched						7-o-glucuronidation	o-glucuronidation:68:xmet:4000149 || c-glucuronidation class:68:xmet:4000156 || o-deglucuronidation:65:xmet:4000137 || c-glucuronidation:64:xmet:4000156 || n-glucuronidation:64:xmet:4000153	head=7-o-glucuronidation (head not in ontology index)				
required	metxbiodb	ALIPHATIC_HYDROXYLATION_OF_CARBON_ADJACENT_TO_OXYGEN	1	compositional	compositional_head	100	xmet:4000014	aliphatic hydroxylation	chemical transformation	aliphatic hydroxylation	aliphatic hydroxylation		head=aliphatic hydroxylation				
required	metxbiodb	Aliphatic hydroxylation of carbon alpha to secondary or tertiary alkyl-N	1	compositional	compositional_head	100	xmet:4000014	aliphatic hydroxylation	chemical transformation	aliphatic hydroxylation	aliphatic hydroxylation		head=aliphatic hydroxylation				
required	metxbiodb	Aliphatic hydroxylation of methyl carbon adjacent to alkyne ring	1	compositional	compositional_head	100	xmet:4000014	aliphatic hydroxylation	chemical transformation	aliphatic hydroxylation	aliphatic hydroxylation		head=aliphatic hydroxylation				
required	metxbiodb	Alpha-oxidation of carboxylic acid	1	compositional	compositional_head_unmatched						alpha-oxidation	aldehyde to carboxylic acid:72:xmet:4000072 || carboxylic acid from alcohol:71:xmet:1500228 || carboxylic acid:61:xmet:1600120 || primary amine n-oxidation:58:xmet:4000030 || carboxylic acid metabolite:57:xmet:1500121	head=alpha-oxidation (head not in ontology index)				
required	metxbiodb	Aromatic O-glucuronidation	1	fuzzy_mid	fuzzy_token_sort	86.8	xmet:4000151	alcoholic glucuronidation	metabolism phase	aliphatic O-glucuronidation		aliphatic o-glucuronidation:87:xmet:4000151 || c-glucuronidation:79:xmet:4000156 || o-glucuronidation:79:xmet:4000149 || alcoholic glucuronidation:78:xmet:4000151 || acyl glucuronidation:78:xmet:4000152	margin=7.7; needs review				
required	metxbiodb	DIHYDROXYLATION_OF_DOUBLE_BOND	1	compositional	compositional_head_unmatched						dihydroxylation	penultimate carbon hydroxylation:68:xmet:4000021 || secondary carbon hydroxylation:67:xmet:4000039 || double-to-triple bond dehydrogenation class:66:xmet:4000076 || alpha hydroxylation of carbonyl:66:xmet:4000144 || tertiary carbon hydroxylation:64:xmet:4000040	head=dihydroxylation (head not in ontology index)				
required	metxbiodb	Dehydration of isoflavanone	1	compositional	compositional_head	100	xmet:4000113	dehydration	chemical transformation	dehydration	dehydration		head=dehydration				
required	metxbiodb	Dehydrogenation of alpha,beta-unsaturated amide	1	compositional	compositional_head	100	xmet:4000006	dehydrogenation	chemical transformation	dehydrogenation	dehydrogenation		head=dehydrogenation				
required	metxbiodb	Desethylation	1	fuzzy_mid	fuzzy_token_sort	92.3	xmet:4000349	N-demethylation	chemical transformation	demethylation		demethylation:92:xmet:4000349 || n-deethylation:89:xmet:4000047 || o-deethylation:89:xmet:4000052 || n-demethylation:86:xmet:4000349 || o-demethylation:86:xmet:4000050	margin=3.4; needs review				
required	metxbiodb	EPOXIDATION_OF_1122_TETRASUBSTITUTED_ALKLENE	1	compositional	compositional_head	100	xmet:4000022	epoxidation	chemical transformation	epoxidation	epoxidation		head=epoxidation				
required	metxbiodb	EPOXIDATION_OF_112_TRISUBSTITUTED_ALKLENE	1	compositional	compositional_head	100	xmet:4000022	epoxidation	chemical transformation	epoxidation	epoxidation		head=epoxidation				
required	metxbiodb	EPOXIDATION_OF_MONOSUBSTITUTED_ALKENE	1	compositional	compositional_head	100	xmet:4000022	epoxidation	chemical transformation	epoxidation	epoxidation		head=epoxidation				
required	metxbiodb	Epoxidation of arene	1	compositional	compositional_head	100	xmet:4000022	epoxidation	chemical transformation	epoxidation	epoxidation		head=epoxidation				
required	metxbiodb	Epoxidation of vinyl ether	1	compositional	compositional_head	100	xmet:4000022	epoxidation	chemical transformation	epoxidation	epoxidation		head=epoxidation				
required	metxbiodb	Formation of cycloguanide	1	compositional	compositional_head_unmatched						formation	acyl-coa formation:70:xmet:4000185 || arene oxide formation:65:xmet:4000024 || cyanide incorporation:65:xmet:4000114 || disulfide formation:64:xmet:4000037 || alkene formation:63:xmet:4000073	head=formation (head not in ontology index)				
required	metxbiodb	Formation of iminium from pyrrolidine ring	1	compositional	compositional_head_unmatched						formation	iminium ion formation:63:xmet:4000064 || iminium formation:58:xmet:4000064 || imine methide formation:55:xmet:4000065 || imine-methide formation:55:xmet:4000065 || quinone imine formation:55:xmet:4000062	head=formation (head not in ontology index)				
required	metxbiodb	Formation of imminium ion from N-substituted piperidine	1	compositional	compositional_head_unmatched						formation	iminium ion formation:55:xmet:4000064 || aromatic ring substitution impact:52:xmet:8000003 || imine methide formation:51:xmet:4000065 || quinone imine formation:51:xmet:4000062 || quinone species formation:50:xmet:4000059	head=formation (head not in ontology index)				
required	metxbiodb	Formation of pyridinium from 4-substituted piperidine	1	compositional	compositional_head_unmatched						formation	quinoid -system formation:51:xmet:8000005 || iminium formation class:50:xmet:4000064 || mercapturic acid formation:48:xmet:4000174 || protein adduct formation:47:xmet:1500233 || quinone methide formation:46:xmet:4000063	head=formation (head not in ontology index)				
required	metxbiodb	GSH-conjugation of apha,beta-unsaturated carbonyl	1	compositional	compositional_head_unmatched						gsh-conjugation	alpha hydroxylation of carbonyl:60:xmet:4000144 || hydration of carbonyl:51:xmet:4000205 || benzoyl glycine conjugation:50:xmet:4000180 || amino acid conjugation:48:xmet:4000179 || radical recombination metabolite:47:xmet:4000208	head=gsh-conjugation (head not in ontology index)				
required	metxbiodb	GSH-conjugation of benzene substituted with an electron donating group	1	compositional	compositional_head_unmatched						gsh-conjugation	aromatic and conjugated-system impact:45:xmet:8000000 || aromatic ring substitution impact:45:xmet:8000003 || nucleophilic aromatic substitution:44:xmet:4000207 || benzoyl glycine conjugation:43:xmet:4000180 || gsh nucleophilic aromatic/aliphatic substitution:42:xmet:4000170	head=gsh-conjugation (head not in ontology index)				
required	metxbiodb	GSH-conjugation of epoxide	1	compositional	compositional_head_unmatched						gsh-conjugation	epoxide glutathionation:69:xmet:4000169 || deconjugation:67:xmet:4000147 || epoxide hydration:65:xmet:4000077 || coa conjugation:63:xmet:4000185 || sulfo-conjugation:60:xmet:4000158	head=gsh-conjugation (head not in ontology index)				
required	metxbiodb	Glycination of aromatic acid	1	compositional	compositional_head_unmatched						glycination	aromatic amine n-oxidation:67:xmet:4000031 || amino acid conjugation:64:xmet:4000179 || aromatic o-dealkylation:63:xmet:4000053 || aromatic epoxidation:62:xmet:4000287 || ortho aromatic carbon:61:xmet:1600133	head=glycination (head not in ontology index)				
required	metxbiodb	HYDROXYLATION_OF_ALICYCLIC_SECONDARY_CARBON; HYDROXYLATION_OF_ALICYCLIC_SECONDARY_CARBON_PATTERN1	1	compositional	compositional_head	100	xmet:4000012	hydroxylation	chemical transformation	hydroxylation	hydroxylation		head=hydroxylation				
required	metxbiodb	HYDROXYLATION_OF_ALIPHATIC_SECONDARY_CARBON	1	compositional	compositional_head	100	xmet:4000012	hydroxylation	chemical transformation	hydroxylation	hydroxylation		head=hydroxylation				
required	metxbiodb	HYDROXYLATION_OF_AROMATIC_CARBON; HYDROXYLATION_OF_BENZENE_ORTHO_TO_EDG	1	compositional	compositional_head	100	xmet:4000012	hydroxylation	chemical transformation	hydroxylation	hydroxylation		head=hydroxylation				
required	metxbiodb	HYDROXYLATION_OF_AROMATIC_CARBON_ADJACENT_TO_N	1	compositional	compositional_head	100	xmet:4000012	hydroxylation	chemical transformation	hydroxylation	hydroxylation		head=hydroxylation				
required	metxbiodb	HYDROXYLATION_OF_HETEROAROMATIC_CARBON; HYDROXYLATION_OF_AROMATIC_CARBON_ADJACENT_TO_N	1	compositional	compositional_head	100	xmet:4000012	hydroxylation	chemical transformation	hydroxylation	hydroxylation		head=hydroxylation				
required	metxbiodb	Hydroxylation of aromatic carbon para to halide group	1	compositional	compositional_head	100	xmet:4000012	hydroxylation	chemical transformation	hydroxylation	hydroxylation		head=hydroxylation				
required	metxbiodb	Hydroxylation of carbon adjacent to halogen	1	compositional	compositional_head	100	xmet:4000012	hydroxylation	chemical transformation	hydroxylation	hydroxylation		head=hydroxylation				
required	metxbiodb	Hydroxylation of sp3-carbon adjacent to N in nitrosamine	1	compositional	compositional_head	100	xmet:4000012	hydroxylation	chemical transformation	hydroxylation	hydroxylation		head=hydroxylation				
required	metxbiodb	N-DESISOPROPYLATION	1	fuzzy_mid	fuzzy_token_sort	88.2	xmet:4000048	N-depropylation	chemical transformation	N-depropylation		n-depropylation:88:xmet:4000048 || n-deformylation:76:xmet:4000132 || n-dearylation:75:xmet:4000143 || n-decarboxylation:72:xmet:4000121 || n-dehydroxylation:72:xmet:4000128	margin=11.8; needs review				
required	metxbiodb	N-Dealylation	1	fuzzy_mid	fuzzy_token_sort	96.3	xmet:4000043	N-dealkylation	chemical transformation	N-dealkylation		n-dealkylation:96:xmet:4000043 || n-dearylation:92:xmet:4000143 || c-dealkylation:89:xmet:4000046 || o-dealkylation:89:xmet:4000044 || s-dealkylation:89:xmet:4000045	margin=4.0; needs review				
required	metxbiodb	N-Desmethylation	1	fuzzy_mid	fuzzy_token_sort	96.8	xmet:4000349	N-demethylation	chemical transformation	N-demethylation		n-demethylation:97:xmet:4000349 || n-deethylation:93:xmet:4000047 || o-demethylation:90:xmet:4000050 || s-demethylation:90:xmet:4000058 || demethylation:90:xmet:4000349	margin=3.4; needs review				
required	metxbiodb	N-dealkylation of N-alkylnitrosamine	1	compositional	compositional_head	100	xmet:4000043	N-dealkylation	chemical transformation	N-dealkylation	n-dealkylation		head=n-dealkylation				
required	metxbiodb	N-dealkylation of dicarboximide	1	compositional	compositional_head	100	xmet:4000043	N-dealkylation	chemical transformation	N-dealkylation	n-dealkylation		head=n-dealkylation				
required	metxbiodb	N-dealkylation of hydrazide	1	compositional	compositional_head	100	xmet:4000043	N-dealkylation	chemical transformation	N-dealkylation	n-dealkylation		head=n-dealkylation				
required	metxbiodb	N-dealkylation of hydrazine	1	compositional	compositional_head	100	xmet:4000043	N-dealkylation	chemical transformation	N-dealkylation	n-dealkylation		head=n-dealkylation				
required	metxbiodb	N-dealkylation of nitrosodialkylamine	1	compositional	compositional_head	100	xmet:4000043	N-dealkylation	chemical transformation	N-dealkylation	n-dealkylation		head=n-dealkylation				
required	metxbiodb	N-dealkylation of sulfonamide	1	compositional	compositional_head	100	xmet:4000043	N-dealkylation	chemical transformation	N-dealkylation	n-dealkylation		head=n-dealkylation				
required	metxbiodb	N-dehydroxyethylation	1	fuzzy_mid	fuzzy_token_sort	89.5	xmet:4000128	dehydroxylation	chemical transformation	N-dehydroxylation		n-dehydroxylation:89:xmet:4000128 || dehydroxylation:83:xmet:4000128 || n-hydroxylation:83:xmet:4000028 || -hydroxylation:80:xmet:4000020 || n-deethylation:80:xmet:4000047	margin=6.1; needs review				
required	metxbiodb	N-depropargylation of secondary or tertiary amine	1	compositional	compositional_head_unmatched						n-depropargylation	tertiary amine n-oxidation:61:xmet:4000027 || secondary carbon hydroxylation:58:xmet:4000039 || tertiary carbon hydroxylation:56:xmet:4000040 || primary amine n-oxidation:54:xmet:4000030 || tertiary amine site:50:xmet:1600021	head=n-depropargylation (head not in ontology index)				
required	metxbiodb	N-hydroxy glucuronidation	1	fuzzy_mid	fuzzy_token_sort	80.8	xmet:4000157	carbamoyl glucuronidation	metabolism phase	N-carbamoyl glucuronidation		n-carbamoyl glucuronidation:81:xmet:4000157 || glucuronidation:75:xmet:4000148 || phenolic glucuronidation:73:xmet:4000150 || glucuronide hydrolysis:72:xmet:4000137 || quaternary n-glucuronidation:72:xmet:4000154	margin=5.8; needs review				
required	metxbiodb	N-hydroxylation of anilide	1	compositional	compositional_head	100	xmet:4000028	hydroxylamine formation	chemical transformation	N-hydroxylation	n-hydroxylation		head=n-hydroxylation				
required	metxbiodb	N-hydroxylation of aniline to hydroxylamine	1	compositional	compositional_head	100	xmet:4000028	hydroxylamine formation	chemical transformation	N-hydroxylation	n-hydroxylation		head=n-hydroxylation				
required	metxbiodb	N-hyroxylation of guanidine or aminohydrazone	1	compositional	compositional_head_unmatched						n-hyroxylation	alpha hydroxylation of carbonyl:58:xmet:4000144 || arene hydroxylation:56:xmet:4000013 || aromatic dehydroxylation:55:xmet:4000128 || benzene hydroxylation:55:xmet:4000013 || aromatic hydroxylation:54:xmet:4000013	head=n-hyroxylation (head not in ontology index)				
required	metxbiodb	N_DEALKYLATION_OF_CYCLIC_TERTIARY_AMINES; N_DEALKYLATION_OF_ALICYCLIC_TERTIARY_AMINES_PATTERN1	1	compositional	compositional_head	100	xmet:4000043	N-dealkylation	chemical transformation	N-dealkylation	n-dealkylation		head=n-dealkylation				
required	metxbiodb	N_DEHYDROGENATION_OF_ALICYCLIC_TERTIARY_AMINES_PATTERN1	1	compositional	compositional_head_unmatched						n-dehydrogenation	tertiary amine n-oxidation:57:xmet:4000027 || amine dehydrogenation:55:xmet:4000216 || tertiary carbon hydroxylation:55:xmet:4000040 || quaternary n-glucuronidation class:54:xmet:4000154 || double-to-triple bond dehydrogenation class:53:xmet:4000076	head=n-dehydrogenation (head not in ontology index)				
required	metxbiodb	N_HYDROXYLATION_OF_ALICYCLIC_TERTIARY_AMINE	1	compositional	compositional_head	100	xmet:4000028	hydroxylamine formation	chemical transformation	N-hydroxylation	n-hydroxylation		head=n-hydroxylation				
required	metxbiodb	O-Debenzylation	1	fuzzy_mid	fuzzy_token_sort	82.8	xmet:4000052	O-deethylation	chemical transformation	O-deethylation		o-deethylation:83:xmet:4000052 || o-demethylation:80:xmet:4000050 || o-dearylation:79:xmet:4000143 || n-deethylation:76:xmet:4000047 || o-dealkylation:76:xmet:4000044	margin=2.8; needs review				
required	metxbiodb	O-Demethylenation	1	fuzzy_mid	fuzzy_token_sort	93.8	xmet:4000050	O-demethylation	chemical transformation	O-demethylation		o-demethylation:94:xmet:4000050 || o-deethylation:90:xmet:4000052 || n-demethylation:88:xmet:4000349 || s-demethylation:88:xmet:4000058 || demethylation:87:xmet:4000349	margin=3.4; needs review				
required	metxbiodb	O-demethylenation	1	fuzzy_mid	fuzzy_token_sort	93.8	xmet:4000050	O-demethylation	chemical transformation	O-demethylation		o-demethylation:94:xmet:4000050 || o-deethylation:90:xmet:4000052 || n-demethylation:88:xmet:4000349 || s-demethylation:88:xmet:4000058 || demethylation:87:xmet:4000349	margin=3.4; needs review				
required	metxbiodb	OXIDATION_OF_METHYL_TO_CARBOXYLIC_ACID	1	compositional	compositional_head	100	xmet:4000009	oxidation	chemical transformation	oxidation	oxidation		head=oxidation				
required	metxbiodb	OXIDATIVE_DEAMINATION_OF_TERTIARY_AMINES; N_DEALKYLATION_OF_ALICYCLIC_TERTIARY_AMINES_PATTERN1	1	compositional	compositional_head	100	xmet:4000049	oxidative deamination	chemical transformation	oxidative deamination	oxidative deamination		head=oxidative deamination				
required	metxbiodb	Oxidation of 4-substituted phenol	1	compositional	compositional_head	100	xmet:4000009	oxidation	chemical transformation	oxidation	oxidation		head=oxidation				
required	metxbiodb	Oxidation of S adjacent to an aliphatic nitrogen	1	compositional	compositional_head	100	xmet:4000009	oxidation	chemical transformation	oxidation	oxidation		head=oxidation				
required	metxbiodb	Oxidation of alkyl formamide	1	compositional	compositional_head	100	xmet:4000009	oxidation	chemical transformation	oxidation	oxidation		head=oxidation				
required	metxbiodb	Oxidation of p-substituted anilides	1	compositional	compositional_head	100	xmet:4000009	oxidation	chemical transformation	oxidation	oxidation		head=oxidation				
required	metxbiodb	Oxidization	1	fuzzy_mid	fuzzy_token_sort	90.0	xmet:4000009	oxidation	chemical transformation	oxidation		oxidation:90:xmet:4000009 || epoxidation:82:xmet:4000022 || n-oxidation:82:xmet:4000026 || s-oxidation:82:xmet:4000032 || net oxidation:75:xmet:7000001	margin=8.2; needs review				
required	metxbiodb	REDUCTION_OF_KETONES_TO_ALCOHOL	1	compositional	compositional_head	100	xmet:4000008	reduction	chemical transformation	reduction	reduction		head=reduction				
required	metxbiodb	Reduction of aldehyde to alcohol	1	compositional	compositional_head	100	xmet:4000008	reduction	chemical transformation	reduction	reduction		head=reduction				
required	metxbiodb	Reduction of isoflavone to isoflavanone	1	compositional	compositional_head	100	xmet:4000008	reduction	chemical transformation	reduction	reduction		head=reduction				
required	metxbiodb	Reduction of nitroimine	1	compositional	compositional_head	100	xmet:4000008	reduction	chemical transformation	reduction	reduction		head=reduction				
required	metxbiodb	Reduction of terminal aliphatic trihalide	1	compositional	compositional_head	100	xmet:4000008	reduction	chemical transformation	reduction	reduction		head=reduction				
required	metxbiodb	Rhamnohydrolysis of alpha-L-rhamnoside	1	compositional	compositional_head_unmatched						rhamnohydrolysis	amide hydrolysis:59:xmet:4000079 || glycoside hydrolysis:59:xmet:4000139 || cyanide hydrolysis class:58:xmet:4000086 || cyanide hydrolysis:57:xmet:4000086 || epoxide hydrolysis:57:xmet:4000077	head=rhamnohydrolysis (head not in ontology index)				
required	metxbiodb	Ring opening of N-substituted piperidine	1	compositional	compositional_head	100	xmet:4000200	ring opening	chemical transformation	ring opening	ring opening		head=ring opening				
required	metxbiodb	S-REDUCTION	1	fuzzy_mid	fuzzy_token_sort	90.0	xmet:4000008	reduction	chemical transformation	reduction		reduction:90:xmet:4000008 || s-introduction:80:xmet:4000136 || azo reduction:75:xmet:4000097 || net reduction:75:xmet:7000002 || n-oxide reduction:71:xmet:4000098	margin=10.0; needs review				
required	metxbiodb	S-oxidation of dithiocarbamate	1	compositional	compositional_head	100	xmet:4000032	S-oxidation	phase I reaction family	S-oxidation	s-oxidation		head=s-oxidation				
required	metxbiodb	S-oxidation of organosulfurous compounds	1	compositional	compositional_head	100	xmet:4000032	S-oxidation	phase I reaction family	S-oxidation	s-oxidation		head=s-oxidation				
required	metxbiodb	S-oxidation of thiocarbamate	1	compositional	compositional_head	100	xmet:4000032	S-oxidation	phase I reaction family	S-oxidation	s-oxidation		head=s-oxidation				
required	metxbiodb	Taurine conjugation of aliphatic acid	1	compositional	compositional_head	100	xmet:4000182	taurine conjugation	metabolism phase	taurine conjugation	taurine conjugation		head=taurine conjugation				
required	metxbiodb	_2_ELECTRON_OXIDATION_OF_P_AMINOPHENOLS_TO_QUINONE_IMINES_PATTERN1	1	compositional	compositional_head_unmatched						2 electron oxidation	phenolic or alcoholic o-glucuronidation:46:xmet:4000149 || tertiary amine n-oxidation:46:xmet:4000027 || primary amine n-oxidation:44:xmet:4000030 || aromatic amine n-oxidation:44:xmet:4000031 || para-quinone formation:44:xmet:4000061	head=2 electron oxidation (head not in ontology index)				
spot_check	metxbiodb	O-glucuronidation	262	alias	alias_table		xmet:4000149	O-glucuronidation	metabolism phase	O-glucuronidation			casing				
spot_check	metxbiodb	Aliphatic Hydroxylation	213	alias	alias_table		xmet:4000014	aliphatic hydroxylation	chemical transformation	Aliphatic Hydroxylation			casing				
spot_check	metxbiodb	Aromatic Hydroxylation	117	alias	alias_table		xmet:4000013	aromatic hydroxylation	chemical transformation	Aromatic Hydroxylation			casing				
spot_check	metxbiodb	O-sulfonation	58	alias	alias_table		xmet:4000159	O-sulfation	metabolism phase	O-sulfonation			MetX spelling variant of O-sulfation				
spot_check	metxbiodb	O-Demethylation	48	alias	alias_table		xmet:4000050	O-demethylation	chemical transformation	O-Demethylation			casing				
spot_check	metxbiodb	GSH-conjugation	26	alias	alias_table		xmet:4000167	glutathionation	metabolism phase	GSH-conjugation			hyphenated GSH form				
spot_check	metxbiodb	N-demethylation	25	alias	alias_table		xmet:4000349	N-demethylation	chemical transformation	N-demethylation			casing				
spot_check	metxbiodb	N-Dealkylation	24	alias	alias_table		xmet:4000043	N-dealkylation	chemical transformation	N-Dealkylation			casing				
spot_check	metxbiodb	S-Oxidation	24	alias	alias_table		xmet:4000032	sulfur oxidation	chemical transformation	S-Oxidation			already synonym; alias for robustness				
spot_check	metxbiodb	Epoxidation	22	alias	alias_table		xmet:4000022	epoxidation	chemical transformation	Epoxidation			casing				
spot_check	metxbiodb	O-dealkylation	22	alias	alias_table		xmet:4000044	O-dealkylation	chemical transformation	O-dealkylation			casing				
spot_check	metxbiodb	N-dealkylation	21	alias	alias_table		xmet:4000043	N-dealkylation	chemical transformation	N-dealkylation			casing				
spot_check	metxbiodb	N-Oxidation	17	alias	alias_table		xmet:4000026	nitrogen oxidation	chemical transformation	N-Oxidation			already synonym; alias for robustness				
spot_check	metxbiodb	O-demethylation	17	alias	alias_table		xmet:4000050	O-demethylation	chemical transformation	O-demethylation			casing				
spot_check	metxbiodb	N-Demethylation	14	alias	alias_table		xmet:4000349	N-demethylation	chemical transformation	N-Demethylation			casing				
spot_check	metxbiodb	C-Oxidation	8	alias	alias_table		xmet:4000009	carbon oxidation	chemical transformation	C-Oxidation			AMD umbrella → carbon oxidation				
spot_check	metxbiodb	AROMATIC HYDROXYLATION	5	alias	alias_table		xmet:4000013	aromatic hydroxylation	chemical transformation	AROMATIC HYDROXYLATION			casing				
spot_check	metxbiodb	N-DEMETHYLATION	5	alias	alias_table		xmet:4000349	N-demethylation	chemical transformation	N-DEMETHYLATION			casing				
spot_check	metxbiodb	O-DEMETHYLATION	4	alias	alias_table		xmet:4000050	O-demethylation	chemical transformation	O-DEMETHYLATION			casing				
spot_check	metxbiodb	Oxidation	4	alias	alias_table		xmet:4000009	oxidation	chemical transformation	Oxidation			casing				
spot_check	metxbiodb	ALIPHATIC HYDROXYLATION	3	alias	alias_table		xmet:4000014	aliphatic hydroxylation	chemical transformation	ALIPHATIC HYDROXYLATION			casing				
spot_check	metxbiodb	Bisallylic hydroxylation	3	fuzzy_high	fuzzy_token_sort	93.3	xmet:4000019	allylic hydroxylation	chemical transformation	allylic hydroxylation		allylic hydroxylation:93:xmet:4000019 || alicyclic hydroxylation:85:xmet:4000041 || alkyl hydroxylation:84:xmet:4000014 || benzylic hydroxylation:83:xmet:4000018 || aryl hydroxylation:81:xmet:4000013	margin=8.2				
spot_check	metxbiodb	EPOXIDATION	3	alias	alias_table		xmet:4000022	epoxidation	chemical transformation	EPOXIDATION			casing				
spot_check	metxbiodb	N-Dealkylatiion	3	fuzzy_high	fuzzy_token_sort	96.6	xmet:4000043	N-dealkylation	chemical transformation	N-dealkylation		n-dealkylation:97:xmet:4000043 || c-dealkylation:90:xmet:4000046 || o-dealkylation:90:xmet:4000044 || s-dealkylation:90:xmet:4000045 || dealkylation:89:xmet:4000042	margin=6.9				
spot_check	metxbiodb	N-OXIDATION	2	alias	alias_table		xmet:4000026	nitrogen oxidation	chemical transformation	N-OXIDATION			already synonym; alias for robustness				
spot_check	metxbiodb	N-desalkylation	2	fuzzy_high	fuzzy_token_sort	96.6	xmet:4000043	N-dealkylation	chemical transformation	N-dealkylation		n-dealkylation:97:xmet:4000043 || c-dealkylation:90:xmet:4000046 || o-dealkylation:90:xmet:4000044 || s-dealkylation:90:xmet:4000045 || dealkylation:89:xmet:4000042	margin=6.9				
spot_check	metxbiodb	Reduction	2	alias	alias_table		xmet:4000008	reduction	chemical transformation	Reduction			casing				
spot_check	metxbiodb	S-OXIDATION	2	alias	alias_table		xmet:4000032	sulfur oxidation	chemical transformation	S-OXIDATION			already synonym; alias for robustness				
spot_check	metxbiodb	Alipathic Hydroxylation	1	fuzzy_high	fuzzy_token_sort	95.7	xmet:4000014	aliphatic hydroxylation	chemical transformation	aliphatic hydroxylation		aliphatic hydroxylation:96:xmet:4000014 || aliphatic hydroxylation class:85:xmet:4000014 || aromatic hydroxylation:84:xmet:4000013 || alicyclic hydroxylation:83:xmet:4000041 || allylic hydroxylation:82:xmet:4000019	margin=11.0				
spot_check	metxbiodb	Alphatic Hydroxylation	1	fuzzy_high	fuzzy_token_sort	97.8	xmet:4000014	aliphatic hydroxylation	chemical transformation	aliphatic hydroxylation		aliphatic hydroxylation:98:xmet:4000014 || alpha-hydroxylation:88:xmet:4000144 || aromatic hydroxylation:86:xmet:4000013 || aliphatic hydroxylation class:86:xmet:4000014 || allylic hydroxylation:84:xmet:4000019	margin=10.0				
spot_check	metxbiodb	Aromatic Oxidation	1	fuzzy_high	fuzzy_token_sort	94.7	xmet:4000287	aromatic epoxidation	phase I reaction family	aromatic epoxidation		aromatic epoxidation:95:xmet:4000287 || aromatic amine n-oxidation:82:xmet:4000031 || aromatic hydroxylation:80:xmet:4000013 || aromatic o-dealkylation:78:xmet:4000053 || aromatization:77:xmet:4000074	margin=12.9				
spot_check	metxbiodb	C-DEALKLYATION	1	fuzzy_high	fuzzy_token_sort	92.9	xmet:4000046	C-dealkylation	chemical transformation	C-dealkylation		c-dealkylation:93:xmet:4000046 || n-dealkylation:86:xmet:4000043 || o-dealkylation:86:xmet:4000044 || s-dealkylation:86:xmet:4000045 || c-alkylation:85:xmet:4000120	margin=7.1				
spot_check	metxbiodb	C-DEALYLATION	1	fuzzy_high	fuzzy_token_sort	96.3	xmet:4000046	C-dealkylation	chemical transformation	C-dealkylation		c-dealkylation:96:xmet:4000046 || n-dealkylation:89:xmet:4000043 || o-dealkylation:89:xmet:4000044 || s-dealkylation:89:xmet:4000045 || c-alkylation:88:xmet:4000120	margin=7.4				
spot_check	metxbiodb	Demethylenation	1	fuzzy_high	fuzzy_token_sort	92.9	xmet:4000349	N-demethylation	chemical transformation	demethylation		demethylation:93:xmet:4000349 || n-demethylation:87:xmet:4000349 || o-demethylation:87:xmet:4000050 || s-demethylation:87:xmet:4000058 || methylation:85:xmet:4000175	margin=6.2				
spot_check	metxbiodb	N-Desalkylation	1	fuzzy_high	fuzzy_token_sort	96.6	xmet:4000043	N-dealkylation	chemical transformation	N-dealkylation		n-dealkylation:97:xmet:4000043 || c-dealkylation:90:xmet:4000046 || o-dealkylation:90:xmet:4000044 || s-dealkylation:90:xmet:4000045 || dealkylation:89:xmet:4000042	margin=6.9				
spot_check	metxbiodb	N-Despropylation	1	fuzzy_high	fuzzy_token_sort	96.8	xmet:4000048	N-depropylation	chemical transformation	N-depropylation		n-depropylation:97:xmet:4000048 || n-dearylation:83:xmet:4000143 || n-decarboxylation:79:xmet:4000121 || n-dehydroxylation:79:xmet:4000128 || n-deformylation:77:xmet:4000132	margin=14.0				
spot_check	metxbiodb	N-oxidation	1	alias	alias_table		xmet:4000026	nitrogen oxidation	chemical transformation	N-oxidation			already synonym; alias for robustness				
spot_check	metxbiodb	N_DEALKYLATION	1	alias	alias_table		xmet:4000043	N-dealkylation	chemical transformation	N_DEALKYLATION			casing				
spot_check	metxbiodb	O-Dealklyation	1	fuzzy_high	fuzzy_token_sort	92.9	xmet:4000044	O-dealkylation	chemical transformation	O-dealkylation		o-dealkylation:93:xmet:4000044 || c-dealkylation:86:xmet:4000046 || n-dealkylation:86:xmet:4000043 || s-dealkylation:86:xmet:4000045 || dealkylation:85:xmet:4000042	margin=7.1				
spot_check	metxbiodb	O-sulfation	1	alias	alias_table		xmet:4000159	O-sulfation	metabolism phase	O-sulfation			casing				
spot_check	metxbiodb	S-Dealkylation	1	alias	alias_table		xmet:4000045	S-dealkylation	chemical transformation	S-Dealkylation			casing				
gap_candidate	metxbiodb	O-aryl demethylation	16	unmatched	none	78.8						demethylation:79:xmet:4000349 || thiol methylation:76:xmet:4000178 || n-demethylation:74:xmet:4000349 || o-demethylation:74:xmet:4000050 || s-demethylation:74:xmet:4000058	best below mid threshold				
gap_candidate	metxbiodb	Terminal desaturation	5	unmatched	none	72.7						desaturation:73:xmet:4000006 || desaturation to alkene:65:xmet:4000073 || terminal methyl hydroxylation:64:xmet:4000020 || carbocation intermediate:62:xmet:1500204 || terminal methyl:61:xmet:1600129	best below mid threshold				
