source	term	count	antonym_xrm_id	antonym_preferred_label	antonym_matched_label	stem	source_is_negative	method
amd	C-Hydroxylation	16493	xmet:4000128	dehydroxylation	dehydroxylation	hydroxylation	False	stem_antonym
amd	O-Glucuronidation	8798	xmet:4000137	deglucuronidation	O-deglucuronidation	glucuronidation	False	negation_variant_index
amd	N-Dealkylation	5261	xmet:4000117	N-alkylation	N-alkylation	alkylation	True	negation_variant_index
amd	O-Dealkylation	3747	xmet:4000118	O-alkylation	O-alkylation	alkylation	True	negation_variant_index
amd	O-Sulfation	3510	xmet:4000138	desulfation	O-desulfation	sulfation	False	negation_variant_index
amd	Glutathionation	3134	xmet:4000140	deglutathionation	deglutathionation	glutathionation	False	negation_variant_index
amd	Hydrogenation	2830	xmet:4000006	dehydrogenation	dehydrogenation	hydrogenation	False	negation_variant_index
amd	O-Demethylation	2598	xmet:4000176	O-methylation	O-methylation	methylation	True	negation_variant_index
amd	Dehydrogenation	2424	xmet:4000090	hydrogenation	hydrogenation	hydrogenation	True	negation_variant_index
amd	N-Demethylation	2388	xmet:4000177	N-methylation	N-methylation	methylation	True	negation_variant_index
amd	Aromatization	2154	xmet:4000194	dearomatization	dearomatization	aromatization	False	negation_variant_index
amd	Dearomatization	1894	xmet:4000074	aromatization	aromatization	aromatization	True	negation_variant_index
amd	Dehalogenation	1797	xmet:4000129	halogenation	halogenation	halogenation	True	negation_variant_index
amd	Conjugation	1686	xmet:4000147	deconjugation	deconjugation	conjugation	False	negation_variant_index
amd	O-Methylation	1579	xmet:4000050	O-demethylation	O-demethylation	methylation	False	negation_variant_index
amd	N-Acetylation	1534	xmet:4000166	deacetylation	deacetylation	acetylation	False	stem_antonym
amd	O-Alkylation	1450	xmet:4000044	O-dealkylation	O-dealkylation	alkylation	False	negation_variant_index
amd	O-Conjugation	1309	xmet:4000147	deconjugation	deconjugation	conjugation	False	stem_antonym
amd	N-Acylation	1256	xmet:4000191	deacylation	deacylation	acylation	False	stem_antonym
amd	Dehydration	1143	xmet:4000204	hydration	hydration	hydration	True	negation_variant_index
amd	Glucuronidation	1091	xmet:4000137	deglucuronidation	deglucuronidation	glucuronidation	False	negation_variant_index
amd	Hydroxylation	889	xmet:4000128	dehydroxylation	dehydroxylation	hydroxylation	False	negation_variant_index
amd	Decarboxylation	802	xmet:4000122	carboxylation	carboxylation	carboxylation	True	negation_variant_index
amd	Phosphorylation	733	xmet:4000087	dephosphorylation	dephosphorylation	phosphorylation	False	negation_variant_index
amd	N-Glucuronidation	710	xmet:4000137	deglucuronidation	N-deglucuronidation	glucuronidation	False	negation_variant_index
amd	Esterification	684	xmet:4000078	ester hydrolysis	deesterification	esterification	False	negation_variant_index
amd	Hydration	682	xmet:4000113	dehydration	dehydration	hydration	False	negation_variant_index
amd	O-Deglycosidation	667	xmet:4000184	glycosylation	glycosylation	glycosylation	True	stem_antonym
amd	Deamination	625	xmet:4000130	amination	amination	amination	True	negation_variant_index
amd	O-Phosphorylation	549	xmet:4000087	dephosphorylation	dephosphorylation	phosphorylation	False	stem_antonym
amd	Dehydroxylation	512	xmet:4000012	hydroxylation	hydroxylation	hydroxylation	True	negation_variant_index
amd	N-Hydroxylation	409	xmet:4000128	dehydroxylation	N-dehydroxylation	hydroxylation	False	negation_variant_index
amd	Deglycosidation	395	xmet:4000184	glycosylation	glycosylation	glycosylation	True	negation_variant_index
amd	S-Methylation	389	xmet:4000058	S-demethylation	S-demethylation	methylation	False	negation_variant_index
amd	S-Dealkylation	388	xmet:4000119	S-alkylation	S-alkylation	alkylation	True	negation_variant_index
amd	S-Alkylation	343	xmet:4000045	S-dealkylation	S-dealkylation	alkylation	False	negation_variant_index
amd	O-Deacetylation	340	xmet:4000165	O-acetylation	O-acetylation	acetylation	True	negation_variant_index
amd	Sulfation	303	xmet:4000138	desulfation	desulfation	sulfation	False	negation_variant_index
amd	C-Dealkylation	295	xmet:4000120	C-alkylation	C-alkylation	alkylation	True	negation_variant_index
amd	Cysteination	291	xmet:4000141	decysteination	decysteination	cysteination	False	negation_variant_index
amd	O-Dephosphorylation	263	xmet:4000219	phosphorylation	phosphorylation	phosphorylation	True	stem_antonym
amd	N-Deacetylation	254	xmet:4000163	acetylation	N-acetylation	acetylation	True	negation_variant_index
amd	Dealkylation	250	xmet:4000116	alkylation	alkylation	alkylation	True	negation_variant_index
amd	Desulfuration	246	xmet:4000136	sulfuration	sulfuration	sulfuration	True	negation_variant_index
amd	O-Dearylation	240	xmet:4000145	arylation	arylation	arylation	True	stem_antonym
amd	O-Acylation	221	xmet:4000191	deacylation	deacylation	acylation	False	stem_antonym
amd	Glycosidation	208	xmet:4000139	deglycosidation	deglycosidation	glycosylation	False	stem_antonym
amd	N-Alkylation	203	xmet:4000043	N-dealkylation	N-dealkylation	alkylation	False	negation_variant_index
amd	N-Methylation	203	xmet:4000349	N-demethylation	N-demethylation	methylation	False	negation_variant_index
amd	Sulfuration	189	xmet:4000135	desulfuration	desulfuration	sulfuration	False	negation_variant_index
amd	Dephosphorylation	188	xmet:4000219	phosphorylation	phosphorylation	phosphorylation	True	negation_variant_index
amd	C-Decarboxylation	181	xmet:4000122	carboxylation	C-carboxylation	carboxylation	True	negation_variant_index
amd	N-Dehydroxylation	169	xmet:4000028	hydroxylamine formation	N-hydroxylation	hydroxylation	True	negation_variant_index
amd	Amination	159	xmet:4000049	oxidative deamination	deamination	amination	False	negation_variant_index
amd	Alkylation	155	xmet:4000042	dealkylation	dealkylation	alkylation	False	negation_variant_index
amd	Methylation	153	xmet:4000349	N-demethylation	demethylation	methylation	False	negation_variant_index
amd	O-Acetylation	142	xmet:4000166	deacetylation	deacetylation	acetylation	False	stem_antonym
amd	Deglucosidation	138	xmet:4000184	glycosylation	glycosylation	glycosylation	True	negation_variant_index
amd	Cyanidation	132	xmet:4000115	decyanidation	decyanidation	cyanidation	False	negation_variant_index
amd	N-Deglycosidation	128	xmet:4000184	glycosylation	glycosylation	glycosylation	True	stem_antonym
amd	Desulfation	125	xmet:4000158	sulfation	sulfation	sulfation	True	negation_variant_index
amd	C-Demethylation	100	xmet:4000175	methylation	methylation	methylation	True	stem_antonym
amd	N-Sulfation	98	xmet:4000138	desulfation	desulfation	sulfation	False	stem_antonym
amd	Demethylation	97	xmet:4000175	methylation	methylation	methylation	True	negation_variant_index
amd	N-Glycosidation	95	xmet:4000139	deglycosidation	deglycosidation	glycosylation	False	stem_antonym
amd	N-Dearylation	92	xmet:4000145	arylation	arylation	arylation	True	stem_antonym
amd	Deglutathionation	92	xmet:4000167	glutathionation	glutathionation	glutathionation	True	negation_variant_index
amd	O-Deglucuronidation	86	xmet:4000149	O-glucuronidation	O-glucuronidation	glucuronidation	True	negation_variant_index
amd	C-Alkylation	82	xmet:4000046	C-dealkylation	C-dealkylation	alkylation	False	negation_variant_index
amd	Sulfonation	80	xmet:4000138	desulfation	desulfation	sulfation	False	negation_variant_index
amd	Halogenation	77	xmet:4000214	dehalogenation	dehalogenation	halogenation	False	negation_variant_index
amd	Decyanidation	77	xmet:4000114	cyanidation	cyanidation	cyanidation	True	negation_variant_index
amd	N-Carboxylation	76	xmet:4000121	decarboxylation	N-decarboxylation	carboxylation	False	negation_variant_index
amd	O-Glucosidation	75	xmet:4000139	deglycosidation	deglycosidation	glycosylation	False	stem_antonym
amd	N-Formylation	73	xmet:4000132	deformylation	N-deformylation	formylation	False	negation_variant_index
amd	Carboxylation	71	xmet:4000121	decarboxylation	decarboxylation	carboxylation	False	negation_variant_index
amd	Deacylation	68	xmet:4000163	acetylation	acylation	acylation	True	negation_variant_index
amd	N-Decarboxylation	67	xmet:4000122	carboxylation	N-carboxylation	carboxylation	True	negation_variant_index
amd	Denitrosation	67	xmet:4000133	N-nitrosation	nitrosation	nitrosation	True	negation_variant_index
amd	Decarbonylation	64	xmet:4000146	carbonylation	carbonylation	carbonylation	True	negation_variant_index
amd	O-Glycosidation	62	xmet:4000139	deglycosidation	deglycosidation	glycosylation	False	stem_antonym
amd	Deacetylation	61	xmet:4000163	acetylation	acetylation	acetylation	True	negation_variant_index
amd	Acetylation	58	xmet:4000166	deacetylation	deacetylation	acetylation	False	negation_variant_index
amd	N-Conjugation	55	xmet:4000147	deconjugation	deconjugation	conjugation	False	stem_antonym
amd	N-Deformylation	53	xmet:4000131	formylation	N-formylation	formylation	True	negation_variant_index
amd	Deformylation	47	xmet:4000131	formylation	formylation	formylation	True	negation_variant_index
amd	Deglucuronidation	44	xmet:4000148	glucuronidation	glucuronidation	glucuronidation	True	negation_variant_index
amd	N-Denitrosation	40	xmet:4000133	N-nitrosation	N-nitrosation	nitrosation	True	negation_variant_index
amd	S-Deacetylation	39	xmet:4000163	acetylation	acetylation	acetylation	True	stem_antonym
amd	C-Deamination	36	xmet:4000130	amination	amination	amination	True	stem_antonym
amd	S-Demethylation	36	xmet:4000178	S-methylation	S-methylation	methylation	True	negation_variant_index
amd	S-Dearylation	35	xmet:4000145	arylation	arylation	arylation	True	stem_antonym
amd	Glucosidation	34	xmet:4000139	deglycosidation	deglycosidation	glycosylation	False	stem_antonym
amd	N-Deamination	29	xmet:4000130	amination	amination	amination	True	stem_antonym
amd	N-Nitrosation	28	xmet:4000134	denitrosation	N-denitrosation	nitrosation	False	negation_variant_index
amd	Decysteination	26	xmet:4000217	cysteine conjugation	cysteination	cysteination	True	negation_variant_index
amd	C-Dearylation	26	xmet:4000145	arylation	arylation	arylation	True	stem_antonym
amd	C-Amination	25	xmet:4000049	deamination	deamination	amination	False	stem_antonym
amd	Formylation	24	xmet:4000132	deformylation	deformylation	formylation	False	negation_variant_index
amd	C-Carboxylation	24	xmet:4000121	decarboxylation	C-decarboxylation	carboxylation	False	negation_variant_index
amd	Dearylation	22	xmet:4000145	arylation	arylation	arylation	True	negation_variant_index
amd	Deconjugation	22	xmet:4000002	phase II	conjugation	conjugation	True	negation_variant_index
amd	C-Deglycosidation	20	xmet:4000184	glycosylation	glycosylation	glycosylation	True	stem_antonym
amd	N-Glucosidation	18	xmet:4000139	deglycosidation	deglycosidation	glycosylation	False	stem_antonym
amd	S-Glucuronidation	18	xmet:4000137	deglucuronidation	S-deglucuronidation	glucuronidation	False	negation_variant_index
amd	S-Cysteination	16	xmet:4000141	decysteination	decysteination	cysteination	False	stem_antonym
amd	Nitrosation	13	xmet:4000134	denitrosation	denitrosation	nitrosation	False	negation_variant_index
amd	N-Deglucosidation	10	xmet:4000184	glycosylation	glycosylation	glycosylation	True	stem_antonym
amd	C-Desulfuration	10	xmet:4000136	sulfuration	sulfuration	sulfuration	True	stem_antonym
amd	C-Deformylation	8	xmet:4000131	formylation	formylation	formylation	True	stem_antonym
amd	O-Deglucosidation	8	xmet:4000184	glycosylation	glycosylation	glycosylation	True	stem_antonym
amd	S-Hydroxylation	6	xmet:4000128	dehydroxylation	dehydroxylation	hydroxylation	False	stem_antonym
amd	S-Conjugation	5	xmet:4000147	deconjugation	deconjugation	conjugation	False	stem_antonym
amd	Arylation	5	xmet:4000143	dearylation	dearylation	arylation	False	negation_variant_index
amd	C-Acylation	5	xmet:4000191	deacylation	deacylation	acylation	False	stem_antonym
amd	S-Sulfation	5	xmet:4000138	desulfation	desulfation	sulfation	False	stem_antonym
amd	S-Deamination	5	xmet:4000130	amination	amination	amination	True	stem_antonym
amd	N-Deglucuronidation	4	xmet:4000153	N-glucuronidation	N-glucuronidation	glucuronidation	True	negation_variant_index
amd	Carbonylation	3	xmet:4000193	decarbonylation	decarbonylation	carbonylation	False	negation_variant_index
amd	N-Dehalogenation	1	xmet:4000129	halogenation	halogenation	halogenation	True	stem_antonym
amd	S-Acylation	1	xmet:4000191	deacylation	deacylation	acylation	False	stem_antonym
