gap_bucket	gap_rationale	source	term	count	final_status	final_confidence	confidence	xrm_id	preferred_label	compositional_head	candidates	notes	adjudication_note
broad_class	Umbrella / coarse label that needs systematic child inventory or explicit maps to existing parents.	amd	N-Conjugation	55	uncertain	fuzzy_mid	fuzzy_mid	xmet:0000024	conjugation		conjugation:92:xmet:0000024 || deconjugation:85:xmet:0000732 || sulfo-conjugation:80:xmet:0001010 || coa conjugation:79:xmet:0001061 || gsh conjugation:79:xmet:0001030	margin=7.1; needs review	
broad_class	Umbrella / coarse label that needs systematic child inventory or explicit maps to existing parents.	amd	S-Conjugation	5	uncertain	fuzzy_mid	fuzzy_mid	xmet:0000024	conjugation		conjugation:92:xmet:0000024 || sulfo-conjugation:87:xmet:0001010 || deconjugation:85:xmet:0000732 || coa conjugation:79:xmet:0001061 || gsh conjugation:79:xmet:0001030	margin=5.0; needs review	
coverage_decision_exclude	analytical/chiral separation, not metabolism reaction	amd	Optical Resolution	1577	rejected	adjudicated:out_of_scope	unmatched				carbonyl reduction:61:xmet:0000524 || oxime reduction:61:xmet:0000516 || aromatic hydroxylation:60:xmet:0000101 || aliphatic hydroxylation:59:xmet:0000102 || chemical transformation:59:xmet:1100000	best below mid threshold	analytical/chiral separation, not metabolism reaction
coverage_decision_exclude	too vague / non-specific	amd	Condensation	293	rejected	adjudicated:out_of_scope	unmatched				n-denitrosation:74:xmet:0000681 || denitrosation:72:xmet:0000681 || o-desulfation:72:xmet:0000701 || conjugation:70:xmet:0000024 || cyanidation:70:xmet:0000600	best below mid threshold	too vague / non-specific
coverage_decision_exclude	often non-xenobiotic / aggregation label	amd	Dimerization	244	rejected	adjudicated:out_of_scope	fuzzy_mid	xmet:0002003	isomerization		isomerization:88:xmet:0002003 || dearomatization:74:xmet:0004001 || desulfurization:74:xmet:0000690 || tautomerization:74:xmet:0002000 || deamination:70:xmet:1100013	margin=13.9; needs review	often non-xenobiotic / aggregation label
coverage_decision_exclude	too vague	amd	Inversion	232	rejected	adjudicated:out_of_scope	unmatched				co insertion:67:xmet:0000731 || nitrosation:60:xmet:0000680 || n-denitrosation:58:xmet:0000681 || amination:56:xmet:0000661 || denitrosation:55:xmet:0000681	best below mid threshold	too vague
coverage_decision_exclude	adjudicated out of scope	amd	Decomplexation	55	rejected	adjudicated:out_of_scope	unmatched				deformylation:74:xmet:0000671 || deacylation:72:xmet:0002005 || detoxication:69:xmet:0003001 || decarbonylation:69:xmet:0002007 || decarboxylation:69:xmet:0000620	best below mid threshold	
coverage_decision_unknown	No clear reaction-type reading; decide whether to cover, map elsewhere, or exclude.	amd	Chain Shortening	923	unmatched	unmatched	unmatched				co insertion:57:xmet:0000731 || ring contraction:56:xmet:0004010 || phosphorylation conjugation:56:xmet:1300114 || cysteine conjugation:56:xmet:1300010 || charge change:55:xmet:1700016	best below mid threshold	
coverage_decision_unknown	too generic; fuzzy→azo cleavage	amd	Cleavage	577	rejected	adjudicated:no_match	fuzzy_mid	xmet:0000412	azo cleavage		azo cleavage:80:xmet:0000412 || bond cleavage:76:xmet:7200002 || ether cleavage:73:xmet:0000407 || nitrile cleavage:67:xmet:0000601 || conjugate cleavage:62:xmet:0000732	margin=3.8; needs review	too generic; fuzzy→azo cleavage
coverage_decision_unknown	too generic	amd	Elimination	540	rejected	adjudicated:no_match	fuzzy_mid	xmet:1100013	deamination		deamination:82:xmet:1100013 || amination:80:xmet:0000661 || cysteination:70:xmet:1300010 || isomerization:67:xmet:0002003 || lactamization:67:xmet:0000633	margin=1.8; needs review	too generic
coverage_decision_unknown	≠ deamination; facet gap	amd	Deamidation	244	rejected	adjudicated:no_match	fuzzy_mid	xmet:1100013	deamination		deamination:91:xmet:1100013 || decyanidation:83:xmet:0000601 || amination:80:xmet:0000661 || dearomatization:77:xmet:0004001 || cyanidation:73:xmet:0000600	margin=7.6; needs review	≠ deamination; facet gap
coverage_decision_unknown	fuzzy wrongly→deamination	amd	Amidation	195	rejected	adjudicated:no_match	fuzzy_mid	xmet:0000661	amination		amination:89:xmet:0000661 || cyanidation:80:xmet:0000600 || deamination:80:xmet:1100013 || oxidation:78:xmet:0000020 || aromatization:73:xmet:0000315	margin=8.9; needs review	fuzzy wrongly→deamination
coverage_decision_unknown	No clear reaction-type reading; decide whether to cover, map elsewhere, or exclude.	amd	Chain Elongation	185	unmatched	unmatched	unmatched				halogenation:71:xmet:0000660 || coa conjugation:71:xmet:0001061 || thionation:69:xmet:0000691 || amino acid conjugation:68:xmet:0001050 || conjugation:67:xmet:0000024	best below mid threshold	
coverage_decision_unknown	facet gap	amd	Quaternization	156	rejected	adjudicated:no_match	unmatched				tautomerization:76:xmet:0002000 || lactonization:74:xmet:0000632 || aromatization:67:xmet:0000315 || isomerization:67:xmet:0002003 || lactamization:67:xmet:0000633	best below mid threshold	facet gap
coverage_decision_unknown	≠ dehydrogenation; facet gap	amd	Dehydrohalogenation	115	rejected	adjudicated:no_match	fuzzy_mid	xmet:0000012	dehydrogenation		dehydrogenation:88:xmet:0000012 || dehalogenation:85:xmet:1100014 || hydrogenation:81:xmet:0000500 || hydrogenation delta:79:xmet:7700003 || halogenation:77:xmet:0000660	margin=3.4; needs review	≠ dehydrogenation; facet gap
coverage_decision_unknown	not aromatic hydroxylation	amd	Aromatic Methoxylation	104	rejected	adjudicated:no_match	fuzzy_mid	xmet:0000650	dehydroxylation		aromatic dehydroxylation:87:xmet:0000650 || aromatic hydroxylation:86:xmet:0000101 || aromatic epoxidation:81:xmet:1200100 || aromatic hydroxylation class:76:xmet:1200200 || aromatic o-dealkylation:76:xmet:0000212	margin=0.6; needs review	not aromatic hydroxylation
coverage_decision_unknown	facet gap	amd	Thiolation	93	rejected	adjudicated:no_match	fuzzy_mid	xmet:0000691	sulfuration		thionation:90:xmet:0000691 || methylation:76:xmet:0001040 || glutathionylation:74:xmet:0001030 || glutathionation:72:xmet:0001030 || demethylation:70:xmet:0000205	margin=13.8; needs review	facet gap
coverage_decision_unknown	fuzzy_mid wrong	amd	C-Methoxylation	79	rejected	adjudicated:no_match	fuzzy_mid	xmet:0001042	N-methylation		n-methylation:86:xmet:0001042 || o-methylation:86:xmet:0001041 || s-methylation:86:xmet:0001043 || methylation:85:xmet:0001040 || se-methylation:83:xmet:0000710	margin=0.0; needs review	fuzzy_mid wrong
coverage_decision_unknown	specialty conjugation; coverage decision	amd	Polyglutamation	61	rejected	adjudicated:no_match	unmatched				glutathionation:67:xmet:0001030 || o-alkylation:67:xmet:0000612 || lactamization:64:xmet:0000633 || alkylation:64:xmet:0000610 || epoxide glutathionation:63:xmet:0001032	best below mid threshold	specialty conjugation; coverage decision
coverage_decision_unknown	rejected; cover/exclude still open	amd	Aromatic Sulfuration	37	rejected	adjudicated:no_match	unmatched				aromatization:73:xmet:0000315 || alcoholic sulfation:72:xmet:0001013 || aromatic hydroxylation:71:xmet:0000101 || sulfuration:71:xmet:0000691 || aromatic epoxidation:70:xmet:1200100	best below mid threshold	
coverage_decision_unknown	facet gap / coverage decision	amd	Nitration	29	rejected	adjudicated:no_match	fuzzy_mid	xmet:0000680	N-nitrosation		nitrosation:90:xmet:0000680 || denitrosation:82:xmet:0000681 || n-nitrosation:82:xmet:0000680 || denitrogenation:75:xmet:0002006 || n-denitrosation:75:xmet:0000681	margin=8.2; needs review	facet gap / coverage decision
coverage_decision_unknown	rejected; cover/exclude still open	amd	P-Desulfuration	28	rejected	adjudicated:no_match	fuzzy_high	xmet:0000690	desulfuration		desulfuration:93:xmet:0000690 || desulfurization:87:xmet:0000690 || o-desulfation:86:xmet:0000701 || desulfation:85:xmet:0000701 || sulfuration:85:xmet:0000691	margin=6.2	
coverage_decision_unknown	No clear reaction-type reading; decide whether to cover, map elsewhere, or exclude.	amd	Aromatic Cysteination	25	unmatched	unmatched	unmatched				aromatic epoxidation:78:xmet:1200100 || cysteination:73:xmet:1300010 || aromatic site:71:xmet:1600013 || aromatization:71:xmet:0000315 || aromatic hydroxylation:70:xmet:0000101	best below mid threshold	
coverage_decision_unknown	No clear reaction-type reading; decide whether to cover, map elsewhere, or exclude.	amd	Diastereomeric Resolution	24	unmatched	unmatched	unmatched				nitroaromatic reduction:62:xmet:0000513 || nitrogen reduction:60:xmet:0000510 || nitro reduction:60:xmet:0000511 || aromatic hydroxylation:60:xmet:0000101 || isomerization:58:xmet:0002003	best below mid threshold	
coverage_decision_unknown	No clear reaction-type reading; decide whether to cover, map elsewhere, or exclude.	amd	Ring Enlargement	24	unmatched	unmatched	unmatched				rearrangement:62:xmet:0002004 || ring formed:59:xmet:7600003 || ring opened:59:xmet:7600002 || denitrogenation:58:xmet:0002006 || amine leaving fragment:58:xmet:2200022	best below mid threshold	
coverage_decision_unknown	No clear reaction-type reading; decide whether to cover, map elsewhere, or exclude.	amd	Heterolysis	22	unmatched	unmatched	unmatched				hydrolysis:76:xmet:0000013 || ester hydrolysis:74:xmet:0000401 || ether hydrolysis:74:xmet:0000408 || heteroaryl site:69:xmet:1600109 || epoxide hydrolysis:62:xmet:0000400	best below mid threshold	
coverage_decision_unknown	No clear reaction-type reading; decide whether to cover, map elsewhere, or exclude.	amd	Transcomplexation	22	unmatched	unmatched	unmatched				transacylation:77:xmet:0004018 || transformation:77:xmet:1100000 || tautomerization:62:xmet:0002000 || acylation:62:xmet:0001020 || oxygenation outcome:61:xmet:7400000	best below mid threshold	
coverage_decision_unknown	No clear reaction-type reading; decide whether to cover, map elsewhere, or exclude.	amd	Deselenation	21	unmatched	unmatched	unmatched				desulfation:78:xmet:0000701 || decysteination:77:xmet:0000704 || dehalogenation:77:xmet:1100014 || deacetylation:72:xmet:0001023 || demethylation:72:xmet:0000205	best below mid threshold	
coverage_decision_unknown	No clear reaction-type reading; decide whether to cover, map elsewhere, or exclude.	amd	Transamination	21	unmatched	unmatched	unmatched				transacylation:79:xmet:0004018 || transformation:79:xmet:1100000 || amination:78:xmet:0000661 || deamination:72:xmet:1100013 || annulation:67:xmet:0000640	best below mid threshold	
coverage_decision_unknown	No clear reaction-type reading; decide whether to cover, map elsewhere, or exclude.	amd	Azo Coupling	17	unmatched	unmatched	unmatched				azo splitting:72:xmet:0000412 || aryl leaving group:60:xmet:2200033 || azo cleavage:58:xmet:0000412 || allyl leaving group:58:xmet:2200015 || benzyl leaving group:56:xmet:2200014	best below mid threshold	
coverage_decision_unknown	No clear reaction-type reading; decide whether to cover, map elsewhere, or exclude.	amd	Complexation	14	unmatched	unmatched	unmatched				formylation:70:xmet:0000670 || acylation:67:xmet:0001020 || oxidation:67:xmet:0000020 || oxygenation outcome:65:xmet:7400000 || carbonylation:64:xmet:0000731	best below mid threshold	
coverage_decision_unknown	No clear reaction-type reading; decide whether to cover, map elsewhere, or exclude.	amd	Protonation	7	unmatched	unmatched	unmatched				thionation:76:xmet:0000691 || aromatization:67:xmet:0000315 || carbonylation:67:xmet:0000731 || hydrogenation:67:xmet:0000500 || lactonization:67:xmet:0000632	best below mid threshold	
coverage_decision_unknown	No clear reaction-type reading; decide whether to cover, map elsewhere, or exclude.	amd	Deboronation	6	unmatched	unmatched	unmatched				decarbonylation:74:xmet:0002007 || dehydrogenation:74:xmet:0000012 || denitrogenation:74:xmet:0002006 || deconjugation:72:xmet:0000732 || deformylation:72:xmet:0000671	best below mid threshold	
coverage_decision_unknown	not N-acetylation	amd	N-Acetoxylation	3	rejected	adjudicated:no_match	fuzzy_high	xmet:0001021	N-acetylation		n-acetylation:93:xmet:0001021 || o-acetylation:86:xmet:0001022 || acetylation:85:xmet:0001020 || n-carboxylation:80:xmet:0000621 || deacetylation:79:xmet:0001023	margin=7.1	not N-acetylation
coverage_decision_unknown	No clear reaction-type reading; decide whether to cover, map elsewhere, or exclude.	amd	Aromatic Sulfinylation	2	unmatched	unmatched	unmatched				aromatic o-dealkylation:76:xmet:0000212 || aromatic hydroxylation:73:xmet:0000101 || aromatic epoxidation:71:xmet:1200100 || aromatic dehydroxylation:70:xmet:0000650 || aromatic site:69:xmet:1600013	best below mid threshold	
coverage_decision_unknown	No clear reaction-type reading; decide whether to cover, map elsewhere, or exclude.	amd	Cope Elimination	2	unmatched	unmatched	unmatched				deamination:67:xmet:1100013 || co insertion:64:xmet:0000731 || cysteination:64:xmet:1300010 || amination:64:xmet:0000661 || oxygenation outcome:63:xmet:7400000	best below mid threshold	
coverage_decision_unknown	No clear reaction-type reading; decide whether to cover, map elsewhere, or exclude.	amd	Electron Uptake	2	unmatched	unmatched	unmatched				electron poor arene:59:xmet:1600108 || electrophile role:56:xmet:7500000 || lactone metabolite:55:xmet:1500212 || carbon site:54:xmet:7100001 || electron rich arene:53:xmet:1600107	best below mid threshold	
coverage_decision_unknown	not N-methylation	amd	N-Methoxylation	2	rejected	adjudicated:no_match	fuzzy_high	xmet:0001042	N-methylation		n-methylation:93:xmet:0001042 || n-demethylation:87:xmet:0000205 || o-methylation:86:xmet:0001041 || s-methylation:86:xmet:0001043 || methylation:85:xmet:0001040	margin=6.2	not N-methylation
coverage_decision_unknown	No clear reaction-type reading; decide whether to cover, map elsewhere, or exclude.	amd	Aliphatic Halogenation	1	unmatched	unmatched	unmatched				aliphatic hydroxylation:76:xmet:0000102 || aliphatic epoxidation:74:xmet:1200101 || aliphatic o-dealkylation:74:xmet:0000213 || aliphatic o-glucuronidation:73:xmet:0001003 || halogenation:71:xmet:0000660	best below mid threshold	
coverage_decision_unknown	No clear reaction-type reading; decide whether to cover, map elsewhere, or exclude.	amd	Aliphatic Sulfuration	1	unmatched	unmatched	unmatched				alpha to sulfur:78:xmet:1600142 || alcoholic sulfation:75:xmet:0001013 || aliphatic o-glucuronidation:75:xmet:0001003 || aliphatic hydroxylation:73:xmet:0000102 || phenolic sulfation:72:xmet:0001012	best below mid threshold	
coverage_decision_unknown	No clear reaction-type reading; decide whether to cover, map elsewhere, or exclude.	amd	Aromatic Amidation	1	unmatched	unmatched	unmatched				aromatic amine site:70:xmet:1600103 || oxidative deamination:67:xmet:0000208 || atom addition:65:xmet:7200001 || mercapturic acid formation:64:xmet:0001037 || metabolic activation:63:xmet:0003000	best below mid threshold	
coverage_decision_unknown	No clear reaction-type reading; decide whether to cover, map elsewhere, or exclude.	amd	Selenation	1	unmatched	unmatched	unmatched				sulfonation:76:xmet:0001010 || dehalogenation:75:xmet:1100014 || sulfation:74:xmet:0001010 || cysteination:73:xmet:1300010 || halogenation:73:xmet:0000660	best below mid threshold	
coverage_decision_unknown	No clear reaction-type reading; decide whether to cover, map elsewhere, or exclude.	amd	Transamidation	1	unmatched	unmatched	unmatched				transacylation:79:xmet:0004018 || transformation:79:xmet:1100000 || cyanidation:72:xmet:0000600 || amination:70:xmet:0000661 || decyanidation:67:xmet:0000601	best below mid threshold	
coverage_decision_unknown	No clear reaction-type reading; decide whether to cover, map elsewhere, or exclude.	amd	Transcarbamoylation	1	unmatched	unmatched	unmatched				transacylation:79:xmet:0004018 || n-carboxylation:76:xmet:0000621 || carbonylation:75:xmet:0000731 || carboxylation:75:xmet:0000621 || transformation:73:xmet:1100000	best below mid threshold	
coverage_decision_unknown	No clear reaction-type reading; decide whether to cover, map elsewhere, or exclude.	amd	Transselenation	1	unmatched	unmatched	unmatched				transacylation:76:xmet:0004018 || transesterification:71:xmet:0000631 || transformation:69:xmet:1100000 || halogenation:67:xmet:0000660 || annulation:64:xmet:0000640	best below mid threshold	
existing_facet_gap	Looks like a xenobiotic reaction-type leaf that should sit under an existing transformation/conjugation facet.	amd	Oxidative Cleavage	20	unmatched	unmatched	unmatched				nitrile cleavage:76:xmet:0000601 || n-dealkylative cleavage:73:xmet:0000201 || conjugate cleavage:72:xmet:0000732 || ether cleavage:69:xmet:0000407 || carbon-heteroatom oxidative cleavage:67:xmet:0000023	best below mid threshold	
existing_facet_gap	Looks like a xenobiotic reaction-type leaf that should sit under an existing transformation/conjugation facet.	amd	Aromatic Sulfonation	15	unmatched	unmatched	unmatched				aromatic epoxidation:75:xmet:1200100 || aromatization:73:xmet:0000315 || alcoholic sulfation:72:xmet:0001013 || aromatic hydroxylation:71:xmet:0000101 || sulfonation:71:xmet:0001010	best below mid threshold	
existing_facet_gap	not aliphatic epoxidation	amd	Aliphatic Peroxidation	8	rejected	adjudicated:no_match	fuzzy_high	xmet:1200101	aliphatic epoxidation		aliphatic epoxidation:93:xmet:1200101 || aliphatic hydroxylation:80:xmet:0000102 || aliphatic o-glucuronidation:78:xmet:0001003 || aromatic epoxidation:76:xmet:1200100 || aliphatic o-dealkylation:74:xmet:0000213	margin=13.0	not aliphatic epoxidation
existing_facet_gap	Looks like a xenobiotic reaction-type leaf that should sit under an existing transformation/conjugation facet.	amd	Allylic Oxidation	8	unmatched	unmatched	unmatched				allylic hydroxylation:79:xmet:0000107 || alcohol oxidation:76:xmet:0000310 || aldehyde oxidation:74:xmet:0000313 || aliphatic epoxidation:74:xmet:1200101 || glycosidation:73:xmet:0001060	best below mid threshold	
existing_facet_gap	not debromination; B vs Br	amd	Oxidative Deboronation	8	rejected	adjudicated:no_match	fuzzy_high	xmet:0000216	oxidative debromination		oxidative debromination:93:xmet:0000216 || oxidative dechlorination:87:xmet:0000215 || oxidative defluorination:87:xmet:0000214 || oxidative deamination:84:xmet:0000208 || oxidative dehalogenation:83:xmet:0000210	margin=6.4	not debromination; B vs Br
existing_facet_gap	Looks like a xenobiotic reaction-type leaf that should sit under an existing transformation/conjugation facet.	amd	Reductive Amination	6	unmatched	unmatched	unmatched				reductive dechlorination:79:xmet:0000542 || reductive defluorination:79:xmet:0000541 || reductive dehalogenation:79:xmet:0000540 || oxidative deamination:75:xmet:0000208 || reductive dehalogenation class:69:xmet:1200111	best below mid threshold	
existing_facet_gap	matched spine root; useless	amd	Transformylation	1	rejected	adjudicated:no_match	fuzzy_high	xmet:1100000	chemical transformation		transformation:93:xmet:1100000 || n-formylation:83:xmet:0000670 || formylation:81:xmet:0000670 || transacylation:80:xmet:0004018 || n-deformylation:77:xmet:0000671	margin=10.6	matched spine root; useless
needs_adjudication	Algorithm proposed a match but confidence below auto-accept.	amd	Peroxidation	78	uncertain	fuzzy_mid	fuzzy_mid	xmet:0000110	epoxidation		epoxidation:87:xmet:0000110 || oxidation:86:xmet:0000020 || net oxidation:80:xmet:7000001 || n-oxidation:78:xmet:1200102 || s-oxidation:78:xmet:1200103	margin=1.2; needs review	
needs_adjudication	Algorithm proposed a match but confidence below auto-accept.	amd	S-Deacylation	78	uncertain	fuzzy_mid	fuzzy_mid	xmet:0002005	deacylation		deacylation:92:xmet:0002005 || s-dealkylation:89:xmet:0000203 || deacetylation:85:xmet:0001023 || n-dearylation:85:xmet:0000720 || o-dearylation:85:xmet:0000720	margin=2.8; needs review	
needs_adjudication	Algorithm proposed a match but confidence below auto-accept.	amd	Methiolation	77	uncertain	fuzzy_mid	fuzzy_mid	xmet:0001040	methylation		methylation:87:xmet:0001040 || thionation:82:xmet:0000691 || demethylation:80:xmet:0000205 || n-methylation:80:xmet:0001042 || o-methylation:80:xmet:0001041	margin=5.1; needs review	
needs_adjudication	Algorithm proposed a match but confidence below auto-accept.	amd	Denitration	69	uncertain	fuzzy_mid	fuzzy_mid	xmet:0000681	denitrosation		denitrosation:92:xmet:0000681 || denitrogenation:85:xmet:0002006 || n-denitrosation:85:xmet:0000681 || nitrosation:82:xmet:0000680 || desaturation:78:xmet:0000012	margin=7.1; needs review	
needs_adjudication	Algorithm proposed a match but confidence below auto-accept.	amd	C-Deacylation	57	uncertain	fuzzy_mid	fuzzy_mid	xmet:0002005	deacylation		deacylation:92:xmet:0002005 || c-dealkylation:89:xmet:0000204 || deacetylation:85:xmet:0001023 || n-dearylation:85:xmet:0000720 || o-dearylation:85:xmet:0000720	margin=2.8; needs review	
needs_adjudication	Algorithm proposed a match but confidence below auto-accept.	amd	Methoxylation	48	uncertain	fuzzy_mid	fuzzy_mid	xmet:0001040	methylation		methylation:92:xmet:0001040 || demethylation:85:xmet:0000205 || n-methylation:85:xmet:0001042 || o-methylation:85:xmet:0001041 || s-methylation:85:xmet:0001043	margin=7.1; needs review	
needs_adjudication	Algorithm proposed a match but confidence below auto-accept.	amd	Oxygenation	45	uncertain	fuzzy_mid	fuzzy_mid	xmet:1700101	dioxygenation		dioxygenation:92:xmet:1700101 || monooxygenation:85:xmet:1700100 || halogenation:78:xmet:0000660 || stable oxygenation:76:xmet:0000010 || hydrogenation:75:xmet:0000500	margin=7.1; needs review	
needs_adjudication	Algorithm proposed a match but confidence below auto-accept.	amd	C-Methylation	39	uncertain	fuzzy_mid	fuzzy_mid	xmet:0001042	N-methylation		n-methylation:92:xmet:0001042 || o-methylation:92:xmet:0001041 || s-methylation:92:xmet:0001043 || methylation:92:xmet:0001040 || se-methylation:89:xmet:0000710	margin=0.0; needs review	
needs_adjudication	Algorithm proposed a match but confidence below auto-accept.	amd	P-Oxidation	39	uncertain	fuzzy_mid	fuzzy_mid	xmet:0000110	epoxidation		epoxidation:91:xmet:0000110 || n-oxidation:91:xmet:1200102 || s-oxidation:91:xmet:1200103 || oxidation:90:xmet:0000020 || net oxidation:75:xmet:7000001	margin=0.0; needs review	
needs_adjudication	Algorithm proposed a match but confidence below auto-accept.	amd	C-Deamination	36	uncertain	fuzzy_mid	fuzzy_mid	xmet:1100013	deamination		deamination:92:xmet:1100013 || amination:82:xmet:0000661 || c-dealkylation:74:xmet:0000204 || cysteination:72:xmet:1300010 || dearomatization:71:xmet:0004001	margin=9.8; needs review	
needs_adjudication	Algorithm proposed a match but confidence below auto-accept.	amd	S-Dearylation	35	uncertain	fuzzy_mid	fuzzy_mid	xmet:0000720	dearylation		n-dearylation:92:xmet:0000720 || o-dearylation:92:xmet:0000720 || dearylation:92:xmet:0000720 || s-dealkylation:89:xmet:0000203 || deacylation:83:xmet:0002005	margin=0.0; needs review	
needs_adjudication	Algorithm proposed a match but confidence below auto-accept.	amd	Transconjugation	35	uncertain	fuzzy_mid	fuzzy_mid	xmet:0000024	conjugation		conjugation:81:xmet:0000024 || coa conjugation:77:xmet:0001061 || deconjugation:76:xmet:0000732 || transacylation:73:xmet:0004018 || transformation:73:xmet:1100000	margin=4.1; needs review	
needs_adjudication	Algorithm proposed a match but confidence below auto-accept.	amd	N-Debenzylation	30	uncertain	fuzzy_mid	fuzzy_mid	xmet:0000206	N-deethylation		n-deethylation:83:xmet:0000206 || n-demethylation:80:xmet:0000205 || n-dearylation:79:xmet:0000720 || n-dealkylation:76:xmet:0000201 || o-deethylation:76:xmet:0000211	margin=2.8; needs review	
needs_adjudication	Algorithm proposed a match but confidence below auto-accept.	amd	Enantiomerization	29	uncertain	fuzzy_mid	fuzzy_mid	xmet:0002000	tautomerization		tautomerization:81:xmet:0002000 || isomerization:80:xmet:0002003 || keto-enol tautomerization:71:xmet:0002001 || imine-enamine tautomerization:70:xmet:0002002 || dearomatization:69:xmet:0004001	margin=1.2; needs review	
needs_adjudication	Algorithm proposed a match but confidence below auto-accept.	amd	N-Deamination	29	uncertain	fuzzy_mid	fuzzy_mid	xmet:1100013	deamination		deamination:92:xmet:1100013 || amination:82:xmet:0000661 || n-dearylation:77:xmet:0000720 || n-dealkylation:74:xmet:0000201 || dearomatization:71:xmet:0004001	margin=9.8; needs review	
needs_adjudication	Algorithm proposed a match but confidence below auto-accept.	amd	Transglucuronidation	29	uncertain	fuzzy_mid	fuzzy_mid	xmet:0001005	N-glucuronidation		n-glucuronidation:86:xmet:0001005 || s-glucuronidation:86:xmet:0001007 || glucuronidation:86:xmet:0001000 || n+-glucuronidation:84:xmet:0001006 || n-deglucuronidation:82:xmet:0000700	margin=0.0; needs review	
needs_adjudication	Algorithm proposed a match but confidence below auto-accept.	amd	C-Dearylation	26	uncertain	fuzzy_mid	fuzzy_mid	xmet:0000720	dearylation		n-dearylation:92:xmet:0000720 || o-dearylation:92:xmet:0000720 || dearylation:92:xmet:0000720 || c-dealkylation:89:xmet:0000204 || c-decarboxylation:87:xmet:0000620	margin=0.0; needs review	
needs_adjudication	Algorithm proposed a match but confidence below auto-accept.	amd	C-Amination	25	uncertain	fuzzy_mid	fuzzy_mid	xmet:0000661	amination		amination:90:xmet:0000661 || deamination:82:xmet:1100013 || lactamization:75:xmet:0000633 || cyanidation:73:xmet:0000600 || c-alkylation:70:xmet:0000614	margin=8.2; needs review	
needs_adjudication	Algorithm proposed a match but confidence below auto-accept.	amd	Transglycosylation	25	uncertain	fuzzy_mid	fuzzy_mid	xmet:0001060	glycosylation		glycosylation:84:xmet:0001060 || transacylation:81:xmet:0004018 || n-glycosidation:73:xmet:0001060 || glycosidation:71:xmet:0001060 || transformation:69:xmet:1100000	margin=2.6; needs review	
needs_adjudication	Algorithm proposed a match but confidence below auto-accept.	amd	Thioesterification	24	uncertain	fuzzy_mid	fuzzy_mid	xmet:0000630	esterification		esterification:88:xmet:0000630 || deesterification:82:xmet:0000401 || transesterification:81:xmet:0000631 || de-esterification:80:xmet:0000401 || c-de-esterification:76:xmet:0000401	margin=5.1; needs review	
needs_adjudication	Algorithm proposed a match but confidence below auto-accept.	amd	Glutamination	23	uncertain	fuzzy_mid	fuzzy_mid	xmet:0001030	glutathionation		glutathionation:86:xmet:0001030 || amination:82:xmet:0000661 || deglutathionation:80:xmet:0000703 || glutathionylation:80:xmet:0001030 || lactamization:77:xmet:0000633	margin=3.9; needs review	
needs_adjudication	Algorithm proposed a match but confidence below auto-accept.	amd	Reductive Desulfuration	23	uncertain	fuzzy_mid	fuzzy_mid	xmet:0000541	reductive defluorination		reductive defluorination:85:xmet:0000541 || oxidative desulfuration:83:xmet:0000690 || reductive dechlorination:81:xmet:0000542 || reductive dehalogenation:77:xmet:0000540 || desulfuration:72:xmet:0000690	margin=2.5; needs review	
needs_adjudication	Algorithm proposed a match but confidence below auto-accept.	amd	Transmethylation	22	uncertain	fuzzy_mid	fuzzy_mid	xmet:0001042	N-methylation		n-methylation:83:xmet:0001042 || s-methylation:83:xmet:0001043 || methylation:81:xmet:0001040 || se-methylation:80:xmet:0000710 || transacylation:80:xmet:0004018	margin=0.0; needs review	
needs_adjudication	Algorithm proposed a match but confidence below auto-accept.	amd	C-Deglycosidation	20	uncertain	fuzzy_mid	fuzzy_mid	xmet:0000702	deglycosidation		n-deglycosidation:94:xmet:0000702 || o-deglycosidation:94:xmet:0000702 || deglycosidation:94:xmet:0000702 || deglucosidation:88:xmet:0000702 || n-glycosidation:88:xmet:0001060	margin=0.0; needs review	
needs_adjudication	Algorithm proposed a match but confidence below auto-accept.	amd	Carbamoylation	20	uncertain	fuzzy_mid	fuzzy_mid	xmet:0000731	carbonylation		carbonylation:89:xmet:0000731 || carboxylation:89:xmet:0000621 || c-carboxylation:83:xmet:0000621 || decarbonylation:83:xmet:0002007 || decarboxylation:83:xmet:0000620	margin=0.0; needs review	
needs_adjudication	Algorithm proposed a match but confidence below auto-accept.	amd	Transphosphorylation	19	uncertain	fuzzy_mid	fuzzy_mid	xmet:1300012	phosphorylation		phosphorylation:86:xmet:1300012 || dephosphorylation:81:xmet:0000410 || phosphorylation conjugation:72:xmet:1300114 || transacylation:71:xmet:0004018 || transformation:71:xmet:1100000	margin=4.6; needs review	
needs_adjudication	Algorithm proposed a match but confidence below auto-accept.	amd	Aromatic Methiolation	18	uncertain	fuzzy_mid	fuzzy_mid	xmet:0000650	dehydroxylation		aromatic dehydroxylation:80:xmet:0000650 || aromatic hydroxylation:79:xmet:0000101 || aromatic epoxidation:78:xmet:1200100 || aromatic o-dealkylation:73:xmet:0000212 || aromatization:71:xmet:0000315	margin=0.9; needs review	
needs_adjudication	Algorithm proposed a match but confidence below auto-accept.	amd	Lysination	16	uncertain	fuzzy_mid	fuzzy_mid	xmet:1300010	cysteine conjugation		cysteination:82:xmet:1300010 || glycosidation:78:xmet:0001060 || decysteination:75:xmet:0000704 || s-cysteination:75:xmet:1300010 || amination:74:xmet:0000661	margin=3.6; needs review	
needs_adjudication	Algorithm proposed a match but confidence below auto-accept.	amd	N-Decarbamoylation	16	uncertain	fuzzy_mid	fuzzy_mid	xmet:0000620	decarboxylation		n-decarboxylation:91:xmet:0000620 || c-decarboxylation:86:xmet:0000620 || decarbonylation:85:xmet:0002007 || decarboxylation:85:xmet:0000620 || n-carboxylation:85:xmet:0000621	margin=5.7; needs review	
needs_adjudication	Algorithm proposed a match but confidence below auto-accept.	amd	Oxidative Decarboxylation	15	uncertain	fuzzy_mid	fuzzy_mid	xmet:0000200	dealkylation		oxidative dealkylation:85:xmet:0000200 || oxidative n-dealkylation:82:xmet:0000201 || oxidative o-dealkylation:82:xmet:0000202 || oxidative debromination:79:xmet:0000216 || oxidative deamination:78:xmet:0000208	margin=3.5; needs review	
needs_adjudication	Algorithm proposed a match but confidence below auto-accept.	amd	Decarbamoylation	14	uncertain	fuzzy_mid	fuzzy_mid	xmet:0002007	decarbonylation		decarbonylation:90:xmet:0002007 || decarboxylation:90:xmet:0000620 || c-decarboxylation:85:xmet:0000620 || n-decarboxylation:85:xmet:0000620 || carbonylation:83:xmet:0000731	margin=0.0; needs review	
needs_adjudication	Algorithm proposed a match but confidence below auto-accept.	amd	Thioalkylation	13	uncertain	fuzzy_mid	fuzzy_mid	xmet:0000612	O-alkylation		o-alkylation:85:xmet:0000612 || alkylation:83:xmet:0000610 || o-dealkylation:79:xmet:0000202 || c-alkylation:77:xmet:0000614 || dealkylation:77:xmet:0000200	margin=1.3; needs review	
needs_adjudication	Algorithm proposed a match but confidence below auto-accept.	amd	N-Demethoxylation	12	uncertain	fuzzy_mid	fuzzy_mid	xmet:0000205	N-demethylation		n-demethylation:94:xmet:0000205 || n-deethylation:90:xmet:0000206 || o-demethylation:88:xmet:0000209 || s-demethylation:88:xmet:0000217 || demethylation:87:xmet:0000205	margin=3.4; needs review	
needs_adjudication	Algorithm proposed a match but confidence below auto-accept.	amd	Transhalogenation	11	uncertain	fuzzy_mid	fuzzy_mid	xmet:0000660	halogenation		halogenation:83:xmet:0000660 || dehalogenation:77:xmet:1100014 || transacylation:77:xmet:0004018 || transformation:71:xmet:1100000 || denitrogenation:69:xmet:0002006	margin=5.3; needs review	
needs_adjudication	Algorithm proposed a match but confidence below auto-accept.	amd	N-Deglucosidation	10	uncertain	fuzzy_mid	fuzzy_mid	xmet:0000702	deglycosidation		n-deglycosidation:94:xmet:0000702 || deglucosidation:94:xmet:0000702 || n-glucosidation:94:xmet:0001060 || n-deglucuronidation:89:xmet:0000700 || o-deglycosidation:88:xmet:0000702	margin=0.4; needs review	
needs_adjudication	Algorithm proposed a match but confidence below auto-accept.	amd	Aliphatic Deamination	9	uncertain	fuzzy_mid	fuzzy_mid	xmet:1200101	aliphatic epoxidation		aliphatic epoxidation:81:xmet:1200101 || aliphatic o-dealkylation:80:xmet:0000213 || aliphatic hydroxylation:73:xmet:0000102 || deamination:69:xmet:1100013 || aliphatic site:69:xmet:7800002	margin=1.0; needs review	
needs_adjudication	Algorithm proposed a match but confidence below auto-accept.	amd	Aromatic Deamination	9	uncertain	fuzzy_mid	fuzzy_mid	xmet:1200100	aromatic epoxidation		aromatic epoxidation:80:xmet:1200100 || aromatic o-dealkylation:79:xmet:0000212 || aromatic dehydroxylation:73:xmet:0000650 || aromatization:73:xmet:0000315 || aromatic hydroxylation:71:xmet:0000101	margin=0.9; needs review	
needs_adjudication	Algorithm proposed a match but confidence below auto-accept.	amd	C-Deformylation	8	uncertain	fuzzy_mid	fuzzy_mid	xmet:0000671	deformylation		n-deformylation:93:xmet:0000671 || deformylation:93:xmet:0000671 || n-formylation:86:xmet:0000670 || formylation:85:xmet:0000670 || n-dearylation:79:xmet:0000720	margin=0.5; needs review	
needs_adjudication	Algorithm proposed a match but confidence below auto-accept.	amd	O-Deglucosidation	8	uncertain	fuzzy_mid	fuzzy_mid	xmet:0000702	deglycosidation		o-deglycosidation:94:xmet:0000702 || deglucosidation:94:xmet:0000702 || o-glucosidation:94:xmet:0001060 || o-deglucuronidation:89:xmet:0000700 || n-deglycosidation:88:xmet:0000702	margin=0.4; needs review	
needs_adjudication	Algorithm proposed a match but confidence below auto-accept.	amd	Aromatic Thiolation	6	uncertain	fuzzy_mid	fuzzy_mid	xmet:0000101	aromatic hydroxylation		aromatic hydroxylation:83:xmet:0000101 || aromatic dehydroxylation:79:xmet:0000650 || aromatic epoxidation:77:xmet:1200100 || aromatic o-dealkylation:76:xmet:0000212 || aromatization:75:xmet:0000315	margin=3.9; needs review	
needs_adjudication	Algorithm proposed a match but confidence below auto-accept.	amd	Lactosidation	6	uncertain	fuzzy_mid	fuzzy_mid	xmet:0001060	glycosylation		glucosidation:85:xmet:0001060 || glycosidation:85:xmet:0001060 || lactonization:85:xmet:0000632 || deglucosidation:79:xmet:0000702 || deglycosidation:79:xmet:0000702	margin=0.0; needs review	
needs_adjudication	Algorithm proposed a match but confidence below auto-accept.	amd	S-Hydroxylation	6	uncertain	fuzzy_mid	fuzzy_mid	xmet:0000108	ω-hydroxylation		-hydroxylation:97:xmet:0000108 || c-hydroxylation:93:xmet:0000100 || n-hydroxylation:93:xmet:0000122 || hydroxylation:93:xmet:0000100 || -1 hydroxylation:90:xmet:0000109	margin=3.2; needs review	
needs_adjudication	Algorithm proposed a match but confidence below auto-accept.	amd	Transalkylation	6	uncertain	fuzzy_mid	fuzzy_mid	xmet:0004018	transacylation		transacylation:90:xmet:0004018 || n-alkylation:81:xmet:0000611 || s-alkylation:81:xmet:0000613 || alkylation:80:xmet:0000610 || n-dealkylation:76:xmet:0000201	margin=8.2; needs review	
needs_adjudication	Algorithm proposed a match but confidence below auto-accept.	amd	C-Acylation	5	uncertain	fuzzy_mid	fuzzy_mid	xmet:0001020	acetylation		acylation:90:xmet:0001020 || c-alkylation:87:xmet:0000614 || n-acetylation:83:xmet:0001021 || o-acetylation:83:xmet:0001022 || acetylation:82:xmet:0001020	margin=3.0; needs review	
needs_adjudication	Algorithm proposed a match but confidence below auto-accept.	amd	C-Imination	5	uncertain	fuzzy_mid	fuzzy_mid	xmet:0000661	amination		amination:80:xmet:0000661 || deamination:73:xmet:1100013 || cysteination:70:xmet:1300010 || isomerization:67:xmet:0002003 || lactamization:67:xmet:0000633	margin=7.3; needs review	
needs_adjudication	Algorithm proposed a match but confidence below auto-accept.	amd	Oxidative S-Dealkylation	5	uncertain	fuzzy_mid	fuzzy_mid	xmet:0000217	S-demethylation		oxidative s-demethylation:86:xmet:0000217 || aromatic o-dealkylation:77:xmet:0000212 || aliphatic o-dealkylation:75:xmet:0000213 || o-dealkylation:74:xmet:0000202 || s-dealkylation:74:xmet:0000203	margin=9.1; needs review	
needs_adjudication	Algorithm proposed a match but confidence below auto-accept.	amd	S-Deamination	5	uncertain	fuzzy_mid	fuzzy_mid	xmet:1100013	deamination		deamination:92:xmet:1100013 || amination:82:xmet:0000661 || s-cysteination:74:xmet:1300010 || s-dealkylation:74:xmet:0000203 || cysteination:72:xmet:1300010	margin=9.8; needs review	
needs_adjudication	Algorithm proposed a match but confidence below auto-accept.	amd	S-Sulfation	5	uncertain	fuzzy_mid	fuzzy_mid	xmet:0001014	N-sulfation		n-sulfation:91:xmet:0001014 || o-sulfation:91:xmet:0001011 || sulfation:90:xmet:0001010 || o-desulfation:83:xmet:0000701 || desulfation:82:xmet:0000701	margin=0.0; needs review	
needs_adjudication	Algorithm proposed a match but confidence below auto-accept.	amd	Chelation	4	uncertain	fuzzy_mid	fuzzy_mid	xmet:0001020	acetylation		acetylation:80:xmet:0001020 || acylation:78:xmet:0001020 || deacetylation:73:xmet:0001023 || n-acetylation:73:xmet:0001021 || o-acetylation:73:xmet:0001022	margin=2.2; needs review	
needs_adjudication	Algorithm proposed a match but confidence below auto-accept.	amd	Acetylglutathionation	3	uncertain	fuzzy_mid	fuzzy_mid	xmet:0000703	deglutathionation		deglutathionation:84:xmet:0000703 || glutathionation:83:xmet:0001030 || glutathionylation:79:xmet:0001030 || aziridine glutathionation:74:xmet:0001035 || epoxide glutathionation:73:xmet:0001032	margin=0.9; needs review	
needs_adjudication	Algorithm proposed a match but confidence below auto-accept.	amd	Nitrosylation	3	uncertain	fuzzy_mid	fuzzy_mid	xmet:0000680	N-nitrosation		nitrosation:92:xmet:0000680 || denitrosation:85:xmet:0000681 || n-nitrosation:85:xmet:0000680 || n-denitrosation:79:xmet:0000681 || transacylation:74:xmet:0004018	margin=7.1; needs review	
needs_adjudication	Algorithm proposed a match but confidence below auto-accept.	amd	O-Debenzylation	3	uncertain	fuzzy_mid	fuzzy_mid	xmet:0000211	O-deethylation		o-deethylation:83:xmet:0000211 || o-demethylation:80:xmet:0000209 || o-dearylation:79:xmet:0000720 || n-deethylation:76:xmet:0000206 || o-dealkylation:76:xmet:0000202	margin=2.8; needs review	
needs_adjudication	Algorithm proposed a match but confidence below auto-accept.	amd	O-Galacturonidation	3	uncertain	fuzzy_mid	fuzzy_mid	xmet:0001001	O-glucuronidation		o-glucuronidation:89:xmet:0001001 || o-deglucuronidation:84:xmet:0000700 || c-glucuronidation:83:xmet:0001008 || n-glucuronidation:83:xmet:0001005 || s-glucuronidation:83:xmet:0001007	margin=4.7; needs review	
needs_adjudication	Algorithm proposed a match but confidence below auto-accept.	amd	S-Amidation	3	uncertain	fuzzy_mid	fuzzy_mid	xmet:1200103	S-oxidation		s-oxidation:82:xmet:1200103 || amination:80:xmet:0000661 || cyanidation:73:xmet:0000600 || deamination:73:xmet:1100013 || n-oxidation:73:xmet:1200102	margin=1.8; needs review	
needs_adjudication	Algorithm proposed a match but confidence below auto-accept.	amd	Transglucosylation	3	uncertain	fuzzy_mid	fuzzy_mid	xmet:0004018	transacylation		transacylation:81:xmet:0004018 || glycosylation:77:xmet:0001060 || glucuronosylation:74:xmet:0001000 || n-glucosidation:73:xmet:0001060 || glucosidation:71:xmet:0001060	margin=3.8; needs review	
needs_adjudication	Algorithm proposed a match but confidence below auto-accept.	amd	Transmetallation	3	uncertain	fuzzy_mid	fuzzy_mid	xmet:0004018	transacylation		transacylation:80:xmet:0004018 || transformation:73:xmet:1100000 || n-methylation:69:xmet:0001042 || s-methylation:69:xmet:0001043 || transesterification:69:xmet:0000631	margin=6.7; needs review	
needs_adjudication	Algorithm proposed a match but confidence below auto-accept.	amd	Transsulfuration	3	uncertain	fuzzy_mid	fuzzy_mid	xmet:0000691	sulfuration		sulfuration:81:xmet:0000691 || transformation:80:xmet:1100000 || desulfuration:76:xmet:0000690 || n-sulfation:74:xmet:0001014 || transacylation:73:xmet:0004018	margin=1.5; needs review	
needs_adjudication	Algorithm proposed a match but confidence below auto-accept.	amd	Glucopyranosidation	2	uncertain	fuzzy_mid	fuzzy_mid	xmet:0001060	glycosylation		glucosidation:81:xmet:0001060 || deglucosidation:76:xmet:0000702 || glucuronidation:76:xmet:0001000 || n-glucosidation:76:xmet:0001060 || o-glucosidation:76:xmet:0001060	margin=4.8; needs review	
needs_adjudication	Algorithm proposed a match but confidence below auto-accept.	amd	N-Carbamoylation	2	uncertain	fuzzy_mid	fuzzy_mid	xmet:0000621	carboxylation		n-carboxylation:90:xmet:0000621 || n-decarboxylation:85:xmet:0000620 || c-carboxylation:84:xmet:0000621 || carbonylation:83:xmet:0000731 || carboxylation:83:xmet:0000621	margin=5.5; needs review	
needs_adjudication	Algorithm proposed a match but confidence below auto-accept.	amd	P-Dealkylation	2	uncertain	fuzzy_mid	fuzzy_mid	xmet:0000204	C-dealkylation		c-dealkylation:93:xmet:0000204 || n-dealkylation:93:xmet:0000201 || o-dealkylation:93:xmet:0000202 || s-dealkylation:93:xmet:0000203 || dealkylation:92:xmet:0000200	margin=0.0; needs review	
needs_adjudication	Algorithm proposed a match but confidence below auto-accept.	amd	Stereoisomerization	2	uncertain	fuzzy_mid	fuzzy_mid	xmet:0002003	isomerization		isomerization:81:xmet:0002003 || tautomerization:71:xmet:0002000 || esterification:67:xmet:0000630 || dearomatization:65:xmet:0004001 || ester formation:65:xmet:0000630	margin=10.7; needs review	
needs_adjudication	Algorithm proposed a match but confidence below auto-accept.	amd	Sulfinylation	2	uncertain	fuzzy_mid	fuzzy_mid	xmet:0001010	sulfation		sulfonation:83:xmet:0001010 || sulfation:82:xmet:0001010 || sulfoxidation:77:xmet:0000131 || desulfation:75:xmet:0000701 || n-sulfation:75:xmet:0001014	margin=1.5; needs review	
needs_adjudication	Algorithm proposed a match but confidence below auto-accept.	amd	Transchelation	2	uncertain	fuzzy_mid	fuzzy_mid	xmet:0004018	transacylation		transacylation:86:xmet:0004018 || acetylation:72:xmet:0001020 || transformation:71:xmet:1100000 || acylation:70:xmet:0001020 || annulation:67:xmet:0000640	margin=13.7; needs review	
needs_adjudication	Algorithm proposed a match but confidence below auto-accept.	amd	Alkoxylation	1	uncertain	fuzzy_mid	fuzzy_mid	xmet:0000610	alkylation		alkylation:91:xmet:0000610 || c-alkylation:83:xmet:0000614 || dealkylation:83:xmet:0000200 || n-alkylation:83:xmet:0000611 || o-alkylation:83:xmet:0000612	margin=7.6; needs review	
needs_adjudication	Algorithm proposed a match but confidence below auto-accept.	amd	Amide Hydroxylation	1	uncertain	fuzzy_mid	fuzzy_mid	xmet:0000650	dehydroxylation		dehydroxylation:88:xmet:0000650 || arene hydroxylation:84:xmet:0000101 || aromatic dehydroxylation:84:xmet:0000650 || n-dehydroxylation:83:xmet:0000650 || aromatic hydroxylation:83:xmet:0000101	margin=4.0; needs review	
needs_adjudication	Algorithm proposed a match but confidence below auto-accept.	amd	Aromatic Selenylation	1	uncertain	fuzzy_mid	fuzzy_mid	xmet:0000212	aromatic O-dealkylation		aromatic o-dealkylation:82:xmet:0000212 || aromatic dehydroxylation:76:xmet:0000650 || aromatic hydroxylation:74:xmet:0000101 || aromatic epoxidation:73:xmet:1200100 || aromatization:71:xmet:0000315	margin=6.3; needs review	
needs_adjudication	Algorithm proposed a match but confidence below auto-accept.	amd	Dithiodecarboxylation	1	uncertain	fuzzy_mid	fuzzy_mid	xmet:0000620	decarboxylation		decarboxylation:83:xmet:0000620 || c-decarboxylation:79:xmet:0000620 || n-decarboxylation:79:xmet:0000620 || decarbonylation:78:xmet:0002007 || carboxylation:76:xmet:0000621	margin=4.4; needs review	
needs_adjudication	Algorithm proposed a match but confidence below auto-accept.	amd	N-Cyanoalkylation	1	uncertain	fuzzy_mid	fuzzy_mid	xmet:0000611	N-alkylation		n-alkylation:83:xmet:0000611 || n-dealkylation:77:xmet:0000201 || c-alkylation:76:xmet:0000614 || o-alkylation:76:xmet:0000612 || s-alkylation:76:xmet:0000613	margin=5.3; needs review	
needs_adjudication	Algorithm proposed a match but confidence below auto-accept.	amd	Oligomerization	1	uncertain	fuzzy_mid	fuzzy_mid	xmet:0002003	isomerization		isomerization:86:xmet:0002003 || tautomerization:73:xmet:0002000 || keto-enol tautomerization:65:xmet:0002001 || aromatization:64:xmet:0000315 || lactamization:64:xmet:0000633	margin=12.4; needs review	
needs_adjudication	Algorithm proposed a match but confidence below auto-accept.	amd	S-Acylation	1	uncertain	fuzzy_mid	fuzzy_mid	xmet:0001020	acetylation		acylation:90:xmet:0001020 || s-alkylation:87:xmet:0000613 || n-acetylation:83:xmet:0001021 || o-acetylation:83:xmet:0001022 || acetylation:82:xmet:0001020	margin=3.0; needs review	
needs_adjudication	Algorithm proposed a match but confidence below auto-accept.	amd	S-Denitrosylation	1	uncertain	fuzzy_mid	fuzzy_mid	xmet:0000681	denitrosation		n-denitrosation:88:xmet:0000681 || denitrosation:87:xmet:0000681 || n-nitrosation:80:xmet:0000680 || nitrosation:79:xmet:0000680 || denitrogenation:75:xmet:0002006	margin=0.8; needs review	
needs_adjudication	Algorithm proposed a match but confidence below auto-accept.	amd	Thioacetylation	1	uncertain	fuzzy_mid	fuzzy_mid	xmet:0001022	O-acetylation		o-acetylation:86:xmet:0001022 || acetylation:85:xmet:0001020 || deacetylation:79:xmet:0001023 || n-acetylation:79:xmet:0001021 || acylation:75:xmet:0001020	margin=1.1; needs review	
needs_adjudication	Algorithm proposed a match but confidence below auto-accept.	amd	Trimerization	1	uncertain	fuzzy_mid	fuzzy_mid	xmet:0002003	isomerization		isomerization:85:xmet:0002003 || tautomerization:79:xmet:0002000 || rearomatization:71:xmet:0004002 || aromatization:69:xmet:0000315 || lactamization:69:xmet:0000633	margin=6.0; needs review	
site_compositional	process-level, not typed xenobiotic reaction identity	amd	Nucleophilic Addition	544	rejected	adjudicated:compositional_only	unmatched				co2 addition:67:xmet:0000621 || halide addition:67:xmet:0000660 || michael addition:65:xmet:0004014 || nucleic acid binding:63:xmet:1500231 || cyano addition:63:xmet:0000600	best below mid threshold	process-level, not typed xenobiotic reaction identity
site_compositional	process facet; not primary reaction-type identity	amd	Nucleophilic Substitution	423	rejected	adjudicated:compositional_only	fuzzy_mid	xmet:0004015	nucleophilic aromatic substitution		nucleophilic aromatic substitution:85:xmet:0004015 || gsh nucleophilic aromatic/aliphatic substitution:68:xmet:0001033 || ipso substitution:67:xmet:0004004 || substitution:65:xmet:7200004 || alcoholic sulfation:59:xmet:0001013	margin=16.3; needs review	process facet; not primary reaction-type identity
