source	term	term_norm	count	final_status	final_confidence	confidence	xrm_id	preferred_label	spine	compositional_head	candidates	notes	adjudication_note
amd	Optical Resolution	optical resolution	1577	rejected	adjudicated:out_of_scope	unmatched					carbonyl reduction:61:xmet:0000524 || oxime reduction:61:xmet:0000516 || aromatic hydroxylation:60:xmet:0000101 || aliphatic hydroxylation:59:xmet:0000102 || chemical transformation:59:xmet:1100000	best below mid threshold	analytical/chiral separation, not metabolism reaction
amd	Chain Shortening	chain shortening	923	unmatched	unmatched	unmatched					co insertion:57:xmet:0000731 || ring contraction:56:xmet:0004010 || phosphorylation conjugation:56:xmet:1300114 || cysteine conjugation:56:xmet:1300010 || charge change:55:xmet:1700016	best below mid threshold	
amd	Cleavage	cleavage	577	rejected	adjudicated:no_match	fuzzy_mid	xmet:0000412	azo cleavage	chemical transformation		azo cleavage:80:xmet:0000412 || bond cleavage:76:xmet:7200002 || ether cleavage:73:xmet:0000407 || nitrile cleavage:67:xmet:0000601 || conjugate cleavage:62:xmet:0000732	margin=3.8; needs review	too generic; fuzzy→azo cleavage
amd	Nucleophilic Addition	nucleophilic addition	544	rejected	adjudicated:compositional_only	unmatched					co2 addition:67:xmet:0000621 || halide addition:67:xmet:0000660 || michael addition:65:xmet:0004014 || nucleic acid binding:63:xmet:1500231 || cyano addition:63:xmet:0000600	best below mid threshold	process-level, not typed xenobiotic reaction identity
amd	Elimination	elimination	540	rejected	adjudicated:no_match	fuzzy_mid	xmet:1100013	deamination	chemical transformation		deamination:82:xmet:1100013 || amination:80:xmet:0000661 || cysteination:70:xmet:1300010 || isomerization:67:xmet:0002003 || lactamization:67:xmet:0000633	margin=1.8; needs review	too generic
amd	Nucleophilic Substitution	nucleophilic substitution	423	rejected	adjudicated:compositional_only	fuzzy_mid	xmet:0004015	nucleophilic aromatic substitution	chemical transformation		nucleophilic aromatic substitution:85:xmet:0004015 || gsh nucleophilic aromatic/aliphatic substitution:68:xmet:0001033 || ipso substitution:67:xmet:0004004 || substitution:65:xmet:7200004 || alcoholic sulfation:59:xmet:0001013	margin=16.3; needs review	process facet; not primary reaction-type identity
amd	Condensation	condensation	293	rejected	adjudicated:out_of_scope	unmatched					n-denitrosation:74:xmet:0000681 || denitrosation:72:xmet:0000681 || o-desulfation:72:xmet:0000701 || conjugation:70:xmet:0000024 || cyanidation:70:xmet:0000600	best below mid threshold	too vague / non-specific
amd	Dimerization	dimerization	244	rejected	adjudicated:out_of_scope	fuzzy_mid	xmet:0002003	isomerization	chemical transformation		isomerization:88:xmet:0002003 || dearomatization:74:xmet:0004001 || desulfurization:74:xmet:0000690 || tautomerization:74:xmet:0002000 || deamination:70:xmet:1100013	margin=13.9; needs review	often non-xenobiotic / aggregation label
amd	Deamidation	deamidation	244	rejected	adjudicated:no_match	fuzzy_mid	xmet:1100013	deamination	chemical transformation		deamination:91:xmet:1100013 || decyanidation:83:xmet:0000601 || amination:80:xmet:0000661 || dearomatization:77:xmet:0004001 || cyanidation:73:xmet:0000600	margin=7.6; needs review	≠ deamination; facet gap
amd	Inversion	inversion	232	rejected	adjudicated:out_of_scope	unmatched					co insertion:67:xmet:0000731 || nitrosation:60:xmet:0000680 || n-denitrosation:58:xmet:0000681 || amination:56:xmet:0000661 || denitrosation:55:xmet:0000681	best below mid threshold	too vague
amd	Amidation	amidation	195	rejected	adjudicated:no_match	fuzzy_mid	xmet:0000661	amination	chemical transformation		amination:89:xmet:0000661 || cyanidation:80:xmet:0000600 || deamination:80:xmet:1100013 || oxidation:78:xmet:0000020 || aromatization:73:xmet:0000315	margin=8.9; needs review	fuzzy wrongly→deamination
amd	Chain Elongation	chain elongation	185	unmatched	unmatched	unmatched					halogenation:71:xmet:0000660 || coa conjugation:71:xmet:0001061 || thionation:69:xmet:0000691 || amino acid conjugation:68:xmet:0001050 || conjugation:67:xmet:0000024	best below mid threshold	
amd	Quaternization	quaternization	156	rejected	adjudicated:no_match	unmatched					tautomerization:76:xmet:0002000 || lactonization:74:xmet:0000632 || aromatization:67:xmet:0000315 || isomerization:67:xmet:0002003 || lactamization:67:xmet:0000633	best below mid threshold	facet gap
amd	Dehydrohalogenation	dehydrohalogenation	115	rejected	adjudicated:no_match	fuzzy_mid	xmet:0000012	dehydrogenation	chemical transformation		dehydrogenation:88:xmet:0000012 || dehalogenation:85:xmet:1100014 || hydrogenation:81:xmet:0000500 || hydrogenation delta:79:xmet:7700003 || halogenation:77:xmet:0000660	margin=3.4; needs review	≠ dehydrogenation; facet gap
amd	Aromatic Methoxylation	aromatic methoxylation	104	rejected	adjudicated:no_match	fuzzy_mid	xmet:0000650	dehydroxylation	chemical transformation		aromatic dehydroxylation:87:xmet:0000650 || aromatic hydroxylation:86:xmet:0000101 || aromatic epoxidation:81:xmet:1200100 || aromatic hydroxylation class:76:xmet:1200200 || aromatic o-dealkylation:76:xmet:0000212	margin=0.6; needs review	not aromatic hydroxylation
amd	Thiolation	thiolation	93	rejected	adjudicated:no_match	fuzzy_mid	xmet:0000691	sulfuration	chemical transformation		thionation:90:xmet:0000691 || methylation:76:xmet:0001040 || glutathionylation:74:xmet:0001030 || glutathionation:72:xmet:0001030 || demethylation:70:xmet:0000205	margin=13.8; needs review	facet gap
amd	C-Methoxylation	c-methoxylation	79	rejected	adjudicated:no_match	fuzzy_mid	xmet:0001042	N-methylation	metabolism phase		n-methylation:86:xmet:0001042 || o-methylation:86:xmet:0001041 || s-methylation:86:xmet:0001043 || methylation:85:xmet:0001040 || se-methylation:83:xmet:0000710	margin=0.0; needs review	fuzzy_mid wrong
amd	Peroxidation	peroxidation	78	uncertain	fuzzy_mid	fuzzy_mid	xmet:0000110	epoxidation	chemical transformation		epoxidation:87:xmet:0000110 || oxidation:86:xmet:0000020 || net oxidation:80:xmet:7000001 || n-oxidation:78:xmet:1200102 || s-oxidation:78:xmet:1200103	margin=1.2; needs review	
amd	S-Deacylation	s-deacylation	78	uncertain	fuzzy_mid	fuzzy_mid	xmet:0002005	deacylation	metabolism phase		deacylation:92:xmet:0002005 || s-dealkylation:89:xmet:0000203 || deacetylation:85:xmet:0001023 || n-dearylation:85:xmet:0000720 || o-dearylation:85:xmet:0000720	margin=2.8; needs review	
amd	Methiolation	methiolation	77	uncertain	fuzzy_mid	fuzzy_mid	xmet:0001040	methylation	metabolism phase		methylation:87:xmet:0001040 || thionation:82:xmet:0000691 || demethylation:80:xmet:0000205 || n-methylation:80:xmet:0001042 || o-methylation:80:xmet:0001041	margin=5.1; needs review	
amd	Denitration	denitration	69	uncertain	fuzzy_mid	fuzzy_mid	xmet:0000681	denitrosation	chemical transformation		denitrosation:92:xmet:0000681 || denitrogenation:85:xmet:0002006 || n-denitrosation:85:xmet:0000681 || nitrosation:82:xmet:0000680 || desaturation:78:xmet:0000012	margin=7.1; needs review	
amd	Polyglutamation	polyglutamation	61	rejected	adjudicated:no_match	unmatched					glutathionation:67:xmet:0001030 || o-alkylation:67:xmet:0000612 || lactamization:64:xmet:0000633 || alkylation:64:xmet:0000610 || epoxide glutathionation:63:xmet:0001032	best below mid threshold	specialty conjugation; coverage decision
amd	C-Deacylation	c-deacylation	57	uncertain	fuzzy_mid	fuzzy_mid	xmet:0002005	deacylation	metabolism phase		deacylation:92:xmet:0002005 || c-dealkylation:89:xmet:0000204 || deacetylation:85:xmet:0001023 || n-dearylation:85:xmet:0000720 || o-dearylation:85:xmet:0000720	margin=2.8; needs review	
amd	N-Conjugation	n-conjugation	55	uncertain	fuzzy_mid	fuzzy_mid	xmet:0000024	conjugation	chemical transformation		conjugation:92:xmet:0000024 || deconjugation:85:xmet:0000732 || sulfo-conjugation:80:xmet:0001010 || coa conjugation:79:xmet:0001061 || gsh conjugation:79:xmet:0001030	margin=7.1; needs review	
amd	Decomplexation	decomplexation	55	rejected	adjudicated:out_of_scope	unmatched					deformylation:74:xmet:0000671 || deacylation:72:xmet:0002005 || detoxication:69:xmet:0003001 || decarbonylation:69:xmet:0002007 || decarboxylation:69:xmet:0000620	best below mid threshold	
amd	Methoxylation	methoxylation	48	uncertain	fuzzy_mid	fuzzy_mid	xmet:0001040	methylation	metabolism phase		methylation:92:xmet:0001040 || demethylation:85:xmet:0000205 || n-methylation:85:xmet:0001042 || o-methylation:85:xmet:0001041 || s-methylation:85:xmet:0001043	margin=7.1; needs review	
amd	Oxygenation	oxygenation	45	uncertain	fuzzy_mid	fuzzy_mid	xmet:1700101	dioxygenation	structural delta		dioxygenation:92:xmet:1700101 || monooxygenation:85:xmet:1700100 || halogenation:78:xmet:0000660 || stable oxygenation:76:xmet:0000010 || hydrogenation:75:xmet:0000500	margin=7.1; needs review	
amd	C-Methylation	c-methylation	39	uncertain	fuzzy_mid	fuzzy_mid	xmet:0001042	N-methylation	metabolism phase		n-methylation:92:xmet:0001042 || o-methylation:92:xmet:0001041 || s-methylation:92:xmet:0001043 || methylation:92:xmet:0001040 || se-methylation:89:xmet:0000710	margin=0.0; needs review	
amd	P-Oxidation	p-oxidation	39	uncertain	fuzzy_mid	fuzzy_mid	xmet:0000110	epoxidation	chemical transformation		epoxidation:91:xmet:0000110 || n-oxidation:91:xmet:1200102 || s-oxidation:91:xmet:1200103 || oxidation:90:xmet:0000020 || net oxidation:75:xmet:7000001	margin=0.0; needs review	
amd	Aromatic Sulfuration	aromatic sulfuration	37	rejected	adjudicated:no_match	unmatched					aromatization:73:xmet:0000315 || alcoholic sulfation:72:xmet:0001013 || aromatic hydroxylation:71:xmet:0000101 || sulfuration:71:xmet:0000691 || aromatic epoxidation:70:xmet:1200100	best below mid threshold	
amd	C-Deamination	c-deamination	36	uncertain	fuzzy_mid	fuzzy_mid	xmet:1100013	deamination	chemical transformation		deamination:92:xmet:1100013 || amination:82:xmet:0000661 || c-dealkylation:74:xmet:0000204 || cysteination:72:xmet:1300010 || dearomatization:71:xmet:0004001	margin=9.8; needs review	
amd	Transconjugation	transconjugation	35	uncertain	fuzzy_mid	fuzzy_mid	xmet:0000024	conjugation	chemical transformation		conjugation:81:xmet:0000024 || coa conjugation:77:xmet:0001061 || deconjugation:76:xmet:0000732 || transacylation:73:xmet:0004018 || transformation:73:xmet:1100000	margin=4.1; needs review	
amd	S-Dearylation	s-dearylation	35	uncertain	fuzzy_mid	fuzzy_mid	xmet:0000720	dearylation	chemical transformation		n-dearylation:92:xmet:0000720 || o-dearylation:92:xmet:0000720 || dearylation:92:xmet:0000720 || s-dealkylation:89:xmet:0000203 || deacylation:83:xmet:0002005	margin=0.0; needs review	
amd	N-Debenzylation	n-debenzylation	30	uncertain	fuzzy_mid	fuzzy_mid	xmet:0000206	N-deethylation	chemical transformation		n-deethylation:83:xmet:0000206 || n-demethylation:80:xmet:0000205 || n-dearylation:79:xmet:0000720 || n-dealkylation:76:xmet:0000201 || o-deethylation:76:xmet:0000211	margin=2.8; needs review	
amd	Enantiomerization	enantiomerization	29	uncertain	fuzzy_mid	fuzzy_mid	xmet:0002000	tautomerization	chemical transformation		tautomerization:81:xmet:0002000 || isomerization:80:xmet:0002003 || keto-enol tautomerization:71:xmet:0002001 || imine-enamine tautomerization:70:xmet:0002002 || dearomatization:69:xmet:0004001	margin=1.2; needs review	
amd	Transglucuronidation	transglucuronidation	29	uncertain	fuzzy_mid	fuzzy_mid	xmet:0001005	N-glucuronidation	metabolism phase		n-glucuronidation:86:xmet:0001005 || s-glucuronidation:86:xmet:0001007 || glucuronidation:86:xmet:0001000 || n+-glucuronidation:84:xmet:0001006 || n-deglucuronidation:82:xmet:0000700	margin=0.0; needs review	
amd	N-Deamination	n-deamination	29	uncertain	fuzzy_mid	fuzzy_mid	xmet:1100013	deamination	chemical transformation		deamination:92:xmet:1100013 || amination:82:xmet:0000661 || n-dearylation:77:xmet:0000720 || n-dealkylation:74:xmet:0000201 || dearomatization:71:xmet:0004001	margin=9.8; needs review	
amd	Nitration	nitration	29	rejected	adjudicated:no_match	fuzzy_mid	xmet:0000680	N-nitrosation	chemical transformation		nitrosation:90:xmet:0000680 || denitrosation:82:xmet:0000681 || n-nitrosation:82:xmet:0000680 || denitrogenation:75:xmet:0002006 || n-denitrosation:75:xmet:0000681	margin=8.2; needs review	facet gap / coverage decision
amd	P-Desulfuration	p-desulfuration	28	rejected	adjudicated:no_match	fuzzy_high	xmet:0000690	desulfuration	chemical transformation		desulfuration:93:xmet:0000690 || desulfurization:87:xmet:0000690 || o-desulfation:86:xmet:0000701 || desulfation:85:xmet:0000701 || sulfuration:85:xmet:0000691	margin=6.2	
amd	C-Dearylation	c-dearylation	26	uncertain	fuzzy_mid	fuzzy_mid	xmet:0000720	dearylation	chemical transformation		n-dearylation:92:xmet:0000720 || o-dearylation:92:xmet:0000720 || dearylation:92:xmet:0000720 || c-dealkylation:89:xmet:0000204 || c-decarboxylation:87:xmet:0000620	margin=0.0; needs review	
amd	Transglycosylation	transglycosylation	25	uncertain	fuzzy_mid	fuzzy_mid	xmet:0001060	glycosylation	metabolism phase		glycosylation:84:xmet:0001060 || transacylation:81:xmet:0004018 || n-glycosidation:73:xmet:0001060 || glycosidation:71:xmet:0001060 || transformation:69:xmet:1100000	margin=2.6; needs review	
amd	Aromatic Cysteination	aromatic cysteination	25	unmatched	unmatched	unmatched					aromatic epoxidation:78:xmet:1200100 || cysteination:73:xmet:1300010 || aromatic site:71:xmet:1600013 || aromatization:71:xmet:0000315 || aromatic hydroxylation:70:xmet:0000101	best below mid threshold	
amd	C-Amination	c-amination	25	uncertain	fuzzy_mid	fuzzy_mid	xmet:0000661	amination	chemical transformation		amination:90:xmet:0000661 || deamination:82:xmet:1100013 || lactamization:75:xmet:0000633 || cyanidation:73:xmet:0000600 || c-alkylation:70:xmet:0000614	margin=8.2; needs review	
amd	Thioesterification	thioesterification	24	uncertain	fuzzy_mid	fuzzy_mid	xmet:0000630	esterification	chemical transformation		esterification:88:xmet:0000630 || deesterification:82:xmet:0000401 || transesterification:81:xmet:0000631 || de-esterification:80:xmet:0000401 || c-de-esterification:76:xmet:0000401	margin=5.1; needs review	
amd	Ring Enlargement	ring enlargement	24	unmatched	unmatched	unmatched					rearrangement:62:xmet:0002004 || ring formed:59:xmet:7600003 || ring opened:59:xmet:7600002 || denitrogenation:58:xmet:0002006 || amine leaving fragment:58:xmet:2200022	best below mid threshold	
amd	Diastereomeric Resolution	diastereomeric resolution	24	unmatched	unmatched	unmatched					nitroaromatic reduction:62:xmet:0000513 || nitrogen reduction:60:xmet:0000510 || nitro reduction:60:xmet:0000511 || aromatic hydroxylation:60:xmet:0000101 || isomerization:58:xmet:0002003	best below mid threshold	
amd	Glutamination	glutamination	23	uncertain	fuzzy_mid	fuzzy_mid	xmet:0001030	glutathionation	metabolism phase		glutathionation:86:xmet:0001030 || amination:82:xmet:0000661 || deglutathionation:80:xmet:0000703 || glutathionylation:80:xmet:0001030 || lactamization:77:xmet:0000633	margin=3.9; needs review	
amd	Reductive Desulfuration	reductive desulfuration	23	uncertain	fuzzy_mid	fuzzy_mid	xmet:0000541	reductive defluorination	chemical transformation		reductive defluorination:85:xmet:0000541 || oxidative desulfuration:83:xmet:0000690 || reductive dechlorination:81:xmet:0000542 || reductive dehalogenation:77:xmet:0000540 || desulfuration:72:xmet:0000690	margin=2.5; needs review	
amd	Heterolysis	heterolysis	22	unmatched	unmatched	unmatched					hydrolysis:76:xmet:0000013 || ester hydrolysis:74:xmet:0000401 || ether hydrolysis:74:xmet:0000408 || heteroaryl site:69:xmet:1600109 || epoxide hydrolysis:62:xmet:0000400	best below mid threshold	
amd	Transmethylation	transmethylation	22	uncertain	fuzzy_mid	fuzzy_mid	xmet:0001042	N-methylation	metabolism phase		n-methylation:83:xmet:0001042 || s-methylation:83:xmet:0001043 || methylation:81:xmet:0001040 || se-methylation:80:xmet:0000710 || transacylation:80:xmet:0004018	margin=0.0; needs review	
amd	Transcomplexation	transcomplexation	22	unmatched	unmatched	unmatched					transacylation:77:xmet:0004018 || transformation:77:xmet:1100000 || tautomerization:62:xmet:0002000 || acylation:62:xmet:0001020 || oxygenation outcome:61:xmet:7400000	best below mid threshold	
amd	Transamination	transamination	21	unmatched	unmatched	unmatched					transacylation:79:xmet:0004018 || transformation:79:xmet:1100000 || amination:78:xmet:0000661 || deamination:72:xmet:1100013 || annulation:67:xmet:0000640	best below mid threshold	
amd	Deselenation	deselenation	21	unmatched	unmatched	unmatched					desulfation:78:xmet:0000701 || decysteination:77:xmet:0000704 || dehalogenation:77:xmet:1100014 || deacetylation:72:xmet:0001023 || demethylation:72:xmet:0000205	best below mid threshold	
amd	Oxidative Cleavage	oxidative cleavage	20	unmatched	unmatched	unmatched					nitrile cleavage:76:xmet:0000601 || n-dealkylative cleavage:73:xmet:0000201 || conjugate cleavage:72:xmet:0000732 || ether cleavage:69:xmet:0000407 || carbon-heteroatom oxidative cleavage:67:xmet:0000023	best below mid threshold	
amd	C-Deglycosidation	c-deglycosidation	20	uncertain	fuzzy_mid	fuzzy_mid	xmet:0000702	deglycosidation	chemical transformation		n-deglycosidation:94:xmet:0000702 || o-deglycosidation:94:xmet:0000702 || deglycosidation:94:xmet:0000702 || deglucosidation:88:xmet:0000702 || n-glycosidation:88:xmet:0001060	margin=0.0; needs review	
amd	Carbamoylation	carbamoylation	20	uncertain	fuzzy_mid	fuzzy_mid	xmet:0000731	carbonylation	chemical transformation		carbonylation:89:xmet:0000731 || carboxylation:89:xmet:0000621 || c-carboxylation:83:xmet:0000621 || decarbonylation:83:xmet:0002007 || decarboxylation:83:xmet:0000620	margin=0.0; needs review	
amd	Transphosphorylation	transphosphorylation	19	uncertain	fuzzy_mid	fuzzy_mid	xmet:1300012	phosphorylation	phase II conjugation family		phosphorylation:86:xmet:1300012 || dephosphorylation:81:xmet:0000410 || phosphorylation conjugation:72:xmet:1300114 || transacylation:71:xmet:0004018 || transformation:71:xmet:1100000	margin=4.6; needs review	
amd	Aromatic Methiolation	aromatic methiolation	18	uncertain	fuzzy_mid	fuzzy_mid	xmet:0000650	dehydroxylation	chemical transformation		aromatic dehydroxylation:80:xmet:0000650 || aromatic hydroxylation:79:xmet:0000101 || aromatic epoxidation:78:xmet:1200100 || aromatic o-dealkylation:73:xmet:0000212 || aromatization:71:xmet:0000315	margin=0.9; needs review	
amd	Azo Coupling	azo coupling	17	unmatched	unmatched	unmatched					azo splitting:72:xmet:0000412 || aryl leaving group:60:xmet:2200033 || azo cleavage:58:xmet:0000412 || allyl leaving group:58:xmet:2200015 || benzyl leaving group:56:xmet:2200014	best below mid threshold	
amd	N-Decarbamoylation	n-decarbamoylation	16	uncertain	fuzzy_mid	fuzzy_mid	xmet:0000620	decarboxylation	chemical transformation		n-decarboxylation:91:xmet:0000620 || c-decarboxylation:86:xmet:0000620 || decarbonylation:85:xmet:0002007 || decarboxylation:85:xmet:0000620 || n-carboxylation:85:xmet:0000621	margin=5.7; needs review	
amd	Lysination	lysination	16	uncertain	fuzzy_mid	fuzzy_mid	xmet:1300010	cysteine conjugation	phase II conjugation family		cysteination:82:xmet:1300010 || glycosidation:78:xmet:0001060 || decysteination:75:xmet:0000704 || s-cysteination:75:xmet:1300010 || amination:74:xmet:0000661	margin=3.6; needs review	
amd	Oxidative Decarboxylation	oxidative decarboxylation	15	uncertain	fuzzy_mid	fuzzy_mid	xmet:0000200	dealkylation	chemical transformation		oxidative dealkylation:85:xmet:0000200 || oxidative n-dealkylation:82:xmet:0000201 || oxidative o-dealkylation:82:xmet:0000202 || oxidative debromination:79:xmet:0000216 || oxidative deamination:78:xmet:0000208	margin=3.5; needs review	
amd	Aromatic Sulfonation	aromatic sulfonation	15	unmatched	unmatched	unmatched					aromatic epoxidation:75:xmet:1200100 || aromatization:73:xmet:0000315 || alcoholic sulfation:72:xmet:0001013 || aromatic hydroxylation:71:xmet:0000101 || sulfonation:71:xmet:0001010	best below mid threshold	
amd	Decarbamoylation	decarbamoylation	14	uncertain	fuzzy_mid	fuzzy_mid	xmet:0002007	decarbonylation	metabolism phase		decarbonylation:90:xmet:0002007 || decarboxylation:90:xmet:0000620 || c-decarboxylation:85:xmet:0000620 || n-decarboxylation:85:xmet:0000620 || carbonylation:83:xmet:0000731	margin=0.0; needs review	
amd	Complexation	complexation	14	unmatched	unmatched	unmatched					formylation:70:xmet:0000670 || acylation:67:xmet:0001020 || oxidation:67:xmet:0000020 || oxygenation outcome:65:xmet:7400000 || carbonylation:64:xmet:0000731	best below mid threshold	
amd	Thioalkylation	thioalkylation	13	uncertain	fuzzy_mid	fuzzy_mid	xmet:0000612	O-alkylation	chemical transformation		o-alkylation:85:xmet:0000612 || alkylation:83:xmet:0000610 || o-dealkylation:79:xmet:0000202 || c-alkylation:77:xmet:0000614 || dealkylation:77:xmet:0000200	margin=1.3; needs review	
amd	N-Demethoxylation	n-demethoxylation	12	uncertain	fuzzy_mid	fuzzy_mid	xmet:0000205	N-demethylation	chemical transformation		n-demethylation:94:xmet:0000205 || n-deethylation:90:xmet:0000206 || o-demethylation:88:xmet:0000209 || s-demethylation:88:xmet:0000217 || demethylation:87:xmet:0000205	margin=3.4; needs review	
amd	Transhalogenation	transhalogenation	11	uncertain	fuzzy_mid	fuzzy_mid	xmet:0000660	halogenation	chemical transformation		halogenation:83:xmet:0000660 || dehalogenation:77:xmet:1100014 || transacylation:77:xmet:0004018 || transformation:71:xmet:1100000 || denitrogenation:69:xmet:0002006	margin=5.3; needs review	
amd	N-Deglucosidation	n-deglucosidation	10	uncertain	fuzzy_mid	fuzzy_mid	xmet:0000702	deglycosidation	chemical transformation		n-deglycosidation:94:xmet:0000702 || deglucosidation:94:xmet:0000702 || n-glucosidation:94:xmet:0001060 || n-deglucuronidation:89:xmet:0000700 || o-deglycosidation:88:xmet:0000702	margin=0.4; needs review	
amd	Aromatic Deamination	aromatic deamination	9	uncertain	fuzzy_mid	fuzzy_mid	xmet:1200100	aromatic epoxidation	phase I reaction family		aromatic epoxidation:80:xmet:1200100 || aromatic o-dealkylation:79:xmet:0000212 || aromatic dehydroxylation:73:xmet:0000650 || aromatization:73:xmet:0000315 || aromatic hydroxylation:71:xmet:0000101	margin=0.9; needs review	
amd	Aliphatic Deamination	aliphatic deamination	9	uncertain	fuzzy_mid	fuzzy_mid	xmet:1200101	aliphatic epoxidation	phase I reaction family		aliphatic epoxidation:81:xmet:1200101 || aliphatic o-dealkylation:80:xmet:0000213 || aliphatic hydroxylation:73:xmet:0000102 || deamination:69:xmet:1100013 || aliphatic site:69:xmet:7800002	margin=1.0; needs review	
amd	Allylic Oxidation	allylic oxidation	8	unmatched	unmatched	unmatched					allylic hydroxylation:79:xmet:0000107 || alcohol oxidation:76:xmet:0000310 || aldehyde oxidation:74:xmet:0000313 || aliphatic epoxidation:74:xmet:1200101 || glycosidation:73:xmet:0001060	best below mid threshold	
amd	Aliphatic Peroxidation	aliphatic peroxidation	8	rejected	adjudicated:no_match	fuzzy_high	xmet:1200101	aliphatic epoxidation	phase I reaction family		aliphatic epoxidation:93:xmet:1200101 || aliphatic hydroxylation:80:xmet:0000102 || aliphatic o-glucuronidation:78:xmet:0001003 || aromatic epoxidation:76:xmet:1200100 || aliphatic o-dealkylation:74:xmet:0000213	margin=13.0	not aliphatic epoxidation
amd	C-Deformylation	c-deformylation	8	uncertain	fuzzy_mid	fuzzy_mid	xmet:0000671	deformylation	chemical transformation		n-deformylation:93:xmet:0000671 || deformylation:93:xmet:0000671 || n-formylation:86:xmet:0000670 || formylation:85:xmet:0000670 || n-dearylation:79:xmet:0000720	margin=0.5; needs review	
amd	O-Deglucosidation	o-deglucosidation	8	uncertain	fuzzy_mid	fuzzy_mid	xmet:0000702	deglycosidation	chemical transformation		o-deglycosidation:94:xmet:0000702 || deglucosidation:94:xmet:0000702 || o-glucosidation:94:xmet:0001060 || o-deglucuronidation:89:xmet:0000700 || n-deglycosidation:88:xmet:0000702	margin=0.4; needs review	
amd	Oxidative Deboronation	oxidative deboronation	8	rejected	adjudicated:no_match	fuzzy_high	xmet:0000216	oxidative debromination	chemical transformation		oxidative debromination:93:xmet:0000216 || oxidative dechlorination:87:xmet:0000215 || oxidative defluorination:87:xmet:0000214 || oxidative deamination:84:xmet:0000208 || oxidative dehalogenation:83:xmet:0000210	margin=6.4	not debromination; B vs Br
amd	Protonation	protonation	7	unmatched	unmatched	unmatched					thionation:76:xmet:0000691 || aromatization:67:xmet:0000315 || carbonylation:67:xmet:0000731 || hydrogenation:67:xmet:0000500 || lactonization:67:xmet:0000632	best below mid threshold	
amd	Lactosidation	lactosidation	6	uncertain	fuzzy_mid	fuzzy_mid	xmet:0001060	glycosylation	metabolism phase		glucosidation:85:xmet:0001060 || glycosidation:85:xmet:0001060 || lactonization:85:xmet:0000632 || deglucosidation:79:xmet:0000702 || deglycosidation:79:xmet:0000702	margin=0.0; needs review	
amd	S-Hydroxylation	s-hydroxylation	6	uncertain	fuzzy_mid	fuzzy_mid	xmet:0000108	ω-hydroxylation	chemical transformation		-hydroxylation:97:xmet:0000108 || c-hydroxylation:93:xmet:0000100 || n-hydroxylation:93:xmet:0000122 || hydroxylation:93:xmet:0000100 || -1 hydroxylation:90:xmet:0000109	margin=3.2; needs review	
amd	Aromatic Thiolation	aromatic thiolation	6	uncertain	fuzzy_mid	fuzzy_mid	xmet:0000101	aromatic hydroxylation	chemical transformation		aromatic hydroxylation:83:xmet:0000101 || aromatic dehydroxylation:79:xmet:0000650 || aromatic epoxidation:77:xmet:1200100 || aromatic o-dealkylation:76:xmet:0000212 || aromatization:75:xmet:0000315	margin=3.9; needs review	
amd	Transalkylation	transalkylation	6	uncertain	fuzzy_mid	fuzzy_mid	xmet:0004018	transacylation	chemical transformation		transacylation:90:xmet:0004018 || n-alkylation:81:xmet:0000611 || s-alkylation:81:xmet:0000613 || alkylation:80:xmet:0000610 || n-dealkylation:76:xmet:0000201	margin=8.2; needs review	
amd	Reductive Amination	reductive amination	6	unmatched	unmatched	unmatched					reductive dechlorination:79:xmet:0000542 || reductive defluorination:79:xmet:0000541 || reductive dehalogenation:79:xmet:0000540 || oxidative deamination:75:xmet:0000208 || reductive dehalogenation class:69:xmet:1200111	best below mid threshold	
amd	Deboronation	deboronation	6	unmatched	unmatched	unmatched					decarbonylation:74:xmet:0002007 || dehydrogenation:74:xmet:0000012 || denitrogenation:74:xmet:0002006 || deconjugation:72:xmet:0000732 || deformylation:72:xmet:0000671	best below mid threshold	
amd	S-Conjugation	s-conjugation	5	uncertain	fuzzy_mid	fuzzy_mid	xmet:0000024	conjugation	chemical transformation		conjugation:92:xmet:0000024 || sulfo-conjugation:87:xmet:0001010 || deconjugation:85:xmet:0000732 || coa conjugation:79:xmet:0001061 || gsh conjugation:79:xmet:0001030	margin=5.0; needs review	
amd	C-Acylation	c-acylation	5	uncertain	fuzzy_mid	fuzzy_mid	xmet:0001020	acetylation	metabolism phase		acylation:90:xmet:0001020 || c-alkylation:87:xmet:0000614 || n-acetylation:83:xmet:0001021 || o-acetylation:83:xmet:0001022 || acetylation:82:xmet:0001020	margin=3.0; needs review	
amd	C-Imination	c-imination	5	uncertain	fuzzy_mid	fuzzy_mid	xmet:0000661	amination	chemical transformation		amination:80:xmet:0000661 || deamination:73:xmet:1100013 || cysteination:70:xmet:1300010 || isomerization:67:xmet:0002003 || lactamization:67:xmet:0000633	margin=7.3; needs review	
amd	Oxidative S-Dealkylation	oxidative s-dealkylation	5	uncertain	fuzzy_mid	fuzzy_mid	xmet:0000217	S-demethylation	chemical transformation		oxidative s-demethylation:86:xmet:0000217 || aromatic o-dealkylation:77:xmet:0000212 || aliphatic o-dealkylation:75:xmet:0000213 || o-dealkylation:74:xmet:0000202 || s-dealkylation:74:xmet:0000203	margin=9.1; needs review	
amd	S-Sulfation	s-sulfation	5	uncertain	fuzzy_mid	fuzzy_mid	xmet:0001014	N-sulfation	metabolism phase		n-sulfation:91:xmet:0001014 || o-sulfation:91:xmet:0001011 || sulfation:90:xmet:0001010 || o-desulfation:83:xmet:0000701 || desulfation:82:xmet:0000701	margin=0.0; needs review	
amd	S-Deamination	s-deamination	5	uncertain	fuzzy_mid	fuzzy_mid	xmet:1100013	deamination	chemical transformation		deamination:92:xmet:1100013 || amination:82:xmet:0000661 || s-cysteination:74:xmet:1300010 || s-dealkylation:74:xmet:0000203 || cysteination:72:xmet:1300010	margin=9.8; needs review	
amd	Chelation	chelation	4	uncertain	fuzzy_mid	fuzzy_mid	xmet:0001020	acetylation	metabolism phase		acetylation:80:xmet:0001020 || acylation:78:xmet:0001020 || deacetylation:73:xmet:0001023 || n-acetylation:73:xmet:0001021 || o-acetylation:73:xmet:0001022	margin=2.2; needs review	
amd	Nitrosylation	nitrosylation	3	uncertain	fuzzy_mid	fuzzy_mid	xmet:0000680	N-nitrosation	chemical transformation		nitrosation:92:xmet:0000680 || denitrosation:85:xmet:0000681 || n-nitrosation:85:xmet:0000680 || n-denitrosation:79:xmet:0000681 || transacylation:74:xmet:0004018	margin=7.1; needs review	
amd	S-Amidation	s-amidation	3	uncertain	fuzzy_mid	fuzzy_mid	xmet:1200103	S-oxidation	phase I reaction family		s-oxidation:82:xmet:1200103 || amination:80:xmet:0000661 || cyanidation:73:xmet:0000600 || deamination:73:xmet:1100013 || n-oxidation:73:xmet:1200102	margin=1.8; needs review	
amd	O-Galacturonidation	o-galacturonidation	3	uncertain	fuzzy_mid	fuzzy_mid	xmet:0001001	O-glucuronidation	metabolism phase		o-glucuronidation:89:xmet:0001001 || o-deglucuronidation:84:xmet:0000700 || c-glucuronidation:83:xmet:0001008 || n-glucuronidation:83:xmet:0001005 || s-glucuronidation:83:xmet:0001007	margin=4.7; needs review	
amd	N-Acetoxylation	n-acetoxylation	3	rejected	adjudicated:no_match	fuzzy_high	xmet:0001021	N-acetylation	metabolism phase		n-acetylation:93:xmet:0001021 || o-acetylation:86:xmet:0001022 || acetylation:85:xmet:0001020 || n-carboxylation:80:xmet:0000621 || deacetylation:79:xmet:0001023	margin=7.1	not N-acetylation
amd	Acetylglutathionation	acetylglutathionation	3	uncertain	fuzzy_mid	fuzzy_mid	xmet:0000703	deglutathionation	chemical transformation		deglutathionation:84:xmet:0000703 || glutathionation:83:xmet:0001030 || glutathionylation:79:xmet:0001030 || aziridine glutathionation:74:xmet:0001035 || epoxide glutathionation:73:xmet:0001032	margin=0.9; needs review	
amd	Transglucosylation	transglucosylation	3	uncertain	fuzzy_mid	fuzzy_mid	xmet:0004018	transacylation	chemical transformation		transacylation:81:xmet:0004018 || glycosylation:77:xmet:0001060 || glucuronosylation:74:xmet:0001000 || n-glucosidation:73:xmet:0001060 || glucosidation:71:xmet:0001060	margin=3.8; needs review	
amd	Transmetallation	transmetallation	3	uncertain	fuzzy_mid	fuzzy_mid	xmet:0004018	transacylation	chemical transformation		transacylation:80:xmet:0004018 || transformation:73:xmet:1100000 || n-methylation:69:xmet:0001042 || s-methylation:69:xmet:0001043 || transesterification:69:xmet:0000631	margin=6.7; needs review	
amd	Transsulfuration	transsulfuration	3	uncertain	fuzzy_mid	fuzzy_mid	xmet:0000691	sulfuration	chemical transformation		sulfuration:81:xmet:0000691 || transformation:80:xmet:1100000 || desulfuration:76:xmet:0000690 || n-sulfation:74:xmet:0001014 || transacylation:73:xmet:0004018	margin=1.5; needs review	
amd	O-Debenzylation	o-debenzylation	3	uncertain	fuzzy_mid	fuzzy_mid	xmet:0000211	O-deethylation	chemical transformation		o-deethylation:83:xmet:0000211 || o-demethylation:80:xmet:0000209 || o-dearylation:79:xmet:0000720 || n-deethylation:76:xmet:0000206 || o-dealkylation:76:xmet:0000202	margin=2.8; needs review	
amd	Glucopyranosidation	glucopyranosidation	2	uncertain	fuzzy_mid	fuzzy_mid	xmet:0001060	glycosylation	metabolism phase		glucosidation:81:xmet:0001060 || deglucosidation:76:xmet:0000702 || glucuronidation:76:xmet:0001000 || n-glucosidation:76:xmet:0001060 || o-glucosidation:76:xmet:0001060	margin=4.8; needs review	
amd	N-Methoxylation	n-methoxylation	2	rejected	adjudicated:no_match	fuzzy_high	xmet:0001042	N-methylation	metabolism phase		n-methylation:93:xmet:0001042 || n-demethylation:87:xmet:0000205 || o-methylation:86:xmet:0001041 || s-methylation:86:xmet:0001043 || methylation:85:xmet:0001040	margin=6.2	not N-methylation
amd	P-Dealkylation	p-dealkylation	2	uncertain	fuzzy_mid	fuzzy_mid	xmet:0000204	C-dealkylation	chemical transformation		c-dealkylation:93:xmet:0000204 || n-dealkylation:93:xmet:0000201 || o-dealkylation:93:xmet:0000202 || s-dealkylation:93:xmet:0000203 || dealkylation:92:xmet:0000200	margin=0.0; needs review	
amd	Cope Elimination	cope elimination	2	unmatched	unmatched	unmatched					deamination:67:xmet:1100013 || co insertion:64:xmet:0000731 || cysteination:64:xmet:1300010 || amination:64:xmet:0000661 || oxygenation outcome:63:xmet:7400000	best below mid threshold	
amd	Aromatic Sulfinylation	aromatic sulfinylation	2	unmatched	unmatched	unmatched					aromatic o-dealkylation:76:xmet:0000212 || aromatic hydroxylation:73:xmet:0000101 || aromatic epoxidation:71:xmet:1200100 || aromatic dehydroxylation:70:xmet:0000650 || aromatic site:69:xmet:1600013	best below mid threshold	
amd	Sulfinylation	sulfinylation	2	uncertain	fuzzy_mid	fuzzy_mid	xmet:0001010	sulfation	metabolism phase		sulfonation:83:xmet:0001010 || sulfation:82:xmet:0001010 || sulfoxidation:77:xmet:0000131 || desulfation:75:xmet:0000701 || n-sulfation:75:xmet:0001014	margin=1.5; needs review	
amd	N-Carbamoylation	n-carbamoylation	2	uncertain	fuzzy_mid	fuzzy_mid	xmet:0000621	carboxylation	chemical transformation		n-carboxylation:90:xmet:0000621 || n-decarboxylation:85:xmet:0000620 || c-carboxylation:84:xmet:0000621 || carbonylation:83:xmet:0000731 || carboxylation:83:xmet:0000621	margin=5.5; needs review	
amd	Electron Uptake	electron uptake	2	unmatched	unmatched	unmatched					electron poor arene:59:xmet:1600108 || electrophile role:56:xmet:7500000 || lactone metabolite:55:xmet:1500212 || carbon site:54:xmet:7100001 || electron rich arene:53:xmet:1600107	best below mid threshold	
amd	Transchelation	transchelation	2	uncertain	fuzzy_mid	fuzzy_mid	xmet:0004018	transacylation	chemical transformation		transacylation:86:xmet:0004018 || acetylation:72:xmet:0001020 || transformation:71:xmet:1100000 || acylation:70:xmet:0001020 || annulation:67:xmet:0000640	margin=13.7; needs review	
amd	Stereoisomerization	stereoisomerization	2	uncertain	fuzzy_mid	fuzzy_mid	xmet:0002003	isomerization	chemical transformation		isomerization:81:xmet:0002003 || tautomerization:71:xmet:0002000 || esterification:67:xmet:0000630 || dearomatization:65:xmet:0004001 || ester formation:65:xmet:0000630	margin=10.7; needs review	
amd	Aromatic Selenylation	aromatic selenylation	1	uncertain	fuzzy_mid	fuzzy_mid	xmet:0000212	aromatic O-dealkylation	chemical transformation		aromatic o-dealkylation:82:xmet:0000212 || aromatic dehydroxylation:76:xmet:0000650 || aromatic hydroxylation:74:xmet:0000101 || aromatic epoxidation:73:xmet:1200100 || aromatization:71:xmet:0000315	margin=6.3; needs review	
amd	Aromatic Amidation	aromatic amidation	1	unmatched	unmatched	unmatched					aromatic amine site:70:xmet:1600103 || oxidative deamination:67:xmet:0000208 || atom addition:65:xmet:7200001 || mercapturic acid formation:64:xmet:0001037 || metabolic activation:63:xmet:0003000	best below mid threshold	
amd	N-Cyanoalkylation	n-cyanoalkylation	1	uncertain	fuzzy_mid	fuzzy_mid	xmet:0000611	N-alkylation	chemical transformation		n-alkylation:83:xmet:0000611 || n-dealkylation:77:xmet:0000201 || c-alkylation:76:xmet:0000614 || o-alkylation:76:xmet:0000612 || s-alkylation:76:xmet:0000613	margin=5.3; needs review	
amd	Amide Hydroxylation	amide hydroxylation	1	uncertain	fuzzy_mid	fuzzy_mid	xmet:0000650	dehydroxylation	chemical transformation		dehydroxylation:88:xmet:0000650 || arene hydroxylation:84:xmet:0000101 || aromatic dehydroxylation:84:xmet:0000650 || n-dehydroxylation:83:xmet:0000650 || aromatic hydroxylation:83:xmet:0000101	margin=4.0; needs review	
amd	Thioacetylation	thioacetylation	1	uncertain	fuzzy_mid	fuzzy_mid	xmet:0001022	O-acetylation	metabolism phase		o-acetylation:86:xmet:0001022 || acetylation:85:xmet:0001020 || deacetylation:79:xmet:0001023 || n-acetylation:79:xmet:0001021 || acylation:75:xmet:0001020	margin=1.1; needs review	
amd	Transcarbamoylation	transcarbamoylation	1	unmatched	unmatched	unmatched					transacylation:79:xmet:0004018 || n-carboxylation:76:xmet:0000621 || carbonylation:75:xmet:0000731 || carboxylation:75:xmet:0000621 || transformation:73:xmet:1100000	best below mid threshold	
amd	Aliphatic Halogenation	aliphatic halogenation	1	unmatched	unmatched	unmatched					aliphatic hydroxylation:76:xmet:0000102 || aliphatic epoxidation:74:xmet:1200101 || aliphatic o-dealkylation:74:xmet:0000213 || aliphatic o-glucuronidation:73:xmet:0001003 || halogenation:71:xmet:0000660	best below mid threshold	
amd	Oligomerization	oligomerization	1	uncertain	fuzzy_mid	fuzzy_mid	xmet:0002003	isomerization	chemical transformation		isomerization:86:xmet:0002003 || tautomerization:73:xmet:0002000 || keto-enol tautomerization:65:xmet:0002001 || aromatization:64:xmet:0000315 || lactamization:64:xmet:0000633	margin=12.4; needs review	
amd	Transformylation	transformylation	1	rejected	adjudicated:no_match	fuzzy_high	xmet:1100000	chemical transformation	chemical transformation		transformation:93:xmet:1100000 || n-formylation:83:xmet:0000670 || formylation:81:xmet:0000670 || transacylation:80:xmet:0004018 || n-deformylation:77:xmet:0000671	margin=10.6	matched spine root; useless
amd	Transamidation	transamidation	1	unmatched	unmatched	unmatched					transacylation:79:xmet:0004018 || transformation:79:xmet:1100000 || cyanidation:72:xmet:0000600 || amination:70:xmet:0000661 || decyanidation:67:xmet:0000601	best below mid threshold	
amd	Dithiodecarboxylation	dithiodecarboxylation	1	uncertain	fuzzy_mid	fuzzy_mid	xmet:0000620	decarboxylation	chemical transformation		decarboxylation:83:xmet:0000620 || c-decarboxylation:79:xmet:0000620 || n-decarboxylation:79:xmet:0000620 || decarbonylation:78:xmet:0002007 || carboxylation:76:xmet:0000621	margin=4.4; needs review	
amd	Selenation	selenation	1	unmatched	unmatched	unmatched					sulfonation:76:xmet:0001010 || dehalogenation:75:xmet:1100014 || sulfation:74:xmet:0001010 || cysteination:73:xmet:1300010 || halogenation:73:xmet:0000660	best below mid threshold	
amd	S-Acylation	s-acylation	1	uncertain	fuzzy_mid	fuzzy_mid	xmet:0001020	acetylation	metabolism phase		acylation:90:xmet:0001020 || s-alkylation:87:xmet:0000613 || n-acetylation:83:xmet:0001021 || o-acetylation:83:xmet:0001022 || acetylation:82:xmet:0001020	margin=3.0; needs review	
amd	Alkoxylation	alkoxylation	1	uncertain	fuzzy_mid	fuzzy_mid	xmet:0000610	alkylation	chemical transformation		alkylation:91:xmet:0000610 || c-alkylation:83:xmet:0000614 || dealkylation:83:xmet:0000200 || n-alkylation:83:xmet:0000611 || o-alkylation:83:xmet:0000612	margin=7.6; needs review	
amd	Aliphatic Sulfuration	aliphatic sulfuration	1	unmatched	unmatched	unmatched					alpha to sulfur:78:xmet:1600142 || alcoholic sulfation:75:xmet:0001013 || aliphatic o-glucuronidation:75:xmet:0001003 || aliphatic hydroxylation:73:xmet:0000102 || phenolic sulfation:72:xmet:0001012	best below mid threshold	
amd	S-Denitrosylation	s-denitrosylation	1	uncertain	fuzzy_mid	fuzzy_mid	xmet:0000681	denitrosation	chemical transformation		n-denitrosation:88:xmet:0000681 || denitrosation:87:xmet:0000681 || n-nitrosation:80:xmet:0000680 || nitrosation:79:xmet:0000680 || denitrogenation:75:xmet:0002006	margin=0.8; needs review	
amd	Transselenation	transselenation	1	unmatched	unmatched	unmatched					transacylation:76:xmet:0004018 || transesterification:71:xmet:0000631 || transformation:69:xmet:1100000 || halogenation:67:xmet:0000660 || annulation:64:xmet:0000640	best below mid threshold	
amd	Trimerization	trimerization	1	uncertain	fuzzy_mid	fuzzy_mid	xmet:0002003	isomerization	chemical transformation		isomerization:85:xmet:0002003 || tautomerization:79:xmet:0002000 || rearomatization:71:xmet:0004002 || aromatization:69:xmet:0000315 || lactamization:69:xmet:0000633	margin=6.0; needs review	
